# Blender v2.78 (sub 0) OBJ File: ''
# www.blender.org
mtllib HouseBelnder.mtl
o Mesh17_Marc1_Model
v 284.622986 10.673687 81.967598
v 284.735992 10.643686 81.979797
v 284.406006 10.656286 81.944298
v 283.381012 10.168986 81.834198
v 285.656006 9.968297 82.078697
o Mesh13_Marc1_Model
v 285.516998 10.653887 82.063797
v 285.770996 10.608787 82.091103
v 284.959015 10.632887 82.003799
o Mesh15_Marc1_Model
v 295.179993 22.966387 83.102699
v 296.078003 23.674686 83.199310
o Mesh12_Marc1_Model
v 292.231995 20.223587 82.785797
v 293.075012 20.814686 82.876297
v 293.773010 21.181087 82.951401
o Mesh23_Model
v 492.000000 84.125053 -336.093994
v 492.000000 84.125069 -432.718994
v 492.000000 36.125053 -336.093994
v 492.000000 36.125069 -432.718994
o Mesh7_Marc1_Model
v 285.821991 17.914288 82.096603
v 286.326996 17.274387 82.150902
v 285.371002 18.432087 82.048103
v 284.903992 19.174686 81.997902
o Mesh10_Marc1_Model
v 285.489014 22.712286 82.060799
v 285.059998 22.438986 82.014702
v 286.148010 23.196886 82.131599
v 286.868011 23.970186 82.209106
o Mesh9_Marc1_Model
v 285.916992 19.591686 82.106796
v 286.282013 19.407988 82.146103
v 285.205994 19.822287 82.030296
v 284.664001 19.942787 81.972099
v 283.863007 20.116987 81.886002
v 282.971008 20.183786 81.790100
v 282.087006 20.083786 81.695099
o Mesh24_Model
v 252.438004 84.000000 0.000014
v 252.438004 36.000000 0.000006
v 360.437988 84.000000 0.000014
v 252.436996 84.000000 -3.999986
v 252.436996 36.000000 -3.999994
v 360.437012 84.000000 -3.999986
v 360.437012 36.000000 -3.999994
v 360.437988 36.000000 0.000006
o Mesh2_Marc1_Model
v 291.707001 72.715881 82.729317
v 291.707001 72.341286 82.729317
v 291.696991 73.030983 82.728218
v 291.634003 73.382484 82.721512
v 291.550995 73.653084 82.712517
v 291.375000 74.058083 82.693619
v 291.186005 74.388588 82.673317
v 291.019012 74.600487 82.655312
v 290.785004 74.761986 82.630112
v 290.483002 74.815681 82.597618
v 290.278992 74.838882 82.575813
v 290.191010 74.971283 82.566315
v 290.044006 75.033882 82.550514
v 289.779999 75.033882 82.522118
v 289.576996 74.998985 82.500214
v 289.231995 74.892082 82.463219
v 288.959991 74.769188 82.434013
v 288.352997 74.370888 82.368713
v 287.998993 74.046082 82.330612
v 287.739014 73.691689 82.302711
v 287.501007 73.297386 82.277115
v 287.295990 73.182884 82.255112
v 287.062988 72.814087 82.230019
v 286.881989 72.583984 82.210617
v 286.510986 72.119286 82.170715
v 286.286011 71.844086 82.146515
v 286.545013 71.821884 82.174416
v 286.079010 71.680984 82.124214
v 286.558990 71.637787 82.175812
v 285.946014 71.524986 82.110016
v 285.944000 71.603882 82.109718
v 285.795990 71.658081 82.093819
v 285.641998 71.770187 82.077217
v 285.542999 71.794983 82.066612
v 285.419006 71.763786 82.053314
v 285.334991 71.694489 82.044312
v 285.260986 71.561684 82.036316
v 285.237000 71.399483 82.033714
v 285.242004 71.161385 82.034317
v 285.265991 70.779083 82.036812
v 285.273010 70.590187 82.037613
v 285.303986 70.408981 82.040916
v 285.411987 70.134285 82.052505
v 285.523010 69.979187 82.064507
v 285.640015 69.852882 82.077110
v 285.786987 69.721085 82.092804
v 285.950989 69.624084 82.110405
v 286.102997 69.566689 82.126808
v 286.278015 69.550186 82.145607
v 286.394012 69.581184 82.158005
v 286.563995 68.937386 82.176308
v 287.212006 67.268486 82.246109
v 287.311005 67.068283 82.256706
v 287.559998 66.702583 82.283409
v 287.782990 66.455582 82.307411
v 288.131012 66.130081 82.344910
v 288.342010 65.912086 82.367508
v 288.809998 65.796982 82.417809
v 288.795990 65.937485 82.416306
v 289.115997 65.714485 82.450806
v 289.484985 65.663284 82.490410
v 289.837006 65.663284 82.528206
v 290.257996 65.703682 82.573509
v 290.556000 65.747284 82.605507
v 290.809998 65.853783 82.632805
v 290.852997 65.779984 82.637505
v 291.076996 65.942986 82.661507
v 291.165009 66.007584 82.671104
v 291.182007 65.838486 82.672806
v 291.332001 65.730087 82.688911
v 291.529999 65.617088 82.710205
v 291.664001 65.606285 82.724609
v 291.960999 65.336784 82.756607
v 292.009003 65.277885 82.761810
v 292.037994 65.073387 82.764809
v 292.006989 64.810585 82.761604
v 291.904999 64.530487 82.750511
v 291.691986 64.199883 82.727707
v 291.518005 64.000381 82.709007
v 291.299011 63.782383 82.685509
v 290.994995 63.590385 82.652809
v 290.641998 63.424686 82.614708
v 290.251007 63.314083 82.572807
v 289.838013 63.246986 82.528305
v 289.365997 63.246986 82.477608
v 288.826996 63.300083 82.419708
v 288.235992 63.412086 82.356110
v 287.664001 63.556183 82.294708
v 287.125000 63.786285 82.236610
v 286.665009 64.093887 82.187210
v 286.281006 64.376984 82.146011
v 285.911011 64.719582 82.106209
v 285.671997 65.121887 82.080505
v 285.766998 65.189781 82.090706
v 285.627991 65.172585 82.075706
v 286.524994 65.764885 82.172211
v 286.753998 66.091888 82.196808
v 286.854004 66.504387 82.207504
v 286.867004 66.983688 82.208908
v 286.734985 68.279388 82.194710
v 286.458008 68.463982 82.164909
v 286.175995 68.629585 82.134605
v 285.989014 68.858788 82.114609
v 285.819000 69.231682 82.096306
v 285.480988 69.826385 82.059906
v 285.338989 70.106285 82.044609
v 285.144012 70.351585 82.023712
v 284.904999 70.571182 81.998016
v 284.709015 70.886086 81.976913
v 284.571991 71.151688 81.962318
v 284.554993 71.441986 81.960312
v 284.484009 71.392685 81.952713
v 284.414001 71.278687 81.945213
v 284.476990 71.737587 81.952019
v 284.519012 71.919685 81.956612
v 284.389008 71.843185 81.942612
v 284.466003 72.017586 81.950813
v 284.533997 72.168388 81.958115
v 284.481995 72.143288 81.952614
v 284.375000 72.090286 81.941116
v 284.257996 72.061386 81.928513
v 284.325989 72.124084 81.935715
v 284.440002 72.237785 81.948112
v 284.529999 72.419884 81.957718
v 284.458008 72.388382 81.950012
v 284.312988 72.339684 81.934319
v 284.408997 72.434486 81.944618
v 284.535004 72.651985 81.958313
v 284.713013 73.120781 81.977417
v 284.927002 73.557884 82.000313
v 285.015991 73.791687 82.010017
v 284.877014 73.690582 81.995018
v 284.946014 73.861382 82.002419
v 285.122986 74.232483 82.021416
v 285.355988 74.534485 82.046516
v 285.662994 74.962784 82.079514
v 286.583008 75.679588 82.178413
v 287.308990 76.058182 82.256416
v 287.802002 76.256088 82.309517
v 288.463989 76.356583 82.380615
v 289.113007 76.372383 82.450417
v 289.618988 76.303185 82.504814
v 290.145996 76.167084 82.561516
v 290.684998 75.993484 82.619415
v 291.117004 75.787086 82.665916
v 291.395996 75.533684 82.695915
v 291.541992 75.311981 82.711617
v 291.612000 75.087784 82.719116
v 291.571014 74.908287 82.714615
v 291.471985 74.750282 82.704018
v 291.748993 74.633087 82.733818
v 292.000000 74.326683 82.760818
v 292.200012 73.932587 82.782318
v 292.354004 73.638184 82.798813
v 292.462006 73.097984 82.810417
v 292.493011 72.835281 82.813812
v 292.358002 72.953987 82.799316
v 292.410004 72.729385 82.804916
v 292.433014 72.405281 82.807312
v 292.355988 72.534882 82.799019
v 292.376007 72.193085 82.801315
v 292.320007 71.887589 82.795212
v 292.209015 72.049484 82.783218
v 292.270996 71.715187 82.789917
v 292.123993 71.757484 82.774117
v 292.032013 71.855682 82.764214
v 291.950989 71.897285 82.755516
v 291.830994 71.940483 82.742615
v 291.768005 71.953186 82.735916
v 291.696991 71.967781 82.728218
v 291.438995 71.989784 82.700516
v 291.139008 72.004784 82.668213
v 290.862000 71.999084 82.638412
v 290.606995 71.968788 82.611015
v 290.454010 71.925682 82.594612
v 290.391998 71.879189 82.588013
v 290.335999 71.808487 82.581818
v 290.282990 71.817688 82.576218
v 290.122009 71.820984 82.558914
v 289.864990 71.816483 82.531319
v 289.737000 71.799187 82.517418
v 289.653992 71.879387 82.508614
v 289.488007 71.963387 82.490814
v 289.266998 72.005486 82.467018
v 288.765015 72.034683 82.413017
v 288.304993 72.004189 82.363518
v 287.966003 71.925285 82.327118
v 287.868988 71.847382 82.316719
v 287.618011 71.755486 82.289719
v 287.473999 71.742386 82.274216
v 287.868988 71.470886 82.316719
v 287.700989 71.484482 82.298615
v 287.467987 71.556084 82.273514
v 287.868988 71.354385 82.316719
v 287.872986 71.208084 82.317116
v 287.894989 71.128487 82.319519
v 287.951996 71.072884 82.325615
v 288.065002 71.019882 82.337814
v 288.201996 70.990685 82.352516
v 288.477997 70.948486 82.382118
v 288.743011 70.937088 82.410713
v 289.046997 70.943588 82.443314
v 289.251007 70.963287 82.465218
v 289.404999 71.022385 82.481918
v 289.570007 71.167885 82.499512
v 289.684998 71.356483 82.511917
v 289.748993 71.609688 82.518814
v 289.765015 71.698387 82.520515
v 290.322998 71.740288 82.580513
v 290.329010 71.632988 82.581116
v 290.355011 71.454582 82.583916
v 290.381989 71.372887 82.586815
v 290.408997 71.291183 82.589714
v 290.493988 71.150581 82.598915
v 290.628998 71.016487 82.613419
v 290.744995 70.946281 82.625816
v 290.950989 70.915382 82.648018
v 291.113007 70.910988 82.665413
v 291.471008 70.938583 82.703918
v 291.691986 70.966187 82.727615
v 291.783997 70.986786 82.737617
v 291.906006 71.029884 82.750618
v 291.898010 71.122581 82.749817
v 291.835999 71.462288 82.743217
v 291.796997 71.715782 82.739014
v 292.053986 71.674286 82.766617
v 292.069000 71.419685 82.768219
v 292.248993 71.438187 82.787613
v 292.045013 71.298683 82.765617
v 292.010986 71.156883 82.762016
v 291.968994 71.079788 82.757416
v 291.910004 70.976181 82.751114
v 292.072998 70.053185 82.768707
v 292.130005 69.004288 82.774811
v 292.126007 68.732681 82.774307
v 292.114014 68.576881 82.773010
v 292.033997 67.957085 82.764404
v 291.885986 67.285881 82.748505
v 291.665009 66.694687 82.724808
v 291.507996 66.331085 82.707909
v 291.481995 66.392982 82.705109
v 291.286011 66.121483 82.684006
v 286.723999 68.359886 82.193504
v 285.082001 64.876282 82.017006
v 282.812012 63.775288 81.773010
v 281.251007 62.963890 81.605110
v 280.893005 62.559090 81.566711
v 280.412994 61.557587 81.515106
v 279.917999 60.578487 81.461807
v 279.345001 58.946289 81.400307
v 278.640991 56.440990 81.324509
v 278.816986 56.567688 81.343506
v 279.098999 56.644588 81.373810
v 278.402008 55.391788 81.298904
v 277.916992 53.510490 81.246704
v 277.431000 51.420288 81.194405
v 277.282013 50.584190 81.178505
v 277.298004 49.726887 81.180206
v 277.528015 48.836887 81.204910
v 278.140991 47.805889 81.270805
v 278.912994 46.478489 81.353806
v 279.507996 45.620487 81.417809
v 280.145996 44.864388 81.486404
v 280.955994 43.884090 81.573410
v 281.286011 43.424290 81.609009
v 281.575012 42.997189 81.640106
v 281.860992 42.440689 81.670708
v 282.122986 42.079990 81.698906
v 281.964996 41.159588 81.681908
v 282.398010 40.834988 81.728508
v 282.231995 39.258888 81.710609
v 282.446991 41.293289 81.733711
v 282.910004 41.378990 81.783607
v 283.088989 41.149490 81.802704
v 282.615997 41.626987 81.752007
v 282.494995 41.751690 81.739006
v 282.373993 41.876389 81.726006
v 283.407013 41.023388 81.836906
v 283.885986 40.947887 81.888504
v 284.312988 40.963688 81.934410
v 284.796997 41.041885 81.986404
v 285.313995 41.205784 82.042007
v 285.806000 41.420784 82.094910
v 286.113007 41.694485 82.127907
v 286.165009 41.854683 82.133507
v 286.018005 42.066883 82.117607
v 286.397003 41.809284 82.158409
v 286.635010 41.680183 82.184006
v 286.821014 41.557484 82.204010
v 286.993011 41.432983 82.222511
v 287.243988 41.250385 82.249504
v 287.484009 41.119785 82.275307
v 287.774994 41.020287 82.306610
v 288.054993 40.998684 82.336708
v 288.299011 41.104683 82.362907
v 288.428986 41.250484 82.376808
v 288.463013 41.408985 82.380608
v 288.398010 41.586987 82.373505
v 288.237000 41.791885 82.356308
v 287.890991 42.034584 82.319008
v 287.631012 42.207485 82.291008
v 287.243988 42.405087 82.249504
v 287.084991 42.507786 82.232407
v 286.925995 42.610485 82.215309
v 287.738007 42.584484 82.302505
v 288.601990 42.515083 82.395508
v 289.549988 42.515083 82.497406
v 290.434998 42.494186 82.592606
v 292.572998 42.455784 82.822411
v 292.371002 42.316383 82.800705
v 293.184998 42.890186 82.888107
v 293.493988 43.249683 82.921410
v 293.627014 43.295185 82.935707
v 293.727997 43.366585 82.946609
v 293.842987 43.470985 82.959007
v 293.983002 43.575085 82.974007
v 294.277008 43.689484 83.005508
v 294.584015 43.795185 83.038506
v 294.929993 43.807686 83.075806
v 295.329987 43.760185 83.118805
v 295.540985 43.839386 83.141411
v 295.885986 44.175884 83.178505
v 295.927002 44.226185 83.183006
v 295.673004 44.768585 83.155609
v 295.515015 45.354584 83.138710
v 295.307007 45.839283 83.116310
v 295.686005 45.867283 83.157005
v 295.757996 46.163784 83.164909
v 295.707001 46.437183 83.159309
v 295.651001 46.874283 83.153305
v 295.651001 49.639984 83.153305
v 295.553986 51.038383 83.142807
v 295.402008 51.904484 83.126511
v 295.381012 52.488686 83.124306
v 295.434998 52.976784 83.130104
v 295.681000 54.148186 83.156509
v 295.917999 53.405087 83.182007
v 296.382996 51.695084 83.232010
v 296.561005 50.955883 83.251205
v 296.561005 50.655186 83.251205
v 296.523987 50.152084 83.247208
v 296.446014 49.377285 83.238808
v 296.319000 47.890484 83.225204
v 296.270996 46.883984 83.219910
v 296.270996 45.919483 83.219910
v 296.161987 44.791985 83.208305
v 296.045013 44.370686 83.195709
v 295.989990 44.303783 83.189804
v 295.782013 55.007584 83.167404
v 295.959015 56.625183 83.186409
v 295.941986 55.028084 83.184608
v 296.454010 55.214085 83.239609
v 296.886993 55.470985 83.286209
v 297.774994 56.084885 83.381607
v 298.365997 56.540985 83.445107
v 298.423004 56.578484 83.451309
v 298.519989 56.276783 83.461708
v 298.941986 56.921085 83.507111
v 299.235992 57.210484 83.538704
v 298.899994 57.960285 83.502609
v 298.803986 58.099983 83.492210
v 298.290009 59.667183 83.437004
v 297.541992 61.579987 83.356606
v 297.054993 62.782585 83.304306
v 296.562988 63.649986 83.251305
v 295.457001 64.141785 83.132507
v 294.295013 64.606483 83.007507
v 293.221008 64.992386 82.892006
v 292.243011 65.344582 82.786911
v 291.912994 65.528282 82.751511
v 298.669006 55.574783 83.477806
v 298.796997 54.794285 83.491608
v 298.914001 53.847885 83.504105
v 299.079987 52.621784 83.521904
v 299.283997 51.781284 83.543907
v 299.449005 51.283585 83.561707
v 299.541992 50.884384 83.571609
v 299.541992 50.276283 83.571609
v 299.481995 49.609085 83.565208
v 299.363007 48.587986 83.552406
v 299.255005 47.936783 83.540810
v 299.110992 47.399284 83.525307
v 298.972992 46.978283 83.510406
v 298.807007 46.581284 83.492607
v 298.558014 46.027885 83.465805
v 298.170990 45.025585 83.424210
v 298.003998 44.445187 83.406311
v 297.773010 43.823284 83.381409
v 297.649994 43.413486 83.368309
v 297.600006 43.217285 83.362907
v 297.609009 43.045784 83.363808
v 297.619995 42.859184 83.365005
v 297.526001 42.652084 83.354904
v 296.971008 41.908684 83.295204
v 296.497009 41.516685 83.244209
v 296.207001 41.396584 83.213104
v 296.497009 40.444584 83.244209
v 296.634003 39.748684 83.259010
v 296.634003 39.209686 83.259010
v 296.739990 38.897884 83.270309
v 296.703003 38.496086 83.266411
v 296.794006 38.287785 83.276207
v 296.725006 37.894985 83.268806
v 296.881989 37.422283 83.285606
v 297.161987 35.332386 83.315811
v 297.161987 34.504585 83.315811
v 297.239014 33.868885 83.324005
v 297.128998 33.320583 83.312210
v 297.214996 32.594284 83.321510
v 297.203003 31.923487 83.320206
v 296.877991 28.721987 83.285210
v 296.783997 26.410986 83.275108
v 296.833008 25.528986 83.280304
v 296.641998 24.480486 83.259911
v 296.460999 24.154987 83.240410
v 296.164001 23.715387 83.208511
v 296.183990 22.712086 83.210602
v 296.252014 22.023186 83.218002
v 296.424988 21.876787 83.236504
v 296.898010 21.118486 83.287300
v 297.144012 20.616287 83.313797
v 296.842010 19.552588 83.281403
v 296.260986 17.993587 83.218903
v 296.260986 16.765186 83.218903
v 296.019989 13.554687 83.193001
v 295.752014 10.984286 83.164200
v 295.432007 9.711607 83.129700
v 295.549988 9.397516 83.142502
v 295.475006 8.730967 83.134399
v 295.373993 8.761956 83.123596
v 295.562012 8.406867 83.143700
v 295.757996 8.299256 83.164803
v 296.234009 7.754337 83.215897
v 296.756989 7.200157 83.272202
v 297.463989 6.919267 83.348297
v 298.087006 6.622906 83.415199
v 298.381989 6.326926 83.446899
v 298.489014 6.139786 83.458397
v 298.596008 5.952606 83.469902
v 298.596008 5.694056 83.469902
v 298.765991 5.457486 83.488197
v 298.765991 5.204306 83.488197
v 298.627014 5.112256 83.473198
v 297.865997 4.979846 83.391502
v 296.562012 4.825877 83.251198
v 295.322998 4.825877 83.117996
v 294.414001 4.897777 83.020401
v 293.717010 5.131237 82.945297
v 293.083008 5.262757 82.877197
v 291.942993 5.330487 82.754700
v 290.691010 5.483006 82.620102
v 290.428009 5.615417 82.591698
v 290.307007 5.884187 82.578796
v 290.489014 5.698097 82.598297
v 290.354004 6.309677 82.583801
v 290.502014 6.935586 82.599800
v 290.623993 7.156407 82.612900
v 290.630005 6.805487 82.613503
v 290.796997 8.341957 82.631500
v 290.657013 9.082057 82.616402
v 290.619995 9.638857 82.612396
v 290.681000 10.176686 82.619003
v 290.958008 10.907487 82.648697
v 291.292999 11.573787 82.684700
v 290.626007 13.799586 82.613098
v 290.626007 14.986486 82.613098
v 290.738007 16.145987 82.625099
v 290.738007 17.155386 82.625099
v 290.864990 18.514187 82.638802
v 291.006012 18.791887 82.653900
v 291.015991 19.164787 82.654999
v 291.231995 19.756386 82.678200
v 291.044006 19.995886 82.657997
v 290.972992 20.259287 82.650398
v 290.972992 20.732586 82.650398
v 291.101990 21.166286 82.664299
v 291.337006 21.519686 82.689499
v 291.380005 21.869587 82.694099
v 291.216003 22.160788 82.676498
v 291.209991 22.413786 82.675903
v 291.106995 22.956787 82.664803
v 291.359009 23.324486 82.691803
v 290.954987 23.979887 82.648407
v 290.908997 24.566086 82.643509
v 290.884003 25.614086 82.640907
v 290.644989 27.004087 82.615105
v 290.359009 27.987486 82.584404
v 290.359009 29.449886 82.584404
v 290.114014 30.672287 82.558006
v 289.868988 32.056385 82.531708
v 289.815002 33.108585 82.525810
v 289.906006 33.769485 82.535606
v 289.743988 34.241684 82.518211
v 289.704010 34.752384 82.513908
v 289.704010 35.422886 82.513908
v 289.589996 35.830585 82.501610
v 289.346985 35.358883 82.475609
v 289.165009 33.785385 82.456009
v 288.923004 32.955986 82.430008
v 288.419006 30.415386 82.375809
v 288.056000 28.847887 82.336807
v 287.427002 25.193386 82.269104
v 287.273010 24.678587 82.252609
v 287.212006 24.473186 82.246010
v 287.122009 24.035887 82.236305
v 286.924988 23.079287 82.215202
v 286.750000 22.555387 82.196404
v 286.565002 20.793186 82.176498
v 286.389008 20.128487 82.157501
v 286.514008 19.822386 82.170998
v 286.684998 19.185987 82.189400
v 286.725006 17.942686 82.193703
v 286.635010 17.380686 82.183998
v 286.681000 16.186487 82.188904
v 286.761993 15.142087 82.197601
v 286.761993 12.502287 82.197601
v 286.792999 11.350687 82.200996
v 286.886993 10.400786 82.211098
v 287.015015 10.142687 82.224800
v 286.944000 9.728287 82.217201
v 286.944000 9.150967 82.217201
v 286.821014 8.799517 82.204002
v 286.653992 8.371277 82.185997
v 286.449005 8.024716 82.164001
v 286.411011 8.039746 82.159897
v 286.385986 7.603547 82.157303
v 286.247009 6.748857 82.142303
v 286.433990 6.421637 82.162399
v 286.161011 6.571007 82.133003
v 286.009003 6.460017 82.116699
v 285.743988 6.397607 82.088203
v 285.558990 6.350227 82.068298
v 285.493011 6.255757 82.061203
v 285.479004 6.041027 82.059799
v 285.321991 5.750967 82.042900
v 285.433990 5.504137 82.054802
v 285.493988 5.268607 82.061401
v 285.493988 5.069517 82.061401
v 285.441986 4.882307 82.055702
v 285.210999 4.743477 82.030899
v 284.838013 4.687487 81.990799
v 284.260986 4.646897 81.928703
v 282.346008 4.695727 81.722900
v 281.606995 4.728327 81.643402
v 281.283997 4.776156 81.608704
v 281.071991 4.919177 81.585899
v 281.070007 5.037036 81.585701
v 281.412994 5.100537 81.622597
v 281.061005 5.445207 81.584702
v 281.295990 6.095477 81.610001
v 281.510986 6.466437 81.633102
v 282.052002 7.109957 81.691200
v 282.585999 8.086516 81.748703
v 282.852997 8.513987 81.777397
v 282.252014 8.798507 81.712799
v 282.106995 9.088397 81.697197
v 282.027008 9.415736 81.688599
v 281.989014 9.682286 81.684502
v 282.059998 10.053287 81.692101
v 282.210999 10.467386 81.708397
v 282.348999 10.781386 81.723198
v 282.260010 11.000486 81.713600
v 282.200989 11.861386 81.707298
v 282.200989 14.739087 81.707298
v 282.037994 16.025486 81.689796
v 281.875000 17.224487 81.672203
v 281.691986 17.990486 81.652603
v 281.691986 18.759186 81.652603
v 281.579987 19.282587 81.640503
v 281.579987 19.618687 81.640503
v 281.674988 20.034187 81.650803
v 282.028992 20.675886 81.688904
v 281.931000 21.182987 81.678299
v 281.955994 21.877186 81.681000
v 282.039001 22.558687 81.689903
v 282.080994 23.063286 81.694397
v 282.233002 23.454287 81.710709
v 282.200989 24.097387 81.707306
v 282.255005 24.655186 81.713104
v 282.407990 25.147686 81.729607
v 282.407990 25.486687 81.729607
v 282.247986 26.180586 81.712311
v 282.143005 27.053686 81.701111
v 282.097992 27.645086 81.696304
v 282.067993 27.931686 81.693008
v 281.993988 28.354187 81.685005
v 281.920013 28.776686 81.677010
v 281.941010 29.894487 81.679306
v 282.169006 31.222986 81.703804
v 282.117004 33.085690 81.698311
v 282.117004 35.750988 81.698311
v 283.178986 8.777906 81.812401
v 283.552002 8.848797 81.852600
v 284.037994 8.869877 81.904701
v 284.377991 8.830457 81.941399
v 284.766998 8.695797 81.983200
v 285.428009 8.491807 82.054199
v 285.966003 8.214117 82.112099
v 281.209015 5.660127 81.600700
v 281.292999 5.459617 81.609703
v 281.454987 5.420607 81.627098
v 281.959015 5.455226 81.681297
v 282.191986 5.725037 81.706299
v 281.710999 5.264777 81.654602
v 282.391998 5.969326 81.727898
v 282.618988 6.124557 81.752197
v 282.822998 6.159497 81.774200
v 283.045013 6.144387 81.798103
v 283.268005 6.090507 81.821999
v 283.446991 5.985897 81.841301
v 283.619995 5.809057 81.859901
v 283.940002 5.438707 81.894302
v 284.125000 5.283077 81.914101
v 284.407990 5.438707 81.944603
v 284.703003 5.463057 81.976303
v 285.054993 5.548567 82.014198
v 284.458008 5.145497 81.949997
v 284.816986 5.012527 81.988602
v 285.106995 4.962927 82.019798
v 285.319000 4.972297 82.042603
v 285.787994 5.330487 82.092903
v 286.166992 5.452837 82.133698
v 286.365997 5.565567 82.155098
v 286.500000 5.796097 82.169502
v 286.500000 6.146246 82.169502
v 291.253998 8.199126 82.680603
v 292.028015 8.111357 82.763802
v 292.851990 8.258986 82.852303
v 294.489990 8.758846 83.028503
v 295.076996 8.853157 83.091599
v 290.690002 6.639357 82.619904
v 290.877014 6.524557 82.639999
v 291.166992 6.431097 82.671204
v 291.510010 6.390137 82.708099
v 292.131989 6.377607 82.774902
v 293.003998 6.312577 82.868698
v 293.269989 6.211887 82.897301
v 293.497986 6.008717 82.921799
v 293.855988 5.992067 82.960403
v 294.278015 5.821217 83.005699
v 295.052002 5.667727 83.088997
v 295.837006 5.568517 83.173302
v 296.372009 5.546997 83.230797
v 296.752991 5.576567 83.271797
v 297.088013 5.634287 83.307800
v 297.200012 5.755337 83.319801
v 296.976013 5.513176 83.295799
v 296.501007 5.274267 83.244698
v 296.040009 5.131357 83.195099
v 295.502014 5.050657 83.137299
v 295.027008 5.050657 83.086197
v 294.562012 5.080907 83.036201
v 294.182007 5.170417 82.995399
v 293.785004 5.288277 82.952698
v 293.295990 5.388247 82.900101
v 292.332001 5.463987 82.796402
v 291.013000 5.575957 82.654602
v 290.673004 5.633067 82.618103
v 293.760010 5.347337 82.949997
v 293.726990 5.578617 82.946404
v 293.657990 5.821496 82.939003
v 297.466003 6.138697 83.348396
v 297.690002 6.345297 83.372498
v 297.979004 6.395226 83.403603
v 298.247009 6.309106 83.432404
v 295.807007 41.405483 83.170105
v 295.276001 41.499184 83.113007
v 294.681000 41.699184 83.049011
v 294.265991 41.911285 83.004410
v 293.812012 42.146183 82.955605
v 293.670013 42.095184 82.940407
v 293.368011 41.908783 82.907906
v 293.128998 41.632385 82.882111
v 292.908997 41.417786 82.858505
v 292.684998 41.292786 82.834404
v 292.438995 41.211185 82.808006
v 292.199005 41.170883 82.782104
v 291.993011 41.233784 82.760109
v 291.815002 41.366184 82.740906
v 291.752991 41.584187 82.734207
v 291.795990 41.804485 82.738907
v 291.921997 41.944683 82.752411
v 292.105011 42.114883 82.772011
v 294.154999 42.310783 82.992508
v 294.312988 42.486084 83.009506
v 295.959015 57.375183 83.186409
v 286.813995 42.708385 82.203209
v 286.424988 43.014286 82.161407
v 285.989014 43.231186 82.114609
v 285.630005 43.407585 82.076004
v 285.238007 43.512184 82.033806
v 284.878998 43.545086 81.995209
v 284.493988 43.517883 81.953804
v 284.276001 43.539787 81.930405
v 283.941010 43.767189 81.894409
v 282.895996 44.788288 81.782005
v 282.799988 44.967087 81.771706
v 282.920013 47.763489 81.784607
v 282.895996 48.967388 81.782005
v 283.104004 50.304089 81.804306
v 282.906006 51.347889 81.783104
v 282.766998 52.260189 81.768105
v 281.960999 54.888687 81.681511
v 281.885010 54.758587 81.673309
v 281.006989 52.213787 81.579010
v 281.372009 55.386589 81.618210
v 280.661011 56.131588 81.541710
v 279.859009 56.536789 81.455505
v 280.371002 50.894588 81.510506
v 280.300995 50.574390 81.503105
v 280.286987 50.215588 81.501610
v 280.380005 49.921089 81.511604
v 280.660004 49.390388 81.541611
v 281.084015 48.451187 81.587204
v 281.562988 47.270988 81.638710
v 282.389008 55.992489 81.727509
v 282.458008 56.652687 81.735008
v 282.458008 57.496387 81.735008
v 285.876007 42.206684 82.102409
o Mesh26_Model
v 345.006012 84.174026 -149.113983
v 345.006012 84.170921 -149.113983
o Mesh18_Model
v 538.883972 3.000000 0.000000
v 538.965027 -2.000000 -0.000000
v 538.965027 3.000000 0.000000
v 538.968018 -2.000000 -0.000000
v 538.968018 3.000000 0.000000
v 539.000000 3.000000 0.000000
v 539.000000 -2.000000 -0.000000
v 539.000000 -2.108870 -0.000000
v 538.966003 -2.108870 -0.000000
v 539.437988 -2.108882 74.000000
v 537.312988 -2.108882 74.000000
v 529.312988 -2.108882 74.000000
v 176.438004 -2.108870 -0.000000
v 136.438004 -2.108870 -0.000000
v 112.438004 -2.108881 64.000000
v 112.438004 -2.108881 70.875000
v 112.438004 -2.108882 72.000000
v 104.438004 -2.108882 72.000000
v 104.438004 -2.108882 74.000000
v 529.312988 1.837168 73.922897
v 537.312988 100.249985 72.000015
v 529.312988 -2.070842 73.922897
v 529.312988 100.249985 72.000015
v 537.312988 -2.070842 73.922897
v 537.312988 -2.108881 66.001701
v 537.312988 -2.108882 73.922897
v 537.312988 1.837169 66.001701
v 529.312988 1.837169 66.001701
v 529.312988 -2.108881 66.001701
v 529.312988 -2.108882 73.922897
v 529.312988 100.086990 64.001717
v 537.312988 100.086990 64.001717
v 104.438004 107.999985 72.000015
v 398.903015 100.249985 72.000015
v 390.903015 100.249985 72.000015
v 252.483002 100.249985 72.000015
v 244.483002 100.249985 72.000015
v 112.438004 100.249985 72.000015
v 104.438004 100.249985 72.000015
v 104.438004 -0.000012 72.000000
v 112.438004 -0.000012 72.000000
v 112.438004 -0.000012 70.875000
v 104.438004 -0.000012 70.875000
v 104.438004 100.249992 64.000015
v 112.438004 100.249992 64.000015
v 112.438004 -0.000010 64.000000
v 104.438004 -0.000010 64.000000
v 104.438004 -2.108881 64.000000
v 104.438004 -2.108870 -0.000000
v 136.438004 -2.000000 -0.000000
v 104.438004 -2.000000 -0.000000
v 308.125000 -1.999949 -312.000000
v 104.435997 -2.000000 -0.000000
v 0.000000 -1.999949 -312.000000
v 0.000000 -2.000000 -0.000000
v 0.000000 3.000000 0.000000
v 0.000000 3.000001 -4.000000
v 104.435997 3.000000 0.000000
v 4.000000 3.000001 -4.000000
v 0.000000 99.125000 -3.999984
v 0.000000 99.125000 0.000016
v 32.645699 48.000000 0.000008
v 140.000000 3.000000 0.000000
v 136.438004 3.000000 0.000000
v 104.438004 3.000000 0.000000
v 104.438004 0.000000 0.000000
v 104.435997 -0.000000 -0.000000
v 176.438004 -2.000000 -0.000000
v 144.000000 3.000000 0.000000
v 176.438004 3.000000 0.000000
v 492.000000 -1.999949 -312.000000
v 828.000000 -1.999949 -312.000000
v 539.437988 -2.000000 -0.000000
v 539.437988 -2.108870 -0.000000
v 539.437988 3.000000 0.000000
v 581.963013 84.750000 0.000014
v 581.963013 3.000000 0.000000
v 581.963013 -2.000000 -0.000000
v 581.963013 -2.000000 -2.062500
v 581.963013 3.000000 -2.062500
v 809.500977 3.000000 -2.062500
v 809.500977 -2.000000 -2.062500
v 828.000000 -2.000000 -0.000000
v 809.500977 -2.000000 -0.000000
v 809.500977 3.000000 0.000000
v 809.500977 0.000000 0.000000
v 828.000000 3.000000 0.000000
v 828.000000 99.125000 0.000016
v 809.525024 84.750000 0.000014
v 828.000000 3.000051 -312.000000
v 538.883972 3.000001 -4.000000
v 534.882996 3.000001 -4.000000
v 492.000000 3.000051 -312.000000
v 400.000000 3.000001 -4.000000
v 396.000000 3.000000 0.000000
v 396.000000 3.000001 -4.000000
v 392.125000 3.000051 -312.000000
v 345.125000 3.000051 -312.000000
v 308.125000 3.000051 -312.000000
v 308.125000 3.000050 -308.062988
v 308.125000 3.000050 -307.812988
v 230.190002 3.000050 -307.812988
v 230.190002 3.000033 -203.813004
v 230.190002 3.000025 -150.199005
v 216.436996 3.000001 -4.000000
v 202.000000 3.000025 -150.199005
v 202.000000 3.000033 -199.813004
v 199.501999 3.000033 -199.813004
v 199.501999 3.000025 -150.199005
v 176.436996 3.000001 -4.000000
v 171.126999 3.000019 -113.688004
v 166.391998 3.000019 -113.688004
v 146.391998 3.000019 -113.688004
v 144.000000 3.000025 -155.125000
v 140.000000 3.000025 -155.125000
v 132.000000 3.000033 -199.813004
v 132.000000 3.000031 -193.468994
v 132.000000 3.000029 -177.468994
v 132.000000 3.000026 -161.468994
v 132.000000 3.000025 -155.125000
v 128.000000 3.000026 -161.468994
v 128.000000 3.000025 -155.125000
v 140.000000 3.000025 -151.125000
v 128.000000 3.000025 -151.125000
v 104.438004 3.000001 -4.000000
v 104.435997 3.000001 -4.000000
v 4.000000 3.000026 -161.785004
v 4.000000 99.125000 -3.999984
v 4.000000 99.125053 -307.812958
v 32.645699 48.000000 -3.999992
v 140.000000 3.000001 -4.000000
v 136.438004 3.000001 -4.000000
v 0.000000 3.000026 -162.000000
v 4.000000 3.000026 -162.000000
v 4.000000 3.000051 -312.000000
v 0.000000 3.000051 -312.000000
v 0.000000 99.125053 -311.999969
v 308.125000 -1.874949 -312.000000
v 44.000000 3.000051 -312.000000
v 4.000000 99.125053 -311.999969
v 0.000000 108.000053 -311.999969
v 308.125000 99.125053 -311.999969
v 0.000000 127.959007 -48.461380
v 0.000000 100.250000 0.000016
v 0.000000 108.000000 0.000018
v 104.438004 100.250000 0.000016
v 537.312988 100.250000 0.000016
v 104.438004 99.125000 0.000016
v 171.126999 99.125000 0.000016
v 144.000000 99.000000 0.000016
v 171.126999 3.000000 0.000000
v 176.438004 91.000000 0.000015
v 171.126999 3.000001 -4.000000
v 171.126999 3.000018 -112.000000
v 166.391998 3.000018 -112.000000
v 146.391998 3.000018 -112.000000
v 144.000000 3.000018 -112.000000
v 144.000000 3.000001 -4.000000
v 140.000000 3.000018 -112.000000
v 140.000000 99.000000 -3.999984
v 140.000000 99.000000 0.000016
v 80.645699 48.000000 0.000008
v 80.645699 84.000000 0.000014
v 80.645699 84.000000 -3.999986
v 80.645699 48.000000 -3.999992
v 32.645699 84.000000 -3.999986
v 32.645699 84.000000 0.000014
v 140.000000 99.000015 -111.999985
v 140.000000 83.000023 -117.562988
v 140.000000 99.000023 -151.124985
v 144.000000 99.000015 -111.999985
v 140.000000 99.000023 -155.124985
v 144.000000 99.000023 -155.124985
v 144.000000 99.000015 -113.687988
v 168.690002 99.125015 -113.687988
v 168.690002 99.125015 -111.999985
v 144.000000 3.000019 -113.688004
v 146.391998 83.000015 -111.999985
v 171.126999 99.125000 -3.999984
v 171.126999 99.125015 -111.999985
v 537.312012 99.125000 -3.999984
v 537.312988 99.125000 0.000016
v 168.690002 99.125000 0.000016
v 168.690002 99.125000 -3.999984
v 104.438004 99.125000 -3.999984
v 4.000000 99.125053 -308.062958
v 4.000000 3.000050 -308.062988
v 4.000000 3.000050 -307.812988
v 128.000000 3.000050 -307.812988
v 44.000000 3.000050 -308.062988
v 44.000000 48.000050 -312.000000
v 44.000000 48.000050 -308.062988
v 128.000000 3.000050 -308.062988
v 128.000000 3.000051 -312.000000
v 44.000000 84.000053 -312.000000
v 44.000000 84.000053 -308.062988
v 128.000000 99.000053 -308.062958
v 68.000000 84.000053 -308.062988
v 92.000000 84.000053 -308.062988
v 92.000000 48.000050 -308.062988
v 92.000000 48.000050 -312.000000
v 92.000000 84.000053 -312.000000
v 68.000000 84.000053 -312.000000
v 128.000000 99.000053 -311.999969
v 308.125000 3.125057 -347.187988
v 308.125000 3.125051 -312.000000
v 335.091003 3.125051 -312.000000
v 345.125000 3.125051 -312.000000
v 392.125000 3.125051 -312.000000
v 216.438004 3.000000 0.000000
v 396.000000 3.001591 -4.000000
v 252.436996 36.000000 -3.999994
v 396.000000 99.060097 -3.999984
v 396.000000 99.060097 0.000016
v 400.000000 3.000000 0.000000
v 400.000000 99.060097 0.000016
v 360.437988 36.000000 0.000006
v 360.437988 84.000000 0.000014
v 360.437012 84.000000 -3.999986
v 360.437012 36.000000 -3.999994
v 216.436996 91.000000 -3.999985
v 252.436996 84.000000 -3.999986
v 216.438004 91.000000 0.000015
v 252.438004 36.000000 0.000006
v 252.438004 84.000000 0.000014
v 488.108002 48.000000 0.000008
v 537.330994 99.125000 0.000016
v 488.108002 84.000000 0.000014
v 488.108002 84.000000 -3.999986
v 488.108002 48.000000 -3.999992
v 533.330994 99.060402 -3.999984
v 400.000000 99.060097 -3.999984
v 440.108002 84.000000 -3.999986
v 440.108002 48.000000 -3.999992
v 400.000000 3.001591 -4.000000
v 440.108002 48.000000 0.000008
v 440.108002 84.000000 0.000014
v 537.330994 99.125000 -3.999984
v 538.643005 99.125038 -212.999985
v 537.330994 99.125038 -212.999985
v 538.883972 3.000035 -213.000000
v 534.883972 2.935381 -4.000000
v 534.883972 2.935415 -213.000000
v 534.882996 3.002485 -213.000000
v 538.643005 17.891933 -213.000000
v 538.643005 3.084945 -213.000000
v 537.330994 3.084945 -213.000000
v 538.643005 3.084945 -217.000000
v 537.330994 3.084945 -217.000000
v 537.330994 99.125038 -216.999985
v 534.882019 3.084945 -213.000000
v 533.330994 99.060440 -212.999985
v 400.000000 3.084945 -213.000000
v 396.000000 83.160141 -212.999985
v 176.436996 91.000000 -3.999985
v 308.125000 99.125053 -307.812958
v 171.126999 99.125015 -113.687988
v 308.125000 99.125053 -308.062958
v 492.000000 99.125053 -311.999969
v 308.125000 3.125050 -308.062988
v 132.000000 99.000053 -308.062958
v 308.125000 3.123690 -308.062988
v 132.000000 3.000050 -308.062988
v 171.190002 3.000050 -308.062988
v 230.190002 3.000050 -308.062988
v 230.190002 99.000053 -311.999969
v 230.190002 99.000031 -203.812988
v 202.000000 3.000033 -203.813004
v 202.000000 99.000031 -203.812988
v 199.501999 3.000033 -203.813004
v 171.190002 3.000050 -307.812988
v 171.190002 3.000033 -203.813004
v 171.190002 99.000053 -311.999969
v 171.190002 99.000031 -203.812988
v 132.000000 99.000031 -203.812988
v 132.000000 3.000033 -203.813004
v 132.000000 3.000050 -307.812988
v 132.000000 99.000053 -307.812958
v 128.000000 3.000033 -203.813004
v 128.000000 99.000031 -203.812988
v 128.000000 99.000053 -307.812958
v 128.000000 3.000033 -199.813004
v 128.000000 99.000031 -199.812988
v 128.000000 3.000031 -193.468994
v 128.000000 83.000031 -193.468979
v 128.000000 83.000023 -161.468979
v 128.000000 99.000023 -155.124985
v 128.000000 99.000023 -151.124985
v 132.000000 99.000031 -199.812988
v 132.000000 99.000023 -155.124985
v 132.000000 83.000023 -161.468979
v 132.000000 3.000051 -312.000000
v 171.190002 3.000051 -311.812988
v 132.000000 99.000053 -311.999969
v 308.125000 3.125050 -307.812988
v 230.190002 3.000051 -312.000000
v 308.125000 84.125053 -347.187988
v 308.125000 99.312576 -456.187958
v 308.125000 99.312553 -311.999969
v 492.000000 99.312553 -311.999969
v 396.000000 99.060150 -311.999969
v 492.000000 99.060150 -311.999969
v 400.000000 99.060150 -311.999969
v 492.000000 3.125051 -312.000000
v 400.000000 3.124431 -312.000000
v 828.000000 99.125053 -311.999969
v 492.000000 -1.874949 -312.000000
v 308.125000 -1.874926 -456.187988
v 492.000000 -1.874926 -456.187988
v 308.125000 3.125068 -418.187988
v 308.125000 84.125069 -418.187988
v 308.125000 3.125074 -456.187988
v 351.924988 36.125072 -456.187988
v 492.000000 3.125074 -456.187988
v 447.924988 36.125072 -456.187988
v 492.000000 99.312576 -456.187958
v 447.924988 38.000072 -456.187988
v 447.992004 84.125076 -456.187988
v 351.924988 84.125076 -456.187988
v 308.125000 108.000076 -456.187958
v 492.000000 108.000076 -456.187958
v 396.000000 99.312553 -311.999969
v 308.125000 108.000053 -311.999969
v 492.000000 108.000053 -311.999969
v 828.000000 172.250031 -155.999969
v 0.000000 172.250031 -155.999969
v 0.000000 172.000031 -155.999969
v 0.000000 172.000031 -155.392975
v 104.438004 127.959007 -48.461380
v 537.312988 127.959007 -48.461380
v 537.312988 108.000000 0.000018
v 104.438004 108.000000 0.000018
v 537.312988 107.999985 72.000015
v 828.000000 108.000000 0.000018
v 809.525024 84.750000 -2.062486
v 581.963013 84.750000 -2.062486
v 828.000000 127.959007 -48.461380
v 828.000000 172.000031 -155.392975
v 828.000000 172.000031 -155.999969
v 828.000000 108.000053 -311.999969
v 492.000000 36.125053 -336.093994
v 492.000000 84.125053 -336.093994
v 492.000000 99.125038 -216.999985
v 492.000000 99.125038 -212.999985
v 492.000000 99.125023 -157.187988
v 492.000000 108.000023 -157.187988
v 335.071991 81.125053 -308.697998
v 335.071991 3.125050 -308.697998
v 335.091003 81.125053 -312.000000
v 335.092987 81.125053 -312.333008
v 335.092987 3.125051 -312.333008
v 335.119995 3.125052 -316.833008
v 392.151001 3.125051 -316.500000
v 396.000000 3.124431 -312.000000
v 396.000000 99.060150 -310.134979
v 396.000000 3.123691 -310.135010
v 396.000000 3.123631 -310.000000
v 400.000000 3.123631 -310.000000
v 400.000000 83.123650 -310.000000
v 396.000000 81.125053 -310.000000
v 396.000000 3.123625 -278.000000
v 400.000000 3.123625 -278.000000
v 396.000000 3.086545 -217.000000
v 396.000000 3.084945 -213.000000
v 396.000000 83.158638 -216.999985
v 396.000000 3.074590 -187.026001
v 400.000000 3.074590 -187.026001
v 396.000000 3.181981 -187.026001
v 396.000000 83.169930 -187.025986
v 400.000000 83.182030 -187.025986
v 400.000000 3.181981 -187.026001
v 400.000000 3.181975 -155.026001
v 396.000000 3.181975 -155.026001
v 396.000000 3.060145 -150.813004
v 400.000000 3.060145 -150.813004
v 396.000000 83.182022 -155.025986
v 396.000000 84.206223 -150.812988
v 396.000000 99.060135 -212.999985
v 396.000000 99.060120 -150.812988
v 400.000000 99.060120 -150.812988
v 396.000000 99.060120 -146.811981
v 396.015015 99.060120 -146.826981
v 396.015015 3.060144 -146.813004
v 396.015015 99.060120 -146.812988
v 396.000000 3.060144 -146.811996
v 393.028992 3.059324 -146.800995
v 393.000000 3.059325 -150.800995
v 392.940002 3.062405 -150.813004
v 345.157013 3.046225 -150.623993
v 345.139008 3.097695 -150.813004
v 341.316010 3.045175 -150.610001
v 308.125000 3.125025 -150.813004
v 230.190002 3.014745 -150.199005
v 176.438004 3.000025 -150.000000
v 341.330994 3.045174 -146.610001
v 176.451996 3.000024 -146.000000
v 176.438004 99.000023 -149.999985
v 176.451996 99.000023 -145.999985
v 345.033997 3.046184 -146.623993
v 345.006012 3.046185 -150.447998
v 266.019989 52.029324 -150.331985
v 333.019012 52.029324 -150.578979
v 345.157013 99.046227 -150.623978
v 266.035004 52.029324 -146.331985
v 333.033997 52.029324 -146.578979
v 266.035004 84.042923 -146.331985
v 266.019989 84.042923 -150.331985
v 333.019012 84.042923 -150.578979
v 333.033997 84.042923 -146.578979
v 230.190002 99.014725 -150.198990
v 230.205002 99.014725 -146.198990
v 200.018005 99.006523 -146.086990
v 200.003006 99.006523 -150.086990
v 393.028992 84.170921 -146.800980
v 396.000000 99.060150 -309.999969
v 396.000000 99.060135 -216.999985
v 396.000000 89.531639 -216.999985
v 396.000000 89.121841 -212.999985
v 396.000000 89.121841 -216.999985
v 396.000000 87.052139 -216.999985
v 396.000000 87.043037 -216.999985
v 396.000000 86.535637 -216.999985
v 396.000000 86.526138 -216.999985
v 396.000000 83.160141 -216.999985
v 400.000000 3.084945 -217.000000
v 538.643005 99.125038 -216.999985
v 396.000000 86.535637 -212.999985
v 396.000000 86.535637 -213.073990
v 396.000000 83.123650 -310.000000
v 396.000000 83.123642 -278.000000
v 400.000000 83.123642 -278.000000
v 335.071991 99.125053 -308.697968
v 392.113007 81.125053 -309.916992
v 396.000000 99.125053 -309.999969
v 396.000000 86.526138 -212.999985
v 396.000000 3.084945 -217.000000
v 393.000000 99.059624 -150.800980
v 345.033997 84.170921 -146.623978
v 393.000000 84.170921 -150.800980
v 345.006012 84.170921 -150.447983
v 393.001007 84.170921 -150.670990
v 393.001007 84.170921 -150.771988
v 392.125000 81.125053 -312.000000
v 392.114014 3.125051 -310.042999
v 392.114014 81.125053 -310.042999
v 396.334015 3.123691 -310.143005
v 396.334015 99.060150 -310.142975
v 392.113007 3.123631 -309.916992
v 345.199005 84.206223 -150.800980
v 345.199005 99.060120 -150.800980
v 396.000000 83.182030 -187.025986
v 400.000000 83.182022 -155.025986
v 396.000000 99.125038 -212.999985
v 396.000000 99.125038 -216.999985
v 393.015015 3.059324 -146.800995
v 345.006012 3.014024 -150.447998
v 393.000000 3.014024 -150.800995
v 368.851013 3.014024 -150.623993
v 368.851990 3.014024 -150.541000
v 393.001007 3.014024 -150.636002
v 345.006012 2.998214 -150.447998
v 166.391998 83.000015 -111.999985
v 166.391998 83.000015 -113.687988
v 146.391998 83.000015 -113.687988
v 144.000000 3.000019 -117.563004
v 140.000000 3.000019 -117.563004
v 144.000000 99.000000 -3.999984
v 144.000000 83.000023 -117.562988
v 140.000000 3.000024 -149.563004
v 144.000000 3.000024 -149.563004
v 140.000000 83.000023 -149.562988
v 144.000000 83.000023 -149.562988
v 144.000000 3.000022 -133.563004
v 132.000000 83.000031 -193.468979
v 199.501999 99.000031 -199.812988
v 199.501999 99.000023 -150.198990
v 199.501999 3.014745 -150.199005
v 230.190002 99.000023 -150.198990
v 202.000000 99.000023 -150.198990
v 200.003006 99.000031 -199.812988
v 199.501999 99.000031 -203.812988
v 202.000000 99.000031 -199.812988
v 230.190002 2.110123 -203.813004
v 230.190002 2.110115 -150.199005
v 492.000000 36.125069 -432.718994
v 492.000000 84.125069 -432.718994
v 335.092987 3.000051 -312.333008
v 335.119995 3.000052 -316.833008
v 400.062012 170.250076 -456.187958
v 400.062012 170.250031 -157.187973
v 308.125000 108.000023 -157.187988
v 244.483002 -1.916342 74.079697
v 252.483002 -1.916342 74.079697
v 252.483002 -2.079161 66.081398
v 244.483002 -2.079161 66.081398
v 244.483002 100.086990 64.001717
v 252.483002 100.086990 64.001717
v 390.903015 -1.937512 72.000000
v 398.903015 -1.937512 72.000000
v 398.903015 -1.937510 64.000000
v 390.903015 -1.937510 64.000000
v 390.903015 100.249992 64.000015
v 398.903015 100.249992 64.000015
v 104.404999 0.000000 0.000000
v 104.404999 -0.000010 64.000000
vt 538.9650 3.0000
vt 538.9680 -2.0000
vt 538.9680 3.0000
vt 539.0000 3.0000
vt 539.0000 -2.0000
vt -538.9680 -2.0000
vt -539.0000 -2.1089
vt -538.9660 -2.1089
vt 538.9660 -0.0000
vt 539.4380 -74.0000
vt 539.0000 -0.0000
vt 112.4380 -64.0000
vt 529.3130 -74.0000
vt 136.4380 -0.0000
vt 537.3130 -3.5541
vt 529.3130 0.3927
vt 529.3130 -3.5541
vt 537.3130 98.8243
vt 73.9229 1.8372
vt 73.9229 -2.0708
vt 74.0000 -2.1089
vt -72.0000 100.2500
vt -74.0000 -2.1089
vt -73.9229 -2.0708
vt -66.0017 -2.1089
vt -73.9229 -2.1089
vt -66.0017 1.8372
vt -537.3130 -2.1089
vt -529.3130 1.8372
vt -537.3130 1.8372
vt -529.3130 -73.9229
vt -537.3130 -66.0017
vt -537.3130 -73.9229
vt 73.9229 -2.1089
vt 72.0000 100.2500
vt 66.0017 -2.1089
vt 66.0017 1.8372
vt 64.0017 100.0870
vt -529.3130 98.7639
vt -537.3130 0.4935
vt -529.3130 0.4935
vt -537.3130 98.7639
vt -112.4380 100.2500
vt -104.4380 108.0000
vt -244.4830 100.2500
vt -104.4380 100.2500
vt 104.4380 0.0000
vt 112.4380 100.2500
vt 104.4380 100.2500
vt 112.4380 0.0000
vt 72.0000 0.0000
vt 64.0000 100.2500
vt 70.8750 0.0000
vt 72.0000 100.2500
vt 104.4380 -64.0000
vt 112.4380 -72.0000
vt 112.4380 -64.0000
vt -72.0000 100.2500
vt -70.8750 0.0000
vt -64.0000 100.2500
vt -72.0000 0.0000
vt -64.0000 0.0000
vt -104.4380 -70.8750
vt -112.4380 -64.0000
vt -112.4380 -70.8750
vt 64.0000 0.0000
vt -112.4380 -2.1089
vt -104.4380 0.0000
vt -112.4380 0.0000
vt -104.4380 -2.1089
vt 104.4380 -0.0000
vt 136.4380 -2.0000
vt 104.4380 -2.1089
vt 136.4380 -2.1089
vt 308.1250 312.0000
vt 104.4380 0.0000
vt 136.4380 0.0000
vt -0.0000 3.0000
vt -312.0000 -2.0000
vt 0.0000 -2.0000
vt -4.0000 3.0000
vt 104.4360 0.0000
vt -0.0000 4.0000
vt -0.0000 0.0000
vt 4.0000 4.0000
vt -140.0000 3.0000
vt -32.6457 48.0000
vt -136.4380 3.0000
vt -104.4380 3.0000
vt -104.4360 3.0000
vt -104.4380 0.0000
vt -104.4360 -0.0000
vt 104.4380 -2.0000
vt 136.4380 3.0000
vt 104.4380 -0.0000
vt 176.4380 0.0000
vt 176.4380 -2.0000
vt 176.4380 -2.1089
vt 538.9650 -2.0000
vt 538.9650 0.0000
vt 492.0000 312.0000
vt 539.0000 -2.1089
vt 539.4380 -2.0000
vt 539.4380 -0.0000
vt 539.4380 3.0000
vt 581.9630 84.7500
vt 581.9630 3.0000
vt 581.9630 -2.0000
vt 581.9630 2.0625
vt 539.4380 0.0000
vt 581.9630 0.0000
vt 2.0625 -2.0000
vt 0.0000 3.0000
vt 0.0000 -2.0000
vt 828.0000 312.0000
vt 809.5010 2.0625
vt 828.0000 0.0000
vt 809.5010 0.0000
vt 809.5010 -2.0000
vt 828.0000 3.0000
vt 809.5010 -0.0000
vt 828.0000 -2.0000
vt 809.5010 3.0000
vt 828.0000 312.0000
vt 809.5010 2.0625
vt 828.0000 -0.0000
vt 581.9630 2.0625
vt 538.8840 4.0000
vt 538.8840 -0.0000
vt 492.0000 312.0000
vt 400.0000 4.0000
vt 534.8830 4.0000
vt 396.0000 -0.0000
vt 345.1250 312.0000
vt 396.0000 4.0000
vt 392.1250 312.0000
vt 308.1250 312.0000
vt 308.1250 307.8120
vt 308.1250 308.0620
vt 230.1900 150.1990
vt 230.1900 203.8120
vt 216.4370 4.0000
vt 202.0000 199.8130
vt 202.0000 150.1990
vt 199.5020 199.8120
vt 176.4380 -0.0000
vt 199.5020 150.1990
vt 166.3920 113.6870
vt 171.1270 113.6870
vt 144.0000 155.1250
vt 146.3920 113.6870
vt 132.0000 177.4690
vt 140.0000 155.1250
vt 132.0000 193.4690
vt 132.0000 161.4690
vt 132.0000 155.1250
vt 128.0000 161.4690
vt 128.0000 155.1250
vt 140.0000 151.1250
vt 128.0000 151.1250
vt 104.4380 4.0000
vt 104.4360 4.0000
vt 4.0000 161.7850
vt 161.7850 3.0000
vt 4.0000 99.1250
vt 4.0000 3.0000
vt -32.6457 48.0000
vt -4.0000 3.0000
vt -4.0000 99.1250
vt 104.4380 0.0000
vt -0.0000 99.1250
vt -0.0000 3.0000
vt 0.0000 162.0000
vt 312.0000 99.1250
vt 162.0000 3.0000
vt 312.0000 3.0000
vt -308.1250 -2.0000
vt -0.0000 3.0000
vt -308.1250 -1.8750
vt 0.0000 99.1250
vt -4.0000 3.0000
vt 0.0000 108.0000
vt -4.0000 99.1250
vt -4.0000 312.0000
vt -0.0000 4.0000
vt 0.0000 312.0000
vt -4.0000 4.0000
vt -4.0000 99.1250
vt -48.4614 127.9590
vt -312.0000 99.1250
vt 0.0000 100.2500
vt 0.0000 99.1250
vt 0.0000 108.0000
vt -104.4380 100.2500
vt -104.4380 99.1250
vt -171.1270 99.1250
vt -144.0000 99.0000
vt 176.4370 4.0000
vt 171.1270 0.0000
vt 171.1270 4.0000
vt 171.1270 112.0000
vt 146.3920 112.0000
vt 166.3920 112.0000
vt 144.0000 112.0000
vt 144.0000 4.0000
vt 144.0000 -0.0000
vt 140.0000 112.0000
vt 140.0000 4.0000
vt 0.0000 3.0000
vt -4.0000 99.0000
vt -4.0000 3.0000
vt -80.6457 48.0000
vt -140.0000 99.0000
vt -80.6457 84.0000
vt -4.0000 84.0000
vt -0.0000 48.0000
vt -0.0000 84.0000
vt -140.0000 99.0000
vt -80.6457 48.0000
vt -80.6457 84.0000
vt -140.0000 3.0000
vt -32.6457 84.0000
vt -104.4380 0.0000
vt 0.0000 0.0000
vt -32.6457 84.0000
vt 136.4380 0.0000
vt -112.0000 99.0000
vt -112.0000 3.0000
vt -117.5630 83.0000
vt 144.0000 112.0000
vt 140.0000 151.1250
vt 140.0000 112.0000
vt 140.0000 155.1250
vt -146.3920 3.0000
vt -144.0000 99.0000
vt -146.3920 83.0000
vt 112.0000 3.0000
vt 4.0000 99.1250
vt 4.0000 3.0000
vt -0.0000 3.0000
vt -0.0000 99.1250
vt -537.3120 4.0000
vt -171.1270 0.0000
vt -171.1270 4.0000
vt -168.6900 0.0000
vt -168.6900 4.0000
vt -104.4380 4.0000
vt 308.0630 99.1250
vt 312.0000 3.0000
vt 312.0000 99.1250
vt 308.0630 3.0000
vt 307.8130 99.1250
vt 162.0000 3.0000
vt 307.8130 3.0000
vt -128.0000 307.8130
vt -4.0000 162.0000
vt -4.0000 307.8130
vt -4.0000 308.0630
vt -44.0000 312.0000
vt -44.0000 308.0630
vt -308.0630 3.0000
vt -312.0000 48.0000
vt -312.0000 3.0000
vt -308.0630 48.0000
vt 4.0000 3.0000
vt 44.0000 48.0000
vt 4.0000 99.1250
vt -128.0000 312.0000
vt -128.0000 308.0630
vt 44.0000 48.0000
vt 4.0000 3.0000
vt 44.0000 3.0000
vt 4.0000 99.1250
vt 308.0630 84.0000
vt 312.0000 48.0000
vt 312.0000 84.0000
vt 308.0630 48.0000
vt 68.0000 84.0000
vt 128.0000 99.0000
vt 44.0000 84.0000
vt 92.0000 48.0000
vt 128.0000 3.0000
vt 44.0000 312.0000
vt 92.0000 308.0630
vt 92.0000 312.0000
vt -308.0630 48.0000
vt -312.0000 84.0000
vt -312.0000 48.0000
vt -308.0630 84.0000
vt -44.0000 308.0630
vt -68.0000 312.0000
vt -68.0000 308.0630
vt -92.0000 312.0000
vt -92.0000 308.0630
vt 92.0000 84.0000
vt 128.0000 99.0000
vt 68.0000 84.0000
vt 92.0000 48.0000
vt 128.0000 3.0000
vt -308.1250 3.0000
vt -44.0000 3.0000
vt -128.0000 3.0000
vt -312.0000 3.0000
vt -347.1880 3.1250
vt -312.0000 -1.8750
vt -312.0000 3.1250
vt 308.1250 -1.8750
vt 345.1250 3.0000
vt 308.1250 3.0000
vt 216.4380 0.0000
vt -216.4380 3.0000
vt -396.0000 3.0016
vt -396.0000 3.0000
vt -252.4380 36.0000
vt 4.0000 99.0601
vt -0.0000 3.0000
vt 4.0000 3.0000
vt -4.0000 99.0601
vt 0.0000 99.0601
vt 400.0000 3.0000
vt 396.0000 99.0601
vt 396.0000 3.0000
vt 400.0000 99.0601
vt 0.0000 36.0000
vt -4.0000 84.0000
vt -4.0000 36.0000
vt -396.0000 99.0601
vt -360.4380 84.0000
vt -216.4380 91.0000
vt -252.4380 84.0000
vt 0.0000 3.0000
vt -4.0000 91.0000
vt -4.0000 3.0000
vt 0.0000 91.0000
vt -216.4380 91.0000
vt -252.4380 36.0000
vt -216.4380 3.0000
vt -360.4380 36.0000
vt 216.4380 3.0000
vt 176.4380 3.0000
vt 538.8840 3.0000
vt -488.1080 48.0000
vt -534.8830 3.0000
vt -400.0000 3.0000
vt -440.1080 84.0000
vt -400.0000 99.0601
vt -488.1080 84.0000
vt -440.1080 48.0000
vt -400.0000 3.0016
vt 400.0000 0.0000
vt 0.0000 3.0000
vt -4.0000 99.0601
vt -4.0000 3.0000
vt -488.1080 48.0000
vt -400.0000 3.0000
vt -440.1080 48.0000
vt 4.0000 90.4314
vt -0.0000 -5.7061
vt 4.0000 -5.7061
vt 537.3120 99.1250
vt 538.8840 3.0000
vt 537.3310 99.1250
vt 534.8830 3.0000
vt 534.8840 2.9354
vt 213.0000 538.8620
vt 4.0000 534.8620
vt 213.0000 534.8620
vt 4.0000 538.8620
vt -538.6430 3.0849
vt -537.3310 99.1250
vt -538.6430 17.8919
vt -537.3310 3.0849
vt -537.3310 213.0000
vt -538.6430 217.0000
vt -538.6430 213.0000
vt 213.0000 99.1250
vt 217.0000 3.0849
vt 217.0000 99.1250
vt -534.8820 3.0849
vt -533.3310 99.0604
vt -400.0000 3.0849
vt -396.0000 83.1601
vt -537.3120 99.1250
vt -538.8840 3.0000
vt -171.1270 99.1250
vt -533.3310 99.0604
vt -176.4380 3.0000
vt -176.4380 91.0000
vt -171.1270 112.0000
vt -171.1270 113.6870
vt -308.1250 307.8120
vt -168.6900 113.6870
vt -308.1250 308.0630
vt -4.0000 307.8130
vt -4.0000 308.0630
vt -308.1250 307.8130
vt -308.1250 312.0000
vt 308.0630 99.1250
vt 312.0000 3.1250
vt 312.0000 99.1250
vt 132.0000 99.0000
vt 308.1250 3.1236
vt 308.1250 3.1250
vt 171.1900 3.0000
vt 132.0000 3.0000
vt 308.1250 307.8130
vt 230.1900 308.0630
vt 230.1900 307.8130
vt -307.8130 3.0000
vt -312.0000 99.0000
vt -308.0630 3.0000
vt 202.0000 203.8130
vt 230.1900 203.8130
vt 199.5020 203.8130
vt -171.1900 307.8130
vt -132.0000 203.8130
vt -132.0000 307.8130
vt 307.8130 3.0000
vt 203.8130 99.0000
vt 203.8130 3.0000
vt 132.0000 99.0000
vt 128.0000 3.0000
vt 132.0000 3.0000
vt 128.0000 99.0000
vt -128.0000 203.8130
vt -4.0000 161.7850
vt -128.0000 155.1250
vt 203.8130 99.0000
vt 307.8130 3.0000
vt 307.8130 99.0000
vt -199.8130 3.0000
vt -203.8130 99.0000
vt -203.8130 3.0000
vt -193.4690 3.0000
vt -199.8130 99.0000
vt -193.4690 83.0000
vt -161.4690 83.0000
vt -155.1250 99.0000
vt -155.1250 3.0000
vt -151.1250 3.0000
vt -151.1250 99.0000
vt 128.0000 3.0000
vt 140.0000 99.0000
vt 128.0000 99.0000
vt 136.4380 4.0000
vt -132.0000 199.8130
vt -128.0000 155.1250
vt -128.0000 199.8130
vt 132.0000 83.0000
vt 128.0000 3.0000
vt 132.0000 3.0000
vt -128.0000 161.4690
vt -132.0000 193.4690
vt -132.0000 161.4690
vt -128.0000 193.4690
vt -128.0000 199.8130
vt 132.0000 203.8130
vt 128.0000 307.8130
vt 128.0000 203.8130
vt -132.0000 312.0000
vt -132.0000 308.0630
vt -171.1900 311.8130
vt -171.1900 308.0630
vt 128.0000 308.0630
vt 132.0000 307.8130
vt 132.0000 308.0630
vt 307.8130 3.1250
vt 308.0630 3.0000
vt 308.0630 3.1250
vt 307.8130 3.0000
vt 312.0000 3.0000
vt 308.0630 3.1236
vt 308.1250 3.1250
vt 230.1900 3.0000
vt -132.0000 3.0000
vt -230.1900 3.0000
vt -128.0000 99.0000
vt -132.0000 99.0000
vt 132.0000 99.0000
vt 308.1250 99.1250
vt 132.0000 3.0000
vt -312.0000 99.1250
vt -347.1880 84.1250
vt -492.0000 99.0424
vt -396.0000 99.0424
vt -492.0000 99.1073
vt -400.0000 99.0424
vt -492.0000 3.1250
vt -400.0000 99.0601
vt -492.0000 99.0601
vt -400.0000 3.1244
vt -828.0000 3.0000
vt -828.0000 99.1250
vt -492.0000 -1.8750
vt -828.0000 -2.0000
vt -492.0000 -2.0000
vt 492.0000 3.0000
vt 492.0000 -1.8750
vt 308.1250 456.1880
vt 492.0000 312.0000
vt 492.0000 456.1880
vt -456.1880 -1.8750
vt -418.1880 3.1250
vt 308.1250 347.1880
vt 335.0910 312.0000
vt 308.1250 418.1880
vt 308.1250 312.0000
vt -418.1880 84.1250
vt -456.1880 99.3125
vt -456.1880 3.1250
vt -308.1250 3.1250
vt -351.9250 36.1250
vt -492.0000 3.1250
vt -447.9250 36.1250
vt -492.0000 99.3125
vt -447.9250 38.0000
vt -447.9920 84.1250
vt -308.1250 99.3125
vt -351.9250 84.1250
vt -308.1250 108.0000
vt -492.0000 108.0000
vt 308.1250 456.1880
vt 396.0000 312.0000
vt 492.0000 456.1880
vt -312.0000 99.3125
vt -456.1880 108.0000
vt -312.0000 108.0000
vt 492.0000 312.0000
vt -308.1250 -247.3610
vt -828.0000 -78.6480
vt -492.0000 -247.3610
vt 0.0000 -247.3610
vt 0.0000 -78.6480
vt -312.0000 108.0000
vt -156.0000 172.0000
vt -156.0000 172.2500
vt -155.3930 172.0000
vt 104.4380 93.5397
vt -0.0000 209.1860
vt -0.0000 93.5397
vt -0.0000 209.8420
vt 828.0000 209.8420
vt 537.3130 93.5397
vt 104.4380 41.1290
vt 0.0000 41.1290
vt -537.3130 108.0000
vt -104.4380 108.0000
vt -537.3130 100.2500
vt 0.0000 100.2500
vt -72.0000 108.0000
vt -537.3130 100.2500
vt -537.3130 108.0000
vt -537.3130 68.7260
vt -104.4380 -53.3777
vt -104.4380 68.7260
vt 0.0000 108.0000
vt 48.4614 127.9590
vt -828.0000 99.1250
vt -828.0000 108.0000
vt 537.3310 99.1250
vt 828.0000 99.1250
vt 809.5250 84.7500
vt -581.9630 0.0000
vt -809.5250 2.0625
vt -809.5250 0.0000
vt 2.0625 84.7500
vt 2.0625 3.0000
vt 809.5010 3.0000
vt 809.5250 84.7500
vt 581.9630 3.0000
vt 809.5010 -2.0000
vt -2.0625 -2.0000
vt -0.0000 3.0000
vt -2.0625 3.0000
vt -2.2232 84.9812
vt -0.1607 3.2312
vt -0.1607 84.9812
vt 312.0000 99.1250
vt 0.0000 3.0000
vt 312.0000 3.0000
vt 0.0000 108.0000
vt 0.0000 99.1250
vt 48.4614 127.9590
vt 828.0000 41.1290
vt 537.3120 93.5397
vt 537.3120 41.1290
vt 155.3930 172.0000
vt 156.0000 172.2500
vt 312.0000 108.0000
vt -492.0000 99.1250
vt 312.0000 99.3125
vt 312.0000 99.0601
vt 456.1880 99.3125
vt -157.1880 99.1250
vt -312.0000 108.0000
vt -213.0000 99.1250
vt -157.1880 108.0000
vt 312.0000 108.0000
vt -828.0000 108.0000
vt -492.0000 99.3125
vt -492.0000 108.0000
vt -828.0000 -247.3610
vt -308.1250 99.3125
vt -308.1250 108.0000
vt 128.0000 312.0000
vt 307.8130 99.1250
vt -315.3020 3.1250
vt -342.2570 81.1250
vt -342.2570 3.1250
vt -313.9530 81.1250
vt -310.6510 3.1250
vt -310.6510 81.1250
vt -308.1250 3.1250
vt -335.0910 81.1250
vt -335.0910 3.1250
vt -308.1250 99.1250
vt -314.2870 81.1250
vt -313.9530 3.1250
vt -314.2870 3.1250
vt 335.0930 312.3330
vt 345.1250 312.0000
vt 335.1190 316.8330
vt 308.1250 456.1880
vt 492.0000 456.1880
vt -392.1250 3.1251
vt -492.0000 3.0001
vt -392.1250 3.0001
vt -396.0000 3.1245
vt 392.1510 316.5000
vt 396.0000 312.0000
vt -396.0000 3.1244
vt -310.1350 99.0602
vt -312.0000 3.1244
vt -310.1350 3.1237
vt -400.0000 312.0010
vt -396.0000 310.1360
vt -396.0000 312.0010
vt -396.0000 310.0010
vt -400.0000 310.0010
vt 400.0000 310.0000
vt 396.0000 278.0000
vt 400.0000 278.0000
vt -396.0000 217.0010
vt -396.0000 213.0010
vt -278.0000 3.1236
vt -217.0000 3.0865
vt -217.0000 83.1586
vt -213.0000 83.1601
vt -213.0000 3.0849
vt -400.0000 213.0010
vt -396.0000 187.0270
vt -400.0000 187.0270
vt -187.0260 3.1820
vt -187.0260 3.0745
vt -187.0260 83.1699
vt 400.0000 83.1820
vt 396.0000 3.1820
vt 400.0000 3.1820
vt 396.0000 187.0260
vt 400.0000 155.0260
vt 400.0000 187.0260
vt 396.0000 155.0260
vt -396.0000 150.8140
vt -400.0000 150.8140
vt -155.0260 3.1820
vt -150.8120 3.0601
vt -155.0260 83.1820
vt -150.8120 84.2062
vt -213.0000 99.0601
vt -155.0260 83.1819
vt -396.0000 4.0012
vt -396.0000 0.0012
vt -146.8120 99.0601
vt -4.0000 3.0016
vt 396.0220 146.8270
vt 396.0070 150.8130
vt 396.0070 146.8130
vt -149.3460 3.0601
vt -145.3610 99.0601
vt -149.3460 99.0601
vt -145.3460 3.0601
vt -145.3460 99.0601
vt -396.5550 3.0601
vt -396.5410 99.0601
vt -396.5550 99.0601
vt 396.0010 150.8130
vt 393.0300 146.8010
vt 396.0010 146.8120
vt 393.0010 150.8010
vt 393.3460 145.2540
vt 393.4060 145.2420
vt 396.4060 145.2450
vt 345.5630 145.1930
vt 345.5450 145.3880
vt 341.7210 145.1890
vt 308.5310 145.4910
vt 230.1910 150.1990
vt 341.3320 146.6100
vt 341.3170 150.6100
vt 230.7440 3.0147
vt 176.9910 99.0000
vt 176.9910 3.0000
vt -176.9910 99.0000
vt -341.8710 3.0452
vt -176.9910 3.0000
vt 345.1580 150.6240
vt 345.0070 150.4480
vt 345.7120 3.0462
vt 266.5740 52.0293
vt 333.5740 52.0293
vt -333.0190 150.5790
vt -266.0350 146.3320
vt -266.0200 150.3320
vt 333.5740 84.0429
vt 345.7120 99.0462
vt 266.5740 84.0429
vt 230.7440 99.0147
vt -345.1840 150.6240
vt -230.2320 146.1990
vt -230.2170 150.1990
vt -200.0450 146.0870
vt -200.0300 150.0870
vt -176.4790 146.0000
vt -396.5410 3.0601
vt -393.5700 84.1709
vt -393.5700 3.0593
vt 396.0000 310.0000
vt 396.0000 150.8130
vt 400.0000 150.8130
vt 396.0000 213.0000
vt -310.0000 99.0602
vt -217.0000 89.5316
vt -217.0000 99.0601
vt -213.0000 99.0602
vt -213.0000 89.1218
vt -217.0000 89.1218
vt -537.3310 99.1250
vt -396.0000 86.5357
vt -396.0000 87.0430
vt -396.0000 3.0865
vt -396.0000 83.1586
vt -537.3310 217.0000
vt -828.0000 312.0000
vt -538.6430 217.0000
vt -396.0000 99.0602
vt -492.0000 99.1250
vt -217.0000 87.0522
vt -213.0000 89.1219
vt -217.0000 89.1219
vt -213.0000 86.5357
vt -217.0000 87.0542
vt -213.0730 86.5378
vt -213.0000 86.5378
vt -310.0000 83.1238
vt -217.0000 87.0432
vt -310.0000 99.0604
vt -217.0000 86.5359
vt -217.0000 86.5264
vt -217.0000 83.1604
vt -396.0000 3.1236
vt -400.0000 83.1236
vt -400.0000 3.1236
vt 396.0000 81.1250
vt 400.0000 83.1236
vt 396.0000 83.1236
vt -398.6450 81.1250
vt -341.5910 99.1250
vt -402.5330 81.1250
vt -402.5330 83.1236
vt -402.5330 99.0601
vt -402.5330 99.1250
vt -217.0000 87.0431
vt -217.0000 86.5358
vt -213.0740 86.5358
vt -217.0000 86.5297
vt -213.0740 86.5393
vt -217.0000 86.5393
vt -213.0000 86.5297
vt -217.0000 83.1601
vt -213.0000 86.5263
vt -217.0000 83.1587
vt -213.0000 83.1602
vt -217.0000 83.1602
vt -217.0000 86.5263
vt -396.0000 213.0000
vt -400.0000 217.0000
vt -400.0000 213.0000
vt -534.8820 213.0000
vt -537.3310 217.0000
vt -534.8830 3.0024
vt -534.8830 3.0017
vt -538.8840 2.9992
vt -534.8840 2.9346
vt -400.0000 3.0852
vt -534.8820 3.0852
vt -534.8830 3.0027
vt 213.0000 99.1250
vt 217.0000 3.0849
vt 217.0000 99.1250
vt -828.0000 -0.0000
vt -538.6430 213.0000
vt -537.3130 99.1250
vt -168.6900 99.1250
vt -537.3310 99.1250
vt -400.0000 99.0601
vt -488.1080 84.0000
vt -440.1080 0.0000
vt -488.1080 4.0000
vt -488.1080 0.0000
vt -0.0000 84.0000
vt 4.0000 48.0000
vt 4.0000 84.0000
vt -4.0000 3.0016
vt 400.0000 150.8120
vt 396.0150 146.8130
vt 400.0000 4.0000
vt -396.0270 146.8160
vt -393.0270 150.8050
vt -396.0270 150.8160
vt -396.0270 146.8130
vt -345.5740 84.1709
vt -333.5740 84.0429
vt -266.5740 84.0429
vt -345.5740 3.0462
vt -266.5740 52.0293
vt 143.9070 84.1709
vt 147.9070 3.0593
vt 147.7770 84.1709
vt 137.5680 3.0593
vt 137.5680 84.1709
vt 137.5380 84.1709
vt 396.5550 3.0601
vt 393.5550 84.1709
vt 393.5550 3.0593
vt 396.0000 312.0000
vt 400.0000 312.0000
vt -392.1250 3.1250
vt -396.0000 99.0601
vt -392.1250 81.1250
vt 314.2870 81.1250
vt 312.3300 3.1250
vt 314.2870 3.1250
vt 312.3300 81.1250
vt 392.1250 312.0000
vt 335.0930 312.3330
vt 335.0910 312.0000
vt -310.1460 99.0602
vt -310.0110 83.1236
vt -310.0110 99.0602
vt -310.0110 81.1250
vt -310.0110 3.1236
vt -310.1460 3.1237
vt 403.2020 99.0601
vt 403.5360 3.1236
vt 403.5360 99.0601
vt -402.5330 3.1236
vt -398.6450 3.1236
vt 393.5550 99.0596
vt 396.5550 84.2062
vt 396.5550 99.0601
vt 345.2320 84.2062
vt 396.0330 99.0601
vt 345.2320 99.0601
vt -396.0000 86.5357
vt -396.0000 89.1218
vt -396.0000 86.5262
vt -187.0260 83.1700
vt 396.0000 83.1699
vt 396.0000 83.1820
vt -400.0000 187.0260
vt -396.0000 155.0260
vt -396.0000 187.0260
vt -187.0260 83.1821
vt -155.0260 83.1821
vt -396.0000 99.0601
vt -396.0000 99.1250
vt -213.0000 99.1127
vt -217.0000 99.0478
vt -213.0000 99.0478
vt -217.0000 99.1127
vt -396.0000 99.1250
vt -396.0000 213.0000
vt -492.0000 217.0000
vt -492.0000 213.0000
vt -396.0000 217.0000
vt -492.0000 312.0000
vt -492.0000 99.1250
vt -400.0000 83.1820
vt -396.0000 3.1820
vt -396.0000 83.1820
vt 345.0350 146.6240
vt 393.0160 146.8010
vt 346.1030 3.0140
vt 394.0980 3.0140
vt 394.0980 3.0593
vt 369.9490 3.0140
vt -393.5860 3.0140
vt -345.5910 3.0140
vt -369.4370 3.0140
vt -345.5910 2.9982
vt -393.0010 150.6360
vt -368.8520 150.5410
vt -368.8510 150.6240
vt -393.0000 150.8010
vt -144.0820 84.1709
vt -147.9070 3.0462
vt -144.0820 3.0462
vt -147.9070 84.1709
vt -333.5740 52.0293
vt 145.3460 84.0429
vt 149.3460 52.0293
vt 149.3460 84.0429
vt 396.0000 0.0000
vt 396.0000 4.0000
vt 400.0000 0.0000
vt -396.0000 99.0601
vt -360.4380 84.0000
vt -0.0000 84.0000
vt 4.0000 36.0000
vt 4.0000 84.0000
vt -0.0000 36.0000
vt 360.4370 4.0000
vt 252.4380 0.0000
vt 360.4380 0.0000
vt 4.0000 3.0000
vt -0.0000 91.0000
vt -0.0000 3.0000
vt 166.3920 113.6880
vt 171.1270 113.6880
vt 112.0000 83.0000
vt 113.6880 3.0000
vt 113.6880 83.0000
vt -166.3920 83.0000
vt -171.1270 3.0000
vt -166.3920 3.0000
vt -171.1270 99.1250
vt -113.6880 83.0000
vt -112.0000 3.0000
vt -112.0000 83.0000
vt 146.3920 83.0000
vt 144.0000 3.0000
vt 146.3920 3.0000
vt 144.0000 99.0000
vt 144.0000 117.5630
vt 144.0000 113.6880
vt 140.0000 117.5630
vt 32.6457 4.0000
vt 80.6457 0.0000
vt 80.6457 4.0000
vt 32.6457 0.0000
vt 0.0000 84.0000
vt 4.0000 48.0000
vt 4.0000 84.0000
vt -140.0000 0.0000
vt -144.0000 4.0000
vt -144.0000 0.0000
vt -140.0000 4.0000
vt -4.0000 99.0000
vt 0.0000 3.0000
vt 0.0000 99.0000
vt -144.0000 99.0000
vt -171.1270 3.0000
vt -144.0000 3.0000
vt -140.0000 83.0000
vt -144.0000 3.0000
vt -140.0000 3.0000
vt 140.0000 149.5630
vt -149.5630 3.0000
vt -151.1250 99.0000
vt -151.1250 3.0000
vt 140.0000 3.0000
vt 144.0000 83.0000
vt 140.0000 83.0000
vt 144.0000 3.0000
vt 144.0000 149.5630
vt 144.0000 133.5630
vt 144.0000 117.5620
vt 144.0000 113.6870
vt -117.5630 3.0000
vt -113.6880 3.0000
vt -117.5630 83.0000
vt -113.6880 99.0000
vt -155.1250 99.0000
vt -149.5630 83.0000
vt -149.5630 3.0000
vt -140.0000 3.0000
vt -132.0000 99.0000
vt -144.0000 3.0000
vt 144.0000 133.5620
vt 144.0000 149.5620
vt -144.0000 99.0000
vt -140.0000 99.0000
vt 128.0000 155.1250
vt 128.0000 151.1250
vt -193.4690 3.0000
vt -199.8130 99.0000
vt -199.8130 3.0000
vt -161.4690 83.0000
vt -193.4690 83.0000
vt 199.5020 199.8130
vt 171.1900 203.8130
vt 132.0000 199.8130
vt 128.0000 193.4690
vt 132.0000 161.4690
vt 132.0000 193.4690
vt 128.0000 199.8130
vt 128.0000 193.4690
vt 132.0000 199.8130
vt 128.0000 203.8130
vt -203.8130 99.0000
vt -203.8130 3.0000
vt 199.5020 199.8130
vt 132.0000 203.8130
vt 171.1900 203.8130
vt 150.1990 99.0000
vt 199.8130 3.0000
vt 199.8130 99.0000
vt -199.5020 3.0147
vt -202.0000 3.0000
vt -199.5020 3.0000
vt -230.1900 3.0147
vt -199.5020 99.0000
vt -230.1900 99.0000
vt -202.0000 3.0000
vt -199.5020 99.0000
vt -202.0000 99.0000
vt -199.5020 3.0000
vt 203.8130 3.0000
vt 199.8130 99.0000
vt 199.8130 3.0000
vt 203.8130 99.0000
vt -230.1900 203.8130
vt -202.0000 199.8130
vt -202.0000 203.8130
vt 202.0000 203.8130
vt 200.0030 199.8130
vt 202.0000 199.8130
vt -202.0000 150.1990
vt -200.0030 199.8130
vt -203.8130 99.0000
vt -150.1990 3.0147
vt -150.1990 99.0000
vt -150.1990 3.0000
vt -203.8130 3.0000
vt 230.1900 312.0000
vt 308.1250 308.0630
vt -230.1900 312.0000
vt -230.1900 308.0630
vt -307.8130 3.0000
vt -312.0000 99.0000
vt -308.0630 3.0000
vt -311.8130 3.0000
vt 150.1990 3.0000
vt 203.8130 2.1101
vt 203.8130 3.0000
vt 150.1990 2.1101
vt 166.3920 3.0000
vt 171.1270 99.1250
vt 166.3920 83.0000
vt 112.0000 99.1250
vt 113.6880 3.0000
vt 113.6880 99.1250
vt -104.4370 4.0000
vt -168.6900 99.1250
vt -104.4380 99.1250
vt -144.0000 112.0000
vt -140.0000 112.0000
vt -32.6457 0.0000
vt -80.6457 4.0000
vt -80.6457 0.0000
vt -171.1270 113.6880
vt -168.6900 112.0000
vt -168.6900 113.6880
vt -144.0000 149.5630
vt -140.0000 117.5630
vt -140.0000 149.5630
vt 4.0000 99.0601
vt 4.0000 3.0016
vt -400.0000 0.0012
vt -400.0000 4.0012
vt -217.0000 89.5317
vt -315.3020 99.1250
vt -342.2570 99.1250
vt -400.0000 3.1245
vt 312.0000 3.0000
vt 456.1880 -1.8750
vt 312.0000 3.1250
vt -492.0000 -1.8750
vt -308.1250 -1.8750
vt 335.1200 316.8330
vt 336.0940 36.1250
vt 456.1880 3.1250
vt 432.7190 36.1250
vt 336.0940 84.1250
vt 432.7190 84.1250
vt 335.0720 308.6980
vt 308.1250 308.0630
vt 308.1250 99.1250
vt -312.0000 315.6930
vt -157.1880 426.7220
vt -456.1880 315.6930
vt -157.1880 315.6930
vt 157.1880 -346.8470
vt 456.1880 -235.8170
vt 157.1880 -235.8170
vt 312.0000 -2.0000
vt 0.0000 -2.0000
vt 0.0000 172.0000
vt 828.0000 172.2500
vt 0.0000 172.2500
vt 156.0000 172.0000
vt 828.0000 93.5397
vt 828.0000 209.1860
vt 244.4830 -3.4236
vt 252.4830 98.7639
vt 244.4830 98.7639
vt 252.4830 -3.4236
vt -252.4830 74.0254
vt -244.4830 66.0254
vt -244.4830 74.0254
vt -72.0000 100.2500
vt -66.0814 -2.0791
vt -64.0017 100.0870
vt -74.0797 -1.9163
vt -252.4830 -3.4236
vt -244.4830 98.7639
vt -252.4830 98.7639
vt -244.4830 -3.4236
vt -390.9030 -72.0000
vt -398.9030 -64.0000
vt -398.9030 -72.0000
vt 390.9030 -64.0000
vt 398.9030 -72.0000
vt 398.9030 -64.0000
vt -64.0000 -1.9375
vt -72.0000 100.2500
vt -72.0000 -1.9375
vt -104.4050 0.0000
vt 104.4380 -2.1089
vt 112.4380 -2.1089
vt -104.4050 0.0000
vt 104.4380 -74.0000
vt 104.4380 -72.0000
vt 112.4380 -72.0000
vt 112.4380 -70.8750
vt 176.4380 -0.0000
vt 537.3130 -74.0000
vt -529.3130 -2.1089
vt -529.3130 -66.0017
vt -529.3130 74.0254
vt -529.3130 66.0254
vt -537.3130 74.0254
vt -537.3130 66.0254
vt -64.0017 100.0870
vt 529.3130 98.8243
vt -104.4380 -72.0000
vt 104.4380 -72.0000
vt -104.4380 -64.0000
vt -104.4380 100.2500
vt 104.4380 -64.0000
vt 0.0000 0.0000
vt 0.0000 312.0000
vt 104.4360 0.0000
vt 104.4360 -0.0000
vt 104.4360 -2.0000
vt 104.4380 3.0000
vt 104.4360 3.0000
vt 144.0000 3.0000
vt 538.9660 -2.1089
vt 538.9680 0.0000
vt 539.0000 0.0000
vt -539.0000 -2.0000
vt 539.4380 -2.1089
vt 581.9630 -2.0000
vt -0.1607 0.2312
vt -0.1607 -1.7688
vt -104.4360 3.0000
vt -104.4380 3.0000
vt -0.0000 312.0000
vt -4.0000 312.0000
vt -162.0000 3.0000
vt 4.0000 3.0000
vt 4.0000 99.1250
vt -312.0000 3.0000
vt 0.0000 -2.0000
vt -144.0000 3.0000
vt -171.1270 3.0000
vt 171.1270 3.0000
vt -176.4380 3.0000
vt 140.0000 -0.0000
vt 0.0000 99.0000
vt -4.0000 48.0000
vt 144.0000 155.1250
vt 144.0000 113.6880
vt 113.6880 144.4990
vt 112.0000 144.4990
vt 113.6880 169.1890
vt -112.0000 99.0000
vt -112.0000 3.0000
vt -144.0000 3.0000
vt 44.0000 3.0000
vt 44.0000 84.0000
vt 44.0000 308.0630
vt 92.0000 84.0000
vt -44.0000 312.0000
vt -345.1250 3.0000
vt -345.1250 3.1250
vt -392.1250 3.0000
vt -396.0000 3.0000
vt 0.0000 84.0000
vt -360.4380 36.0000
vt -538.8840 3.0000
vt 0.0000 84.0000
vt 0.0000 48.0000
vt -4.0000 84.0000
vt -4.0000 48.0000
vt 0.0000 99.0601
vt -0.0000 90.4314
vt -537.3310 213.0000
vt -537.3310 4.0000
vt -4.0000 90.4314
vt -4.0000 -5.7061
vt -213.0000 90.4314
vt -4.0000 -5.7061
vt -213.0000 -5.7061
vt -4.0000 -5.6415
vt -213.0000 -5.7061
vt -213.0000 9.1878
vt 213.0000 3.0849
vt -4.0000 90.4314
vt -213.0000 90.4314
vt -537.3130 99.1250
vt -4.0000 307.8120
vt -308.1250 308.0620
vt 308.1250 3.0000
vt 230.1900 3.0000
vt 230.1900 3.0000
vt 202.0000 3.0000
vt 230.1900 99.0000
vt 171.1900 307.8130
vt -203.8130 99.0000
vt -203.8130 3.0000
vt -132.0000 3.0000
vt -171.1900 3.0000
vt -132.0000 99.0000
vt 203.8130 3.0000
vt 140.0000 3.0000
vt -132.0000 155.1250
vt -155.1250 3.0000
vt -155.1250 99.0000
vt -161.4690 3.0000
vt -307.8130 99.0000
vt -307.8130 3.0000
vt -308.0630 99.0000
vt -128.0000 3.0000
vt -132.0000 3.0000
vt -128.0000 99.0000
vt -308.0630 3.0000
vt -312.0000 99.0000
vt 308.0630 3.0000
vt 308.0630 99.0000
vt 312.0000 3.0000
vt 307.8130 99.0000
vt -132.0000 99.0000
vt -492.0000 3.0000
vt 308.1250 312.0000
vt 308.1250 312.0000
vt -396.0000 99.3125
vt 537.3130 41.1290
vt -529.3130 100.2500
vt -537.3130 -53.3777
vt 538.9650 -0.0000
vt 538.9680 -0.0000
vt 539.0000 -0.0000
vt -581.9630 2.0625
vt 0.0000 84.7500
vt 539.4380 -0.0000
vt 581.9630 -0.0000
vt -2.2232 -1.7688
vt 809.5010 -0.0000
vt 312.0000 99.1250
vt -217.0000 99.1250
vt -312.0000 99.1250
vt -312.0000 99.3125
vt 132.0000 312.0000
vt 312.0000 99.0000
vt 392.1250 312.0000
vt 392.1250 3.0000
vt 400.0000 312.0000
vt 400.0000 3.1236
vt 396.0000 3.1236
vt 396.0000 310.0000
vt -278.0000 3.0937
vt -217.0000 3.0566
vt -310.0000 3.0937
vt -187.0260 3.1813
vt -155.0260 3.1813
vt -187.0260 3.0739
vt -155.0260 3.1742
vt -150.8120 3.0523
vt -187.0260 3.0668
vt -150.8120 99.0601
vt 400.0000 3.0601
vt 396.0000 3.0601
vt 400.0000 99.0601
vt 176.8420 145.0170
vt 230.5940 145.0730
vt 176.4380 150.0000
vt 176.4530 146.0000
vt 145.3460 3.0000
vt 145.3460 99.0000
vt 149.3460 3.0000
vt 341.8710 3.0452
vt -145.3460 52.0293
vt -149.3460 52.0293
vt -145.3460 84.0429
vt -149.3460 84.0429
vt 266.0200 150.3320
vt 333.0190 150.5790
vt 266.0350 146.3320
vt -176.4650 150.0000
vt 149.3460 99.0000
vt 396.0160 146.8130
vt 396.0000 217.0000
vt -537.3310 3.0849
vt -400.0000 3.0849
vt -538.6430 3.0849
vt -538.6430 99.1250
vt -396.0000 89.5316
vt -396.0000 89.1218
vt -396.0000 87.0521
vt -217.0000 83.1588
vt -396.0000 310.0000
vt -396.0000 278.0000
vt -400.0000 310.0000
vt -217.0000 83.2168
vt -278.0000 83.1818
vt -310.0000 83.1818
vt -278.0000 83.1236
vt -396.0000 83.1236
vt -400.0000 278.0000
vt -341.5910 81.1250
vt -217.0000 87.0451
vt -310.0000 99.0623
vt -213.0740 86.5357
vt -396.0000 86.5262
vt -396.0000 83.1601
vt -217.0000 3.0849
vt -396.0000 217.0000
vt -538.8840 3.0000
vt 538.6430 99.1250
vt 538.6430 17.8919
vt 537.3310 99.1250
vt 213.0000 17.8919
vt 213.0000 3.0849
vt -213.0000 -5.6390
vt -213.0000 -5.5566
vt -537.3310 -0.0000
vt -537.3130 0.0000
vt 537.3130 99.1250
vt 537.3130 100.2500
vt -440.1080 84.0000
vt -440.1080 4.0000
vt -0.0000 48.0000
vt 440.1080 4.0000
vt 488.1080 4.0000
vt 440.1080 0.0000
vt 150.8120 99.0601
vt 396.0150 146.8270
vt -345.1850 150.6280
vt -230.7440 99.0147
vt 345.0060 150.4480
vt 393.0000 150.8010
vt 345.0340 146.6240
vt 393.0290 146.8010
vt 147.7770 77.1074
vt 143.9070 77.1075
vt 147.9070 77.1075
vt 143.9070 3.0593
vt 150.8230 84.1758
vt 150.9230 84.1758
vt 150.9520 3.0642
vt -137.4380 397.9930
vt -137.5680 397.9970
vt -137.5380 397.9970
vt 396.0000 84.2062
vt 396.0000 99.0601
vt 396.0000 310.1350
vt -312.0000 99.0602
vt 335.0720 308.6980
vt 392.1140 310.0430
vt 403.2020 3.1236
vt -149.3460 84.2062
vt 396.0330 84.2062
vt -396.0000 3.0849
vt -187.0250 83.1887
vt -187.0250 83.1767
vt -212.9990 86.5424
vt -187.0260 83.1903
vt -155.0260 83.1903
vt -187.0260 83.1783
vt -212.9990 86.5329
vt -217.0000 99.0602
vt -213.0130 534.8590
vt -213.0130 538.8590
vt -4.0133 534.8640
vt -4.0134 538.8460
vt -400.0000 155.0260
vt -400.0000 3.1820
vt -345.0060 150.4480
vt 346.1030 3.0462
vt 393.0150 146.8010
vt 393.0000 150.8010
vt 145.3460 52.0293
vt 333.0340 146.5790
vt -333.0340 146.5790
vt -200.5570 99.0065
vt 396.0220 146.8060
vt 396.0220 146.8200
vt 400.0070 150.8060
vt 396.0140 146.8130
vt 396.0280 146.8130
vt 400.0140 4.0004
vt 396.0000 146.8120
vt 4.0000 3.0016
vt -176.4380 91.0000
vt -252.4380 84.0000
vt -252.4370 4.0000
vt -252.4380 0.0000
vt -360.4370 4.0000
vt 252.4370 4.0000
vt -360.4380 0.0000
vt -176.4370 4.0000
vt -176.4380 0.0000
vt -216.4370 4.0000
vt 4.0000 91.0000
vt 112.0000 3.0000
vt 146.3920 112.0000
vt 146.3920 113.6880
vt 166.3920 112.0000
vt -113.6880 3.0000
vt -136.4380 3.0000
vt 0.0000 48.0000
vt 140.0000 3.0000
vt 144.0000 99.0000
vt 140.0000 99.0000
vt -4.0000 3.0000
vt -117.5630 3.0000
vt -149.5630 83.0000
vt -155.1250 3.0000
vt -132.0000 3.0000
vt 132.0000 155.1250
vt 132.0000 199.8120
vt -132.0000 177.4690
vt 128.0000 199.8130
vt 128.0000 161.4690
vt -128.0000 3.0000
vt -132.0000 3.0000
vt -128.0000 83.0000
vt -161.4690 3.0000
vt 128.0000 83.0000
vt 150.1990 3.0000
vt 150.1990 3.0147
vt -230.1900 3.0000
vt -202.0000 99.0000
vt -199.5020 150.1990
vt -199.5020 199.8130
vt 199.5020 203.8130
vt 202.0000 99.0000
vt -230.1900 150.1990
vt 230.1900 307.8120
vt -312.0000 3.0000
vt -171.1900 203.8130
vt -230.1900 307.8130
vt -171.1900 99.0000
vt 203.8130 3.0000
vt 203.8130 99.0000
vt -132.0000 83.0000
vt 146.3920 113.6880
vt 171.1270 3.0000
vt -32.6457 4.0000
vt 112.0000 169.1890
vt -168.6900 99.1250
vt 168.6900 99.1250
vt 166.3920 113.6880
vt -144.0000 117.5630
vt -144.0000 83.0000
vt -216.4380 0.0000
vt 150.8120 3.0601
vt 488.1080 0.0000
vt -396.0000 3.0849
vt 200.5570 99.0065
vt -492.0000 3.1251
vt 312.0000 -1.8750
vt 492.0000 312.0000
vt -314.2870 3.0000
vt -318.7870 3.1250
vt -318.7870 3.0000
vt 456.1880 108.0000
vt -400.0620 170.2500
vt -456.1880 426.7220
vt 456.1880 -346.8470
vt 312.0000 -346.8470
vt 828.0000 172.0000
vt 581.9630 84.7500
vt -398.9030 100.2500
vt -390.9030 100.2500
vt -252.4830 100.2500
vt 244.4830 66.0254
vt 244.4830 74.0254
vt 252.4830 66.0254
vt 74.0797 -1.9163
vt 66.0814 -2.0791
vt 72.0000 100.2500
vt 64.0017 100.0870
vt -252.4830 66.0254
vt 252.4830 74.0254
vt 398.9030 -1.9375
vt 390.9030 -1.9375
vt 398.9030 100.2500
vt -390.9030 -64.0000
vt 72.0000 100.2500
vt 72.0000 -1.9375
vt 64.0000 100.2500
vt 390.9030 100.2500
vt 390.9030 -72.0000
vt -64.0000 100.2500
vt -390.9030 -1.9375
vt -398.9030 -1.9375
vt -390.9030 100.2500
vt -398.9030 100.2500
vt 64.0000 -1.9375
vt -312.0000 3.0000
vt 104.4050 0.0000
vt -104.4360 -2.0000
vt -70.8750 -2.1089
vt -64.0000 -2.1089
vt -72.0000 -2.1089
vt -112.4380 -72.0000
vt -112.4380 100.2500
vn 0.0000 -0.0000 1.0000
vn 0.0000 0.0000 -1.0000
vn 0.0000 1.0000 0.0000
vn 0.0000 0.0195 0.9998
vn -1.0000 0.0000 0.0000
vn 1.0000 0.0000 0.0000
vn 0.0000 -1.0000 -0.0000
vn 0.0000 -0.0204 -0.9998
vn -0.0000 -0.0003 -1.0000
vn -0.1808 0.0904 -0.9794
vn -1.0000 -0.0000 -0.0001
vn -1.0000 -0.0000 0.0003
vn 0.9999 0.0162 0.0000
vn 0.0162 -0.9999 -0.0000
vn -0.0002 0.0000 -1.0000
vn -0.0163 0.0000 0.9999
vn -0.0162 -0.0000 0.9999
vn -0.9239 0.2706 -0.2706
vn 0.9239 -0.2706 -0.2706
vn -0.9239 -0.0000 0.3827
vn 0.0000 0.9246 -0.3808
vn 0.0000 0.9246 0.3808
vn 0.0000 -0.9866 -0.1635
vn -1.0000 0.0003 0.0000
vn -0.0236 0.0000 -0.9997
vn -1.0000 0.0000 -0.0058
vn -1.0000 0.0000 -0.0060
vn 0.0001 1.0000 0.0001
vn -0.0000 -1.0000 -0.0004
vn -1.0000 0.0000 0.0038
vn -1.0000 0.0000 0.0037
vn -0.0023 -0.0000 -1.0000
vn -0.0024 0.0000 -1.0000
vn -0.0003 1.0000 0.0000
vn 0.0007 0.9646 0.2639
vn 0.0007 0.9646 0.2638
vn 0.0037 -0.0000 1.0000
vn -0.0037 0.0000 -1.0000
vn -0.0003 1.0000 -0.0001
vn 0.0038 0.0001 1.0000
vn 0.0003 -1.0000 -0.0000
vn -0.0000 0.9999 -0.0139
vn -0.0214 0.0001 -0.9998
vn -0.0214 0.0000 -0.9998
vn 0.0002 -1.0000 0.0000
vn -0.0037 0.0002 -1.0000
vn -0.0037 -0.0003 -1.0000
vn -0.0037 0.0001 -1.0000
vn -0.0037 -0.0002 -1.0000
vn -0.0036 0.0002 -1.0000
vn 1.0000 -0.0000 -0.0072
vn 0.9994 -0.0000 -0.0335
vn 1.0000 0.0000 0.0056
vn 1.0000 -0.0000 0.0059
vn 0.0241 -0.0000 0.9997
vn 0.0040 0.0000 1.0000
vn 0.0002 0.0000 1.0000
vn 0.0074 0.0000 1.0000
vn 0.0074 0.0011 1.0000
vn 0.0073 0.0011 1.0000
vn -0.0039 0.0000 -1.0000
vn -0.0039 -0.0001 -1.0000
vn -0.0039 0.0008 -1.0000
vn -1.0000 -0.0000 0.0073
vn -0.0038 0.0000 -1.0000
vn 1.0000 0.0000 -0.0037
vn -0.0000 -0.0001 -1.0000
vn 1.0000 0.0000 0.0001
vn 1.0000 0.0000 -0.0003
vn 0.9239 -0.0000 0.3827
vn 0.9239 0.0000 -0.3827
vn 0.9239 0.2706 0.2706
vn 0.0177 0.9998 0.0000
vn 0.0000 0.0000 0.0000
vn -0.5607 0.8280 0.0000
vn 0.5607 0.8280 0.0000
vn -0.0138 -0.0775 0.9969
vn -0.1394 -0.7839 0.6050
vn -0.0675 -0.3792 0.9228
vn 0.0000 0.0204 0.9998
vn 0.0000 0.9998 -0.0204
vn 0.0000 -0.9998 0.0204
vn 0.0000 -0.0195 -0.9998
vn 0.0000 -1.0000 -0.0001
vn -0.0002 1.0000 -0.0003
vn 0.0001 -0.0001 1.0000
vn -0.0051 1.0000 0.0000
vn -0.9239 -0.2706 0.2706
vn -0.9999 -0.0162 0.0000
vn 0.9999 0.0161 0.0000
vn 0.9941 0.0161 0.1074
vn -0.9239 0.0000 -0.3827
vn -0.0005 1.0000 -0.0003
vn 0.0000 -0.9246 -0.3808
vn 0.0000 0.9866 0.1635
vn 1.0000 -0.0003 0.0002
vn 1.0000 -0.0003 0.0003
vn 1.0000 0.0000 0.0058
vn 0.9102 -0.2705 -0.3137
vn -0.0001 -1.0000 -0.0000
vn -0.0002 -1.0000 -0.0000
vn 0.0000 1.0000 0.0004
vn 0.0051 0.0000 1.0000
vn 0.0050 -0.0000 1.0000
vn -0.0007 -0.9646 -0.2636
vn -0.0007 -0.9645 -0.2639
vn -0.0036 0.0001 -1.0000
vn 1.0000 0.0000 -0.0038
vn 1.0000 -0.0017 0.0000
vn 1.0000 -0.0023 0.0000
vn 0.0214 -0.0000 0.9998
vn 0.0001 0.0000 1.0000
vn 0.9999 0.0162 0.0001
vn -0.0003 1.0000 0.0001
vn 0.0037 -0.0001 1.0000
vn 0.0036 -0.0001 1.0000
vn -0.9998 -0.0179 0.0074
vn -0.9998 -0.0179 0.0073
vn -1.0000 0.0000 0.0072
vn 0.0021 -1.0000 -0.0001
vn -0.0238 0.0000 -0.9997
vn 0.0213 0.0000 0.9998
vn 0.0161 -0.9999 -0.0000
vn -0.0074 0.0000 -1.0000
vn 0.0143 -0.9998 -0.0144
vn -0.0002 1.0000 0.0000
vn 0.0003 0.0000 1.0000
vn 0.0236 -0.0000 0.9997
vn 1.0000 0.0000 0.0060
vn 0.5607 -0.8280 -0.0000
vn -0.5607 -0.8280 -0.0000
usemtl FrontColor
s 1
f 764/1/1 765/2/1 766/3/1
f 767/4/1 765/2/1 768/5/1
f 765/6/2 769/7/2 770/8/2
f 770/9/3 771/10/3 769/11/3
f 776/12/3 773/13/3 775/14/3
f 772/15/4 781/16/4 773/17/4
f 781/16/4 772/15/4 782/18/4
f 781/19/5 783/20/5 773/21/5
f 782/22/6 772/23/6 785/24/6
f 786/25/6 785/24/6 787/26/6
f 782/22/6 786/25/6 788/27/6
f 786/28/2 789/29/2 788/30/2
f 791/31/7 786/32/7 787/33/7
f 791/34/5 784/35/5 790/36/5
f 783/20/5 784/35/5 791/34/5
f 790/36/5 784/35/5 789/37/5
f 792/38/5 789/37/5 784/35/5
f 792/39/8 788/40/8 789/41/8
f 788/40/8 792/39/8 793/42/8
f 799/43/2 794/44/2 798/45/2
f 794/44/2 799/43/2 800/46/2
f 801/47/1 799/48/1 800/49/1
f 799/48/1 801/47/1 802/50/1
f 801/51/5 805/52/5 804/53/5
f 805/52/5 801/51/5 800/54/5
f 805/55/3 799/56/3 806/57/3
f 799/58/6 803/59/6 806/60/6
f 803/59/6 799/58/6 802/61/6
f 806/60/6 803/59/6 807/62/6
f 804/63/7 807/64/7 803/65/7
f 804/53/5 805/52/5 808/66/5
f 776/67/2 808/68/2 807/69/2
f 808/68/2 776/67/2 809/70/2
f 810/71/3 776/12/3 775/14/3
f 811/72/1 810/73/1 775/74/1
f 813/75/3 812/76/3 811/77/3
f 817/78/5 815/79/5 816/80/5
f 815/79/5 817/78/5 818/81/5
f 819/82/3 818/83/3 817/84/3
f 818/83/3 819/82/3 820/85/3
f 824/86/9 817/78/2 823/87/2
f 825/88/3 817/78/2 824/86/9
f 826/89/2 817/78/2 825/88/3
f 817/78/2 826/89/2 819/90/2
f 819/90/2 827/91/2 828/92/2
f 812/93/1 825/94/1 827/95/1
f 813/75/3 811/77/3 829/96/3
f 775/74/1 829/97/1 811/72/1
f 829/97/1 775/74/1 774/98/1
f 774/98/1 763/99/1 829/97/1
f 813/75/3 829/96/3 763/100/3
f 813/75/3 763/100/3 832/101/3
f 769/102/1 834/103/1 768/5/1
f 769/11/3 771/10/3 835/104/3
f 836/105/1 768/5/1 834/103/1
f 836/105/1 837/106/1 767/4/1
f 834/103/1 838/107/1 836/105/1
f 838/107/1 834/103/1 839/108/1
f 840/109/3 834/110/3 839/111/3
f 840/112/6 838/113/6 839/114/6
f 833/115/3 843/116/3 844/117/3
f 844/117/3 843/116/3 845/118/3
f 845/119/1 848/120/1 847/121/1
f 848/120/1 845/119/1 844/122/1
f 847/121/1 848/120/1 846/123/1
f 851/124/3 842/125/3 848/126/3
f 851/124/3 841/127/3 842/125/3
f 851/124/3 852/128/3 762/129/3
f 854/130/3 855/131/3 853/132/3
f 854/130/3 856/133/3 855/131/3
f 859/134/3 857/135/3 858/136/3
f 860/137/3 857/135/3 859/134/3
f 862/138/3 857/135/3 861/139/3
f 865/140/3 857/135/3 864/141/3
f 865/140/3 866/142/3 857/135/3
f 868/143/3 867/144/3 865/140/3
f 869/145/3 831/146/3 870/147/3
f 869/145/3 873/148/3 872/149/3
f 869/145/3 875/150/3 874/151/3
f 879/152/3 876/153/3 878/154/3
f 880/155/3 876/153/3 879/152/3
f 876/153/3 880/155/3 881/156/3
f 880/155/3 882/157/3 881/156/3
f 883/158/3 881/156/3 882/157/3
f 883/158/3 884/159/3 881/156/3
f 884/159/3 883/158/3 885/160/3
f 883/158/3 886/161/3 885/160/3
f 887/162/3 888/163/3 820/85/3
f 888/164/6 889/165/6 820/166/6
f 891/167/2 820/168/2 889/169/2
f 826/170/3 887/162/3 819/82/3
f 821/171/2 820/168/2 818/172/2
f 820/168/2 821/171/2 889/169/2
f 888/163/3 818/83/3 820/85/3
f 818/83/3 888/163/3 894/173/3
f 898/174/6 894/175/6 897/176/6
f 813/177/2 897/178/2 899/179/2
f 898/180/2 896/181/2 897/178/2
f 902/182/2 901/183/2 898/180/2
f 901/184/7 821/185/7 898/186/7
f 821/185/7 901/184/7 889/187/7
f 821/188/5 904/189/5 898/190/5
f 905/191/5 904/189/5 822/192/5
f 906/193/2 907/194/2 905/191/2
f 909/195/2 905/191/2 907/194/2
f 905/191/2 909/195/2 822/192/2
f 910/196/2 911/197/2 822/192/2
f 871/198/3 912/199/3 831/146/3
f 912/199/3 871/198/3 914/200/3
f 915/201/3 871/198/3 872/149/3
f 917/202/3 914/200/3 916/203/3
f 918/204/3 919/205/10 914/200/3
f 918/204/3 830/206/3 919/205/10
f 920/207/3 830/206/3 918/204/3
f 892/208/3 830/206/3 920/207/3
f 824/209/5 921/210/5 892/211/5
f 824/86/9 923/212/2 922/213/2
f 923/212/2 824/86/9 823/87/2
f 922/213/2 923/212/2 924/214/2
f 925/215/5 923/216/5 924/217/5
f 921/218/2 926/219/2 925/220/2
f 926/219/2 892/221/2 891/167/2
f 925/220/2 889/169/2 921/218/2
f 891/167/2 889/169/2 927/222/2
f 909/223/7 821/185/7 889/187/7
f 821/185/7 909/223/7 822/224/7
f 922/213/2 822/192/2 911/197/2
f 928/225/2 822/192/2 924/214/2
f 825/226/3 886/161/3 826/170/3
f 929/227/5 892/211/5 921/210/5
f 892/211/5 929/227/5 920/228/5
f 920/228/5 929/227/5 930/229/5
f 932/230/3 931/231/3 929/232/3
f 931/231/3 932/230/3 933/233/3
f 917/234/2 932/235/2 939/236/2
f 915/237/6 940/238/6 914/239/6
f 912/240/6 940/238/6 910/241/6
f 942/242/7 910/243/7 940/244/7
f 940/244/7 944/245/7 945/246/7
f 945/246/7 909/223/7 946/247/7
f 909/223/7 889/187/7 946/247/7
f 947/248/6 896/249/6 901/250/6
f 896/249/6 947/248/6 948/251/6
f 890/252/6 948/251/6 947/248/6
f 890/252/6 895/253/6 949/254/6
f 890/252/6 888/164/6 895/253/6
f 950/255/7 895/256/7 949/257/7
f 948/258/7 900/259/7 951/260/7
f 951/261/5 952/262/5 900/263/5
f 952/262/5 951/261/5 953/264/5
f 948/265/1 953/266/1 947/267/1
f 951/260/7 949/257/7 948/258/7
f 951/260/7 955/268/7 954/269/7
f 952/270/1 896/271/1 900/272/1
f 896/271/1 952/270/1 901/273/1
f 957/274/6 952/275/6 956/276/6
f 952/275/6 957/274/6 953/277/6
f 959/278/1 958/279/1 957/280/1
f 958/279/1 961/281/1 954/282/1
f 952/283/3 961/284/3 962/285/3
f 961/286/5 963/287/5 962/288/5
f 963/287/5 961/286/5 960/289/5
f 957/290/7 964/291/7 959/292/7
f 959/292/7 963/293/7 960/294/7
f 963/295/1 965/296/1 964/297/1
f 965/296/1 962/298/1 955/299/1
f 955/299/1 952/270/1 900/272/1
f 860/300/2 900/301/2 955/302/2
f 900/301/2 860/300/2 899/179/2
f 860/303/5 966/304/5 899/305/5
f 966/304/5 860/303/5 967/306/5
f 899/307/1 859/308/1 860/309/1
f 857/135/3 971/310/3 856/133/3
f 866/311/2 972/312/2 857/313/2
f 972/312/2 866/311/2 973/314/2
f 974/315/6 856/316/6 857/317/6
f 974/318/5 856/316/5 975/319/5
f 976/320/1 975/321/1 856/322/1
f 975/321/1 976/320/1 977/323/1
f 978/324/11 980/325/11 981/326/11
f 974/327/2 980/328/2 982/329/2
f 983/330/2 982/329/2 980/328/2
f 973/314/2 982/329/2 983/330/2
f 971/331/11 982/332/11 866/333/12
f 982/332/11 971/331/11 984/334/12
f 984/335/2 985/336/2 971/337/2
f 978/338/2 971/337/2 985/336/2
f 971/339/7 831/340/7 856/322/7
f 831/340/7 762/341/7 856/322/7
f 856/322/7 762/341/7 976/320/1
f 991/342/2 853/343/2 855/344/2
f 994/345/2 993/346/2 990/347/2
f 995/348/2 993/346/2 994/345/2
f 993/346/2 995/348/2 996/349/2
f 991/342/2 855/344/2 996/349/2
f 976/350/3 853/132/3 855/131/3
f 853/132/3 976/350/3 762/129/3
f 976/351/5 993/352/5 855/353/5
f 987/354/2 976/355/2 997/356/2
f 853/132/3 762/129/3 852/128/3
f 999/357/13 762/358/13 852/359/13
f 942/360/1 852/361/1 999/362/1
f 853/363/1 1003/364/1 852/361/1
f 1002/365/14 1003/366/14 1004/367/14
f 1003/366/14 1002/365/14 852/368/14
f 1007/369/2 1001/370/2 1006/371/15
f 1001/370/2 1007/369/2 1008/372/2
f 1008/373/7 1009/374/7 1007/375/7
f 1001/376/6 1010/377/6 1011/378/6
f 1001/370/2 1012/379/2 1013/380/2
f 1013/380/2 1014/381/2 1015/382/2
f 853/343/2 942/383/2 852/384/2
f 993/346/2 940/385/2 992/386/2
f 871/387/2 940/385/2 1016/388/2
f 941/389/7 942/242/7 940/244/7
f 1018/390/7 1017/391/7 941/389/7
f 936/392/7 1017/391/7 1018/390/7
f 889/187/7 1017/391/7 936/392/7
f 1019/393/7 890/394/7 947/395/7
f 890/394/7 1019/393/7 1017/396/7
f 903/397/7 947/395/7 901/184/7
f 1019/398/6 967/399/6 903/400/6
f 1022/401/16 1023/402/17 1021/403/17
f 1025/404/1 1023/402/1 1024/405/1
f 862/406/3 1026/407/3 863/408/3
f 863/409/5 1027/410/5 1026/411/5
f 863/408/3 1029/412/3 864/413/3
f 863/408/3 1031/414/3 1029/412/3
f 1032/415/7 1037/416/7 1038/417/7
f 1038/418/6 1036/419/6 1037/420/6
f 1036/421/1 1040/422/1 1037/423/1
f 1040/422/1 1036/421/1 1041/424/1
f 1038/417/7 1040/425/7 950/255/7
f 888/426/7 950/255/7 883/427/7
f 1041/428/6 950/429/6 1042/430/6
f 1043/431/5 1041/432/5 1040/433/5
f 1045/434/5 1044/435/5 1043/431/5
f 1046/436/5 1044/435/5 1045/434/5
f 1047/437/5 1044/435/5 1046/436/5
f 1047/437/5 1048/438/5 1044/435/5
f 883/439/5 1048/438/5 1047/437/5
f 1048/438/5 885/440/5 1049/441/5
f 885/442/1 931/443/1 1049/444/1
f 885/160/3 893/445/3 884/159/3
f 1050/446/7 1048/447/7 1044/448/7
f 1052/449/1 882/450/1 880/451/1
f 882/452/7 878/453/7 880/454/7
f 878/453/7 882/452/7 1045/455/7
f 883/427/7 1043/456/18 1045/455/19
f 883/427/7 1040/425/20 1043/456/18
f 1036/457/3 1042/458/3 1041/459/3
f 954/269/7 1053/460/7 950/255/7
f 1024/461/7 1054/462/7 1025/463/7
f 958/464/3 1039/465/3 1022/466/3
f 1056/467/6 861/468/6 1021/469/6
f 861/468/6 1056/467/6 862/470/6
f 860/471/6 1023/472/6 861/468/6
f 1023/472/6 860/471/6 1021/469/6
f 1021/469/6 860/471/6 967/399/6
f 967/473/1 1057/474/1 860/309/1
f 860/300/2 1053/475/2 1057/476/2
f 965/477/2 1053/475/2 955/302/2
f 1053/475/2 965/477/2 1055/478/2
f 1055/479/1 903/480/1 965/296/1
f 1055/479/1 967/473/1 903/480/1
f 1053/481/1 967/473/1 1055/479/1
f 903/482/5 1058/483/5 967/306/5
f 1063/484/2 1062/485/2 1020/486/2
f 1062/485/2 1063/484/2 1064/487/2
f 1065/488/2 1064/489/2 1063/490/2
f 1064/489/2 1065/488/2 1066/491/2
f 851/492/2 1065/488/2 1067/493/2
f 1068/494/2 833/495/2 832/496/2
f 854/497/1 899/307/1 1068/498/1
f 1069/499/3 1068/500/3 1070/501/3
f 899/305/5 966/304/5 1069/502/5
f 1069/502/5 966/304/5 1071/503/5
f 966/504/3 968/505/3 1071/506/3
f 968/505/3 966/504/3 967/507/3
f 966/304/5 967/306/5 1058/483/5
f 1072/508/5 1059/509/5 1071/503/5
f 1071/503/5 1059/509/5 1073/510/5
f 1073/511/2 1074/512/2 1075/513/2
f 1076/514/2 1075/513/2 1074/512/2
f 1077/515/2 1078/516/2 1079/517/2
f 1077/515/2 1079/517/2 1059/518/2
f 1080/519/2 1059/518/2 1079/517/2
f 1074/512/2 1059/518/2 1080/519/2
f 1081/520/2 1077/515/2 1059/518/2
f 1077/515/2 1081/520/2 1082/521/2
f 1059/522/3 1083/523/3 1077/524/3
f 1060/525/5 1081/526/5 1059/509/5
f 1081/526/5 1060/525/5 1084/527/5
f 1077/524/3 1083/523/3 1061/528/3
f 1084/529/21 1086/530/21 1085/531/21
f 902/532/21 1086/530/21 1084/529/21
f 1086/530/21 902/532/21 1087/533/21
f 902/534/5 1088/535/5 1087/536/5
f 898/190/5 1088/535/5 902/534/5
f 898/190/5 1089/537/5 1088/535/5
f 1090/538/22 1089/539/22 904/540/22
f 1089/539/22 1090/538/22 1087/541/22
f 1087/541/22 1090/538/22 1086/542/22
f 1086/542/22 1090/538/22 1091/543/22
f 904/540/22 1093/544/22 1090/538/22
f 1093/544/22 904/540/22 906/545/22
f 1092/546/2 906/193/2 1093/547/2
f 908/548/2 906/193/2 1092/546/2
f 908/549/6 1094/550/6 782/22/6
f 782/551/2 794/44/2 1094/552/2
f 1091/553/23 794/554/23 1090/555/23
f 1094/550/6 1092/556/6 1091/557/6
f 849/558/2 908/548/2 1095/559/2
f 988/560/1 837/106/1 849/561/1
f 762/341/1 766/3/1 988/560/1
f 850/562/1 849/561/1 837/106/1
f 837/563/7 1096/564/7 850/565/7
f 1097/566/6 838/113/6 841/567/6
f 842/568/1 1096/569/1 841/570/1
f 1096/569/1 842/568/1 843/571/1
f 843/572/5 846/573/5 842/574/5
f 1096/575/24 846/576/24 850/577/24
f 1067/578/6 848/579/6 851/580/6
f 1067/578/6 1095/581/6 849/582/6
f 1095/581/6 1067/578/6 1098/583/6
f 1095/584/22 1091/585/22 1092/586/22
f 1098/583/6 1067/578/6 1099/587/6
f 1086/588/6 1067/578/6 1101/589/6
f 1067/493/2 1063/490/2 1020/590/2
f 1061/591/6 1063/592/6 1077/593/6
f 1106/594/5 1085/595/5 1105/596/5
f 1085/595/5 1106/594/5 1107/597/5
f 1077/593/6 1085/598/6 1061/591/6
f 1101/599/2 1061/600/2 1085/601/2
f 1085/531/21 1086/530/21 1101/602/21
f 1060/603/2 902/182/2 1084/604/2
f 1022/466/3 965/605/3 958/464/3
f 1017/606/6 1021/469/6 1019/398/6
f 1021/469/6 1017/606/6 1056/467/6
f 1021/607/25 1108/608/25 1109/609/25
f 1110/610/26 1109/611/26 1108/612/26
f 967/613/2 1110/614/2 968/615/2
f 1110/614/2 967/613/2 903/616/2
f 1111/617/27 968/618/27 1110/610/27
f 968/618/27 1111/617/27 1112/619/27
f 1112/620/3 969/621/3 1113/622/3
f 1071/506/3 968/505/3 1073/623/3
f 1113/622/3 969/621/3 1075/624/3
f 970/625/2 854/626/2 858/627/2
f 854/626/2 970/625/2 1115/628/2
f 1075/624/28 1114/629/28 1115/630/28
f 1115/631/2 1064/489/2 1066/491/2
f 1116/632/5 1115/633/5 1117/634/5
f 1066/635/29 1117/636/29 1115/637/29
f 1117/636/29 1066/635/29 1118/638/29
f 1118/638/29 1066/635/29 1119/639/29
f 1119/640/3 1122/641/3 1123/642/3
f 1124/643/29 1119/639/29 1125/644/29
f 1122/645/5 1124/646/5 1126/647/5
f 1015/648/5 1124/646/5 1125/649/5
f 1014/650/29 1127/651/29 1125/644/29
f 1127/651/29 1014/650/29 1128/652/29
f 1129/653/5 1015/648/5 1127/654/5
f 1015/648/5 1129/653/5 1130/655/5
f 1131/656/1 1129/657/1 1132/658/1
f 1129/659/3 1133/660/3 1132/661/3
f 1133/660/3 1129/659/3 1134/662/3
f 1128/652/29 1135/663/29 1127/651/29
f 1135/663/29 1128/652/29 1136/664/29
f 1134/665/5 1135/666/5 1137/667/5
f 1138/668/5 1139/669/5 1137/670/5
f 972/671/29 1136/664/29 856/672/29
f 1142/673/5 1135/666/5 972/674/5
f 1143/675/3 1140/676/3 1142/677/3
f 1135/678/30 1143/679/30 1140/680/30
f 1144/681/30 1143/679/30 1135/678/30
f 1143/679/31 1144/681/31 1145/682/31
f 1144/683/32 1142/684/33 1145/685/32
f 1135/686/34 1147/687/34 1146/688/34
f 1147/687/34 1135/686/34 1148/689/34
f 1149/690/35 1148/691/36 1135/692/36
f 1149/690/35 1150/693/36 1148/691/36
f 1151/694/36 1150/693/36 1149/690/35
f 1151/694/35 1152/695/36 1150/693/36
f 1153/696/36 1152/695/36 1151/694/35
f 1154/697/34 1156/698/34 1152/699/34
f 1154/700/37 1158/701/37 1155/702/37
f 1159/703/38 1156/704/38 1157/705/38
f 1150/706/34 1156/698/34 1161/707/39
f 1158/701/37 1150/708/37 1162/709/40
f 1150/708/37 1163/710/37 1162/709/40
f 1163/711/7 1165/712/7 1162/713/7
f 1169/714/37 1164/715/37 1168/716/37
f 1163/710/37 1164/715/37 1169/714/37
f 1168/716/37 1164/715/37 1171/717/37
f 1164/718/41 1172/719/41 1171/720/41
f 1173/721/41 1171/720/41 1172/719/41
f 1171/720/41 1173/721/41 1174/722/41
f 1159/723/41 1174/722/41 1173/721/41
f 1146/724/38 1175/725/38 1142/684/38
f 1175/725/38 1146/724/38 1147/726/38
f 1176/727/42 1140/728/3 1141/729/3
f 1176/727/42 1139/730/18 1140/728/3
f 1176/731/5 1178/732/5 1177/733/5
f 1139/734/5 1178/732/5 1179/735/5
f 1178/732/5 1180/736/5 1179/735/5
f 1011/737/2 1183/738/2 1182/739/2
f 1011/737/2 1124/740/2 1126/741/2
f 1011/742/7 1067/743/7 1187/744/7
f 1011/737/2 1177/745/2 1104/746/2
f 1181/747/5 1179/748/5 1180/749/5
f 1179/748/5 1181/747/5 1188/750/5
f 1181/751/5 1189/752/5 1188/753/5
f 1190/754/5 1182/755/5 1176/756/5
f 1190/754/5 1183/757/5 1182/755/5
f 1190/754/5 1184/758/5 1183/757/5
f 1190/754/5 1185/759/5 1184/758/5
f 1122/760/2 1192/761/2 1123/762/2
f 1121/763/1 1120/764/1 1190/765/1
f 1194/766/43 1193/767/43 1121/768/43
f 1190/769/44 1193/767/44 1176/770/44
f 1176/770/44 1193/767/44 1195/771/44
f 1182/772/5 1183/773/5 1189/774/5
f 1184/775/5 1189/776/5 1183/777/5
f 1189/776/5 1184/775/5 1196/778/5
f 1124/646/5 1015/648/5 1185/779/5
f 1196/780/5 1126/781/5 1015/782/5
f 1185/783/5 1196/780/5 1184/784/5
f 1125/785/7 1186/786/7 1014/787/7
f 1012/788/7 1010/789/7 1008/373/7
f 1012/379/2 1008/372/2 1005/790/2
f 1005/791/2 1002/792/2 1004/793/2
f 1014/794/2 1012/795/2 1005/796/2
f 1000/797/6 1009/798/6 1187/799/6
f 849/800/7 1000/801/7 1067/743/7
f 910/196/2 907/194/2 943/802/2
f 944/803/2 907/194/2 910/196/2
f 907/194/2 944/803/2 909/195/2
f 988/804/2 977/805/2 910/196/2
f 988/804/2 989/806/2 977/805/2
f 998/807/7 990/808/7 989/809/7
f 998/810/6 995/811/6 994/812/6
f 855/353/5 993/352/5 996/813/1
f 1141/814/3 1145/815/3 993/816/3
f 1142/817/45 1198/818/45 1140/819/45
f 1142/820/41 1172/719/41 1164/718/41
f 1199/821/46 1159/703/46 1175/725/46
f 1170/822/47 1159/703/48 1199/821/38
f 1167/823/49 1159/703/48 1170/822/47
f 1160/824/50 1159/703/50 1165/825/50
f 1175/826/51 1148/827/51 1202/828/51
f 1148/829/52 1200/830/52 1203/831/52
f 1135/832/37 1200/833/37 1148/834/37
f 1062/835/3 1141/729/3 1064/836/3
f 970/837/2 1062/838/2 1115/631/2
f 1062/838/2 970/837/2 1204/839/2
f 1204/840/53 1205/841/53 970/842/54
f 1205/841/53 1204/840/53 1206/843/54
f 1110/614/2 903/616/2 1204/839/2
f 1204/839/2 903/616/2 1062/838/2
f 1204/844/3 1111/845/3 1110/846/3
f 1116/847/5 1190/848/5 1176/849/5
f 1121/850/5 1116/847/5 1118/851/5
f 1118/851/5 1116/847/5 1117/852/5
f 1116/853/55 1207/854/55 1208/855/55
f 1194/766/44 1118/856/44 1209/857/44
f 1198/858/56 1138/859/37 1140/860/37
f 1200/833/37 1138/859/37 1198/858/56
f 1210/861/57 1140/862/57 1211/863/57
f 1013/380/2 1188/864/2 1179/865/2
f 1013/380/2 1015/382/2 1196/866/2
f 1196/780/5 1015/782/5 1130/867/5
f 1130/868/1 1131/656/1 1212/869/1
f 1131/870/7 1137/871/7 1212/872/7
f 1179/748/5 1212/873/5 1137/874/5
f 1013/380/2 1139/875/2 1214/876/2
f 1214/877/5 1177/878/5 1139/879/5
f 1177/878/5 1214/877/5 1215/880/5
f 1215/881/2 1104/746/2 1177/745/2
f 1214/882/7 1104/883/7 1105/884/7
f 1214/882/7 1017/391/7 1215/885/7
f 1017/391/7 1020/886/7 1215/885/7
f 1013/380/2 1214/876/2 1105/887/2
f 1011/742/7 1105/884/7 1104/883/7
f 1001/370/2 1013/380/2 1105/887/2
f 1213/888/2 1134/889/2 1137/890/2
f 1150/706/34 1161/707/39 1148/689/34
f 1160/891/34 1161/707/39 1156/698/34
f 1160/891/34 1148/689/34 1161/707/34
f 1148/689/34 1160/891/34 1216/892/34
f 1217/893/58 1218/894/58 1148/895/58
f 1218/894/59 1217/893/60 1219/896/59
f 1221/897/61 1217/898/62 1220/899/63
f 1217/898/62 1221/897/61 1222/900/61
f 1221/901/7 1220/902/7 1219/903/7
f 1221/901/7 1219/903/7 1218/904/7
f 1199/905/64 1161/906/64 1160/907/64
f 1161/906/64 1199/905/64 1201/908/64
f 1160/824/65 1166/909/65 1199/821/38
f 1199/821/38 1166/909/65 1170/822/47
f 1170/910/66 1163/911/66 1169/912/66
f 975/913/3 993/816/3 974/914/3
f 993/816/3 975/913/3 977/915/3
f 975/916/67 910/196/2 977/805/2
f 984/335/2 910/196/2 975/916/67
f 975/916/67 979/917/2 984/335/2
f 986/918/68 973/919/68 983/920/68
f 973/919/68 986/918/68 985/921/68
f 981/922/3 985/923/3 978/924/3
f 871/925/69 913/926/69 831/927/69
f 873/928/3 915/201/3 872/929/3
f 915/201/3 873/928/3 916/203/3
f 1223/930/6 873/931/6 1224/932/6
f 1223/933/2 915/934/2 916/935/2
f 941/936/2 1223/933/2 932/235/2
f 1225/937/5 917/938/5 939/939/5
f 1225/940/1 938/941/1 874/942/1
f 938/941/1 1225/940/1 935/943/1
f 1226/944/70 918/204/71 938/945/72
f 918/204/3 1227/946/3 920/207/3
f 884/159/73 920/207/73 1227/946/73
f 891/947/3 923/948/3 926/949/3
f 923/948/3 891/947/3 823/950/3
f 928/951/6 891/952/6 927/953/6
f 922/954/7 1228/955/7 911/956/7
f 1228/955/7 922/954/7 921/957/7
f 1228/958/5 830/959/5 911/960/5
f 1228/961/2 914/962/2 919/963/2
f 914/962/2 1228/961/2 940/385/2
f 919/205/3 912/199/3 914/200/3
f 912/199/3 919/205/3 830/206/3
f 930/964/2 1226/965/2 1227/966/2
f 1226/944/3 1230/967/3 1227/946/3
f 1230/968/5 931/969/5 884/970/5
f 1230/971/1 1233/972/1 1232/973/1
f 1233/972/1 1230/971/1 1231/974/1
f 1231/975/3 1226/944/74 1234/976/3
f 874/151/3 1226/977/3 938/978/3
f 1226/979/5 938/980/5 1229/981/5
f 935/982/5 1229/981/5 938/980/5
f 1229/981/5 934/983/5 1233/984/5
f 1233/984/5 934/983/5 1231/985/5
f 876/986/2 1051/987/2 875/988/2
f 881/156/3 884/159/3 876/153/3
f 1234/989/3 874/151/3 1231/990/3
f 934/991/1 1051/987/1 933/992/1
f 931/231/3 1048/993/3 1049/994/3
f 878/995/5 1050/996/5 877/997/5
f 1052/998/5 1050/996/5 1235/999/5
f 1036/457/3 1236/1000/3 1035/1001/3
f 1041/459/3 1050/1002/3 1036/457/3
f 1046/1003/3 1052/1004/3 1235/1005/3
f 878/154/3 1043/1006/3 1045/1007/3
f 877/1008/3 1040/1009/3 1043/1006/3
f 877/997/5 1036/1010/5 1037/1011/5
f 869/1012/3 1037/1013/3 877/1008/3
f 1037/1013/3 869/1012/3 1033/1014/3
f 1033/1014/3 869/1012/3 1031/414/3
f 868/143/3 1031/414/3 869/1012/3
f 1031/414/3 868/143/3 1029/412/3
f 1237/1015/6 869/1016/6 1236/1017/6
f 1238/1018/2 867/1019/2 870/1020/2
f 870/147/3 971/310/3 867/144/3
f 867/144/3 971/310/3 866/142/3
f 1154/1021/2 1237/1022/2 1239/1023/2
f 1029/1024/2 1242/1025/2 1030/1026/2
f 1242/1025/2 1029/1024/2 1031/1027/2
f 1029/1028/6 1243/1029/6 868/1030/6
f 1243/1029/6 1029/1028/6 1030/1031/6
f 1028/1032/7 1243/1033/7 1030/1034/7
f 1030/1035/3 1241/1036/3 1243/1037/3
f 1240/1038/7 1241/1039/7 1243/1033/7
f 1028/1040/5 1154/1041/5 1239/1042/5
f 865/1043/5 1028/1040/5 864/1044/5
f 1057/1045/3 861/1046/3 860/137/3
f 1025/463/7 1057/1047/7 1026/1048/7
f 1026/1048/7 1032/415/7 1025/463/7
f 1032/1049/5 1034/1050/5 1025/1051/5
f 1025/1051/5 1034/1050/5 1054/1052/5
f 1038/417/7 1025/463/7 1032/415/7
f 865/1053/6 1244/1054/6 864/1055/6
f 1244/1054/6 865/1053/6 1245/1056/6
f 873/148/3 874/151/3 916/203/3
f 916/203/3 874/151/3 917/202/3
f 873/1057/1 1018/1058/1 1224/1059/1
f 941/1060/6 872/1061/6 1018/1062/6
f 936/392/7 945/246/7 946/1063/7
f 945/1064/2 889/169/2 946/1065/2
f 921/218/2 889/169/2 1228/961/2
f 921/957/7 932/1066/7 1228/955/7
f 932/1066/7 921/957/7 929/1067/7
f 928/1068/7 925/1069/7 924/1070/7
f 889/187/7 936/392/7 946/1063/7
f 1018/1071/7 937/1072/7 936/1073/7
f 1224/1059/1 1018/1058/1 1225/940/1
f 1233/1074/7 930/1075/7 1232/1076/7
f 993/1077/6 976/351/6 996/1078/6
f 976/1079/29 1136/664/29 996/1080/29
f 1180/749/5 1176/731/5 1181/747/5
f 1176/731/5 1180/749/5 1178/1081/5
f 1108/608/25 1019/1082/25 1193/1083/25
f 1158/701/37 1162/709/40 1168/716/37
f 854/626/2 1115/628/2 1066/1084/2
f 854/1085/6 1070/1086/6 1065/1087/6
f 1070/1088/2 1073/511/2 1075/513/2
f 1073/511/2 1070/1088/2 1069/1089/2
f 1075/624/3 1073/623/3 1113/1090/3
f 1069/502/5 1071/503/5 1073/510/5
f 1102/1091/6 1075/1092/6 1246/1093/6
f 1077/593/6 1103/1094/6 1247/1095/6
f 1109/1096/3 967/507/3 1021/1097/3
f 947/267/1 958/279/1 1019/1098/1
f 1084/1099/75 1251/1100/75 1081/1101/75
f 1251/1100/75 1084/1099/75 1252/1102/75
f 1107/1103/76 1250/1104/76 1251/1105/76
f 848/579/6 833/1106/6 851/580/6
f 833/1106/6 848/579/6 844/1107/6
f 1088/1108/1 1086/1109/1 1087/1110/1
f 1086/588/6 1099/587/6 1100/1111/6
f 1086/542/77 1098/1112/78 1099/1113/79
f 1253/1114/80 797/1115/80 798/1116/80
f 797/1115/80 1253/1114/80 1254/1117/80
f 797/1118/81 1257/1119/81 798/1120/81
f 797/1121/6 1255/1122/6 1258/1123/6
f 1255/1122/6 797/1121/6 1254/1124/6
f 1255/1125/8 1257/1126/8 1258/1127/8
f 1257/1126/8 1255/1125/8 1256/1128/8
f 1259/1129/7 1261/1130/7 1260/1131/7
f 1263/1132/3 795/1133/3 1264/1134/3
f 1261/1135/6 795/1136/6 1260/1137/6
f 832/496/2 899/179/2 1068/494/2
f 899/179/2 832/496/2 813/177/2
f 819/90/2 828/92/2 1265/1138/2
f 1265/1138/2 816/80/2 817/78/2
f 1265/1138/2 817/78/2 819/90/2
f 802/50/1 779/1139/1 778/1140/1
f 779/1139/1 802/50/1 801/47/1
f 1266/1141/2 808/68/2 809/70/2
usemtl BackColor
f 764/1/2 763/99/2 762/341/2
f 763/99/2 764/1/2 765/2/2
f 780/1142/7 779/1143/7 773/13/7
f 778/1144/7 773/13/7 779/1143/7
f 777/1145/7 773/13/7 778/1144/7
f 776/12/7 773/13/7 777/1145/7
f 774/1146/7 773/13/7 775/14/7
f 770/9/7 773/13/7 774/1146/7
f 772/1147/7 773/13/7 770/9/7
f 784/35/6 781/19/6 783/20/6
f 782/22/5 786/25/5 785/24/5
f 790/1148/1 786/28/1 789/29/1
f 790/1149/3 791/31/3 786/32/3
f 784/1150/82 792/1151/82 782/1152/82
f 793/1153/82 782/1152/82 792/1151/82
f 793/1154/5 788/27/5 782/22/5
f 784/1155/83 782/18/83 781/16/83
f 804/63/3 801/1156/3 803/65/3
f 800/1157/7 805/55/7 799/56/7
f 808/1158/3 804/63/3 807/64/3
f 808/68/1 807/69/1 805/1159/1
f 809/1160/7 810/71/7 776/12/7
f 812/93/2 811/72/2 810/73/2
f 816/1161/7 815/1162/7 814/1163/7
f 822/192/6 817/78/6 821/188/6
f 812/76/84 814/1163/84 813/75/84
f 828/1164/2 827/95/2 814/1165/2
f 812/93/2 814/1165/2 827/95/2
f 826/1166/2 827/95/2 819/1167/2
f 811/72/2 812/93/2 825/94/2
f 811/72/2 825/94/2 829/97/2
f 830/1168/2 829/97/2 825/94/2
f 831/340/2 829/97/2 830/1168/2
f 763/99/2 829/97/2 762/341/2
f 770/1169/2 774/98/2 763/99/2
f 833/115/7 763/100/7 832/101/7
f 765/1170/7 763/100/7 833/115/7
f 768/1171/7 765/1170/7 833/115/7
f 768/1172/1 765/6/1 769/7/1
f 835/1173/2 769/102/2 834/103/2
f 771/10/7 772/1147/7 770/9/7
f 834/110/7 768/1171/7 833/115/7
f 767/4/2 836/105/2 768/5/2
f 838/107/2 836/105/2 837/106/2
f 840/109/7 834/110/7 833/115/7
f 841/567/5 840/112/5 838/113/5
f 843/571/2 840/1174/2 842/568/2
f 843/116/7 840/109/7 833/115/7
f 847/1175/6 845/1176/6 846/576/6
f 848/120/2 846/123/2 849/561/2
f 867/144/7 865/140/7 866/142/7
f 870/147/7 869/1012/7 867/144/7
f 887/1177/1 886/1178/1 820/168/1
f 886/161/7 887/162/7 883/158/7
f 887/162/7 819/82/7 820/85/7
f 895/256/3 894/173/3 888/426/3
f 897/1179/3 894/173/3 896/1180/85
f 894/1181/6 818/81/6 815/79/6
f 818/1182/5 821/1183/5 894/175/5
f 818/81/6 821/188/6 817/78/6
f 898/174/5 894/175/5 821/1183/5
f 897/1184/6 894/1181/6 815/79/6
f 815/1185/1 813/177/1 897/178/1
f 813/75/7 814/1163/7 815/1162/7
f 900/301/1 897/178/1 899/179/1
f 896/181/1 897/178/1 900/301/1
f 901/183/1 898/180/1 896/181/1
f 906/193/6 905/191/6 904/189/6
f 830/1186/1 912/1187/1 911/197/1
f 912/1188/2 831/340/2 830/1168/2
f 912/1187/1 831/1189/1 910/196/1
f 914/200/7 915/201/7 871/198/7
f 824/1190/7 892/208/7 830/206/7
f 922/1191/6 824/209/6 921/210/6
f 926/1192/6 925/215/6 923/216/6
f 921/218/1 926/219/1 892/221/1
f 909/195/1 822/192/1 910/196/86
f 822/192/1 817/78/1 823/87/1
f 826/1166/2 825/94/2 827/95/2
f 886/161/7 826/170/7 887/162/7
f 893/445/7 825/226/7 886/161/7
f 825/226/7 893/445/7 824/1190/7
f 892/208/7 824/1190/7 893/445/7
f 931/969/6 929/227/6 930/229/6
f 934/1193/7 932/230/7 933/233/7
f 935/1194/19 932/230/7 934/1193/7
f 935/1195/87 932/1196/87 936/1197/87
f 932/1198/6 918/1199/6 935/982/6
f 918/1200/1 917/234/1 932/235/1
f 917/202/7 914/200/7 918/204/7
f 915/201/7 914/200/7 916/203/7
f 947/395/72 901/184/70 889/187/71
f 949/254/5 890/252/5 948/251/5
f 890/252/5 888/164/5 889/165/5
f 895/256/3 896/1180/85 894/173/3
f 948/258/72 896/1180/85 895/256/3
f 896/1180/3 948/258/3 900/259/3
f 951/1201/2 948/265/2 953/266/2
f 949/257/88 948/258/72 895/256/3
f 950/255/3 951/260/3 949/257/3
f 954/269/3 951/260/3 950/255/3
f 900/259/3 951/260/3 955/268/3
f 956/1202/2 952/270/2 901/273/2
f 957/280/2 953/266/2 947/267/2
f 958/279/2 957/280/2 947/267/2
f 951/1201/2 953/266/2 954/282/2
f 961/281/2 954/282/2 953/266/2
f 953/1203/7 952/283/7 961/284/7
f 960/1204/2 958/279/2 961/281/2
f 959/278/2 958/279/2 960/1204/2
f 956/1205/3 957/290/3 964/291/3
f 964/291/3 959/292/3 963/293/3
f 962/298/2 955/299/2 952/270/2
f 860/300/1 968/615/1 967/613/1
f 859/1206/1 969/1207/1 860/300/1
f 859/1206/1 858/1208/1 969/1207/1
f 854/130/7 857/135/7 858/136/7
f 856/133/7 857/135/7 854/130/7
f 866/142/7 857/135/7 971/310/7
f 975/916/1 978/338/1 856/1209/1
f 979/917/1 978/338/1 975/916/1
f 979/1210/68 978/324/68 980/325/68
f 974/327/1 981/1211/1 972/312/1
f 980/328/1 981/1211/1 974/327/1
f 982/329/1 866/311/1 973/314/1
f 971/337/1 856/1209/1 978/338/1
f 831/340/2 762/341/2 829/97/2
f 988/804/1 987/354/1 762/1212/1
f 989/806/1 987/354/1 988/804/1
f 989/1213/6 987/1214/6 990/1215/6
f 991/1216/6 990/1215/6 987/1214/6
f 992/386/1 991/342/1 853/343/1
f 990/347/1 991/342/1 992/386/1
f 993/346/1 990/347/1 992/386/1
f 977/1217/6 976/351/6 993/352/6
f 976/355/1 997/356/1 977/805/1
f 976/355/1 762/1212/1 987/354/1
f 988/1218/89 999/357/89 762/358/89
f 1001/1219/3 999/1220/3 1000/801/3
f 999/1221/13 852/1222/13 1001/1223/13
f 852/128/7 853/132/7 851/124/7
f 1003/1224/90 1004/1225/90 853/1226/90
f 1002/1227/13 1001/1223/13 852/1222/13
f 1006/1228/91 1001/1223/13 1002/1227/13
f 1010/789/3 1008/373/3 1009/374/3
f 1008/1229/5 1001/376/5 1010/377/5
f 1008/372/1 1001/370/1 1012/379/1
f 1012/379/1 1013/380/1 1014/381/1
f 992/1230/13 853/1226/90 1013/1231/13
f 992/386/1 853/343/1 942/383/1
f 914/962/1 871/387/1 940/385/1
f 982/329/1 940/385/1 1016/388/1
f 974/327/1 940/385/1 982/329/1
f 993/346/1 940/385/1 974/327/1
f 942/1232/1 940/385/1 992/386/1
f 1017/391/3 941/389/3 942/242/3
f 890/1233/3 889/187/3 1017/391/3
f 890/394/72 947/395/72 889/187/71
f 903/397/3 1019/1234/3 1020/886/3
f 1019/393/3 903/397/3 947/395/3
f 1021/469/5 1019/398/5 967/399/5
f 861/1235/2 1026/1236/2 1023/402/2
f 1028/1040/6 864/1044/6 1027/410/6
f 864/1237/2 1029/1238/2 1028/1239/2
f 1033/1014/7 1032/1240/7 1031/414/7
f 1035/1241/6 1033/1242/6 1034/1050/6
f 1037/1243/1 1033/1244/1 1036/1245/1
f 888/426/3 950/255/3 895/256/3
f 1040/425/88 950/255/20 883/427/92
f 1040/1246/5 1041/428/5 950/429/5
f 884/1247/2 885/442/2 931/443/2
f 886/161/7 885/160/7 893/445/7
f 883/439/6 1048/438/6 885/440/6
f 1051/1248/3 1050/446/3 1048/447/3
f 881/1249/6 1052/998/6 1051/1250/6
f 1052/998/6 881/1249/6 880/1251/6
f 1042/1252/6 950/1253/6 958/1254/6
f 950/1255/1 1038/1256/1 1042/1257/1
f 955/268/3 954/269/3 1053/460/3
f 958/1254/6 954/1258/6 965/1259/6
f 954/1258/6 958/1254/6 950/1253/6
f 1038/417/3 1053/460/93 950/255/3
f 1024/461/72 1053/460/93 1038/417/3
f 1053/460/3 1024/461/3 1054/462/3
f 1024/1260/5 1022/1261/5 1053/1262/5
f 1038/418/5 1039/1263/5 1024/1260/5
f 1039/1263/5 1038/418/5 1036/419/5
f 1039/1264/1 1042/1257/1 1038/1256/1
f 1042/458/7 958/464/7 1039/465/7
f 1022/1261/5 1024/1260/5 1039/1263/5
f 1022/401/2 1023/402/2 1024/405/2
f 1023/472/5 861/468/5 1021/469/5
f 1053/475/1 955/302/1 860/300/1
f 1053/481/2 967/473/2 1057/474/2
f 1060/525/6 903/482/6 1059/509/6
f 903/616/1 1020/590/1 1060/603/1
f 854/1265/1 851/492/1 1065/488/1
f 851/492/1 1068/494/1 833/495/1
f 854/1265/1 1068/494/1 851/492/1
f 899/1266/7 1069/499/7 1068/500/7
f 1058/483/6 1059/509/6 903/482/6
f 1072/508/6 1059/509/6 1058/483/6
f 1077/515/1 1076/514/1 1075/513/1
f 1078/516/1 1076/514/1 1077/515/1
f 1059/518/1 1073/511/1 1074/512/1
f 1060/1267/7 1059/522/7 1083/523/7
f 1060/603/1 1083/1268/1 1084/604/1
f 1061/600/1 1060/603/1 1020/590/1
f 1083/1268/1 1060/603/1 1061/600/1
f 1061/600/1 1084/604/1 1083/1268/1
f 1085/601/1 1084/604/1 1061/600/1
f 1089/537/6 904/189/6 898/190/6
f 1093/544/94 1090/538/94 1092/1269/94
f 908/548/1 906/193/1 907/194/1
f 782/551/1 794/44/1 784/1270/1
f 1094/1271/95 1091/553/95 794/554/95
f 1092/556/5 908/549/5 1094/550/5
f 988/804/1 849/558/1 908/548/1
f 764/1/2 762/341/2 766/3/2
f 764/1272/7 762/129/7 851/124/7
f 766/1273/7 764/1272/7 851/124/7
f 767/1274/7 766/1273/7 851/124/7
f 766/3/2 767/4/2 765/2/2
f 766/3/2 837/106/2 767/4/2
f 837/106/2 766/3/2 988/560/2
f 850/562/2 849/561/2 846/123/2
f 1097/1275/3 837/563/3 1096/564/3
f 837/1276/5 1097/566/5 838/113/5
f 841/127/7 836/1277/7 851/124/7
f 838/1278/7 836/1277/7 841/127/7
f 836/1277/7 767/1274/7 851/124/7
f 843/1279/96 846/576/96 845/1176/96
f 1096/575/97 846/576/97 843/1279/97
f 846/1280/7 842/125/7 848/126/7
f 849/582/5 1067/578/5 848/579/5
f 1092/546/1 908/548/1 1095/559/1
f 1091/543/94 1092/1269/94 1090/538/94
f 1098/1112/94 1095/584/94 1091/585/94
f 1100/1111/5 1067/578/5 1099/587/5
f 1086/588/5 1067/578/5 1100/1111/5
f 1020/590/1 1067/493/1 1061/600/1
f 1063/490/1 1065/488/1 1067/493/1
f 1063/592/5 1102/1091/5 1065/1087/5
f 1020/1281/5 1061/591/5 1063/592/5
f 1104/1282/6 1085/595/6 1105/596/6
f 1020/1283/6 1085/595/6 1104/1282/6
f 1061/1284/6 1085/595/6 1020/1283/6
f 1101/599/1 1061/600/1 1067/493/1
f 903/616/1 902/182/1 901/183/1
f 1060/603/1 902/182/1 903/616/1
f 965/296/2 956/1202/2 901/273/2
f 956/1202/2 965/296/2 964/297/2
f 963/295/2 965/296/2 962/298/2
f 903/480/2 965/296/2 901/273/2
f 1055/1285/7 1022/466/7 965/605/7
f 1055/1286/5 1053/1262/5 1022/1261/5
f 1019/1098/2 1021/403/2 1022/401/2
f 968/618/98 1110/610/98 1109/611/98
f 968/505/7 1112/620/7 969/621/7
f 1113/1090/7 968/505/7 1073/623/7
f 1112/620/99 968/505/7 1113/1090/7
f 1114/629/7 969/621/7 1075/624/7
f 970/1287/100 969/621/7 1114/629/7
f 970/837/1 969/1207/1 858/1208/1
f 858/1288/2 854/497/2 899/307/2
f 858/1288/2 899/307/2 859/308/2
f 970/1287/100 1114/629/7 1115/630/101
f 1066/1289/7 1115/630/7 1075/624/7
f 1062/838/1 1115/631/1 1064/489/1
f 1119/1290/2 1118/1291/2 1120/764/2
f 1118/1292/7 1119/640/7 1122/641/7
f 1118/638/102 1124/643/102 1119/639/102
f 1122/1293/6 1124/1294/6 1118/1295/6
f 1014/650/102 1119/639/102 1125/644/102
f 1129/1296/6 1134/1297/6 1127/1298/6
f 1134/1299/6 1135/1300/6 1127/1301/6
f 1140/1302/6 1138/668/6 1139/669/6
f 1136/1303/2 1135/1304/2 1141/1305/2
f 1135/663/102 972/671/102 1136/664/102
f 1140/1302/6 1142/673/6 1135/666/6
f 1146/724/103 1144/683/104 1142/684/104
f 1155/1306/105 1153/696/106 1154/1307/105
f 1152/695/106 1154/1307/105 1153/696/106
f 1155/1308/41 1154/697/41 1157/1309/41
f 1157/1310/30 1159/1311/30 1155/1312/30
f 1156/698/41 1157/1309/41 1154/697/41
f 1152/699/41 1150/706/41 1156/698/41
f 1152/1313/107 1154/700/38 1158/701/38
f 1150/708/107 1152/1313/107 1158/701/38
f 1165/1314/108 1162/1315/108 1167/1316/108
f 1168/1317/108 1167/1316/108 1162/1315/108
f 1168/1318/7 1169/1319/7 1167/1320/7
f 1164/715/38 1150/708/38 1163/710/38
f 1158/1321/34 1159/723/34 1174/722/34
f 1158/1322/30 1155/1312/30 1159/1311/30
f 1144/1323/41 1146/688/41 1135/686/41
f 1177/1324/88 1176/727/20 1139/730/92
f 1010/1325/1 1011/737/1 1186/1326/1
f 1010/1325/1 1009/1327/1 1011/737/1
f 1187/1328/1 1011/737/1 1009/1327/1
f 1104/883/3 1011/742/3 1020/886/3
f 1178/1329/1 1180/1330/1 1011/737/1
f 1181/1331/1 1182/739/1 1011/737/1
f 1126/1332/6 1190/754/109 1185/759/6
f 1190/1333/3 1191/1334/3 1120/1335/3
f 1126/1336/6 1191/1337/110 1190/1338/109
f 1191/1339/110 1126/647/6 1122/645/6
f 1191/1340/1 1122/760/1 1192/761/1
f 1192/1341/3 1120/1335/3 1191/1334/3
f 1121/763/2 1120/764/2 1118/1291/2
f 1108/1342/111 1194/766/111 1193/767/111
f 1190/769/111 1193/767/111 1121/768/111
f 1181/751/6 1182/1343/6 1176/1344/6
f 1182/772/6 1181/747/6 1189/1345/6
f 1015/782/6 1185/783/6 1196/780/6
f 1126/647/6 1015/648/6 1124/646/6
f 1185/783/6 1196/780/6 1126/781/6
f 1184/1346/1 1185/1347/1 1011/737/1
f 1185/1347/1 1126/741/1 1011/737/1
f 1125/649/6 1197/1348/6 1015/648/6
f 1197/1349/3 1125/785/3 1186/786/3
f 1186/786/3 1014/787/3 1010/789/3
f 1012/788/3 1010/789/3 1014/787/3
f 1006/371/112 1007/369/1 1002/1350/112
f 1000/1351/2 1006/1352/2 1001/1353/2
f 1006/1354/1 1000/797/5 1007/1355/5
f 1009/798/5 1007/1355/5 1000/797/5
f 1008/372/1 1005/790/1 1007/369/1
f 1005/790/1 1002/1350/112 1007/369/1
f 1005/1356/90 853/1226/90 1004/1225/90
f 1005/1356/90 1013/1231/13 853/1226/90
f 1012/1357/13 1013/1231/113 1005/1356/13
f 1000/801/3 1067/743/3 1187/744/3
f 988/1358/3 1000/801/3 999/1220/3
f 849/800/3 1000/801/3 988/1358/3
f 942/242/3 943/1359/3 999/1220/3
f 943/1359/3 942/242/3 910/243/3
f 944/803/7 909/195/1 910/196/86
f 944/245/3 945/246/3 909/223/3
f 908/548/1 907/194/1 943/802/1
f 988/560/2 943/1360/2 908/1361/2
f 998/1362/1 977/805/1 997/356/1
f 989/806/1 977/805/1 998/1362/1
f 994/1363/3 998/807/3 990/808/3
f 997/1364/5 998/810/5 995/811/5
f 995/1365/7 991/1366/7 997/1367/7
f 995/348/1 996/349/1 991/342/1
f 993/1077/5 1141/1368/5 996/1078/5
f 1143/1369/7 1140/728/7 1141/729/7
f 1164/1370/114 1142/817/114 1198/818/114
f 1172/1371/115 1175/725/37 1142/684/37
f 1159/703/37 1175/725/37 1172/1371/115
f 1160/824/116 1159/703/116 1156/704/116
f 1167/823/37 1159/703/37 1165/825/37
f 1201/1372/7 1200/1373/7 1199/1374/7
f 1175/1375/7 1199/1374/7 1200/1373/7
f 1202/1376/117 1175/1377/118 1200/1378/118
f 1147/1379/119 1175/826/119 1148/827/119
f 1202/1380/5 1203/1381/5 1148/1382/5
f 1202/1383/120 1200/1384/120 1203/1385/120
f 1138/859/38 1135/832/38 1200/833/38
f 1138/1386/2 1141/1305/2 1135/1304/2
f 1140/1387/2 1141/1305/2 1138/1386/2
f 1116/1388/7 1141/729/7 1176/727/7
f 1062/835/7 1141/729/7 1116/1388/7
f 1062/1389/6 1116/632/6 1115/633/6
f 1108/1390/7 1110/846/7 1206/1391/7
f 1204/844/7 1206/1391/7 1110/846/7
f 903/616/1 1062/838/1 1020/590/1
f 1067/743/3 1020/886/3 1011/742/3
f 1121/850/6 1116/847/6 1190/848/6
f 1117/1392/121 1116/853/121 1207/854/121
f 1121/768/122 1194/766/122 1118/856/122
f 1138/1393/66 1140/680/66 1135/678/66
f 1138/1394/15 1210/861/15 1140/862/15
f 1135/666/6 1137/670/6 1138/668/6
f 1179/735/6 1139/669/6 1137/670/6
f 1125/1395/1 1014/381/1 1015/382/1
f 1125/649/6 1015/648/6 1127/654/6
f 1212/1396/6 1130/1397/6 1188/1398/6
f 1130/868/2 1131/656/2 1129/657/2
f 1212/1399/6 1137/1400/6 1130/1401/6
f 1188/750/6 1179/748/6 1212/873/6
f 1188/864/1 1196/866/1 1013/380/1
f 1196/1402/6 1188/1398/6 1130/1397/6
f 1139/875/1 1179/865/1 1013/380/1
f 1177/1403/6 1139/734/6 1178/732/6
f 1177/745/1 1178/1329/1 1011/737/1
f 1215/885/3 1214/882/3 1104/883/3
f 1214/882/3 1017/391/3 942/242/3
f 1017/391/3 1020/886/3 1019/1234/3
f 1104/883/3 1020/886/3 1215/885/3
f 1105/884/3 1214/882/3 942/242/3
f 1001/1219/3 1011/742/3 1105/884/3
f 1011/742/3 1001/1219/3 1187/744/3
f 1000/801/3 1187/744/3 1001/1219/3
f 1013/1404/123 1001/1405/123 992/1406/123
f 942/1407/14 992/1406/14 1001/1405/14
f 1001/1219/3 1105/884/3 942/242/3
f 999/1220/3 1001/1219/3 942/242/3
f 1213/1408/3 1131/870/3 1137/871/3
f 1133/1409/1 1213/888/1 1134/889/1
f 1219/903/3 1217/1410/3 1220/902/3
f 1161/1411/124 1148/895/124 1217/893/124
f 1216/1412/7 1148/1413/7 1147/687/7
f 1166/1414/31 1170/910/31 1163/911/31
f 1170/1415/7 1167/1320/7 1169/1319/7
f 1166/1416/3 1163/711/3 1165/712/3
f 1165/825/37 1160/824/37 1166/909/37
f 1173/1417/37 1159/703/37 1172/1371/115
f 1145/1418/7 1143/1419/7 1141/1420/7
f 1142/1421/7 1145/1422/7 993/1423/7
f 974/914/7 1142/1424/7 993/816/7
f 974/318/6 972/674/6 1142/673/6
f 972/674/6 974/318/6 856/316/6
f 972/1425/1 857/317/1 974/315/1
f 913/1426/1 910/196/1 831/1189/1
f 984/335/1 910/196/1 913/1426/1
f 943/802/3 910/196/3 988/804/3
f 988/1358/3 999/1220/3 943/1359/3
f 986/1427/1 984/335/1 985/336/1
f 979/917/1 984/335/1 986/1427/1
f 983/1428/3 986/1429/3 980/1430/3
f 973/1431/7 981/922/7 985/923/7
f 973/314/1 972/312/1 981/1211/1
f 979/1432/3 980/1430/3 986/1429/3
f 1016/1433/3 913/1434/3 982/1435/3
f 1016/1436/12 871/925/12 913/926/12
f 831/146/7 871/198/7 869/145/7
f 871/198/7 872/149/7 869/145/7
f 916/1437/5 1223/930/5 873/931/5
f 941/936/1 1223/933/1 915/934/1
f 1223/933/1 932/235/1 939/236/1
f 939/1438/7 1225/1439/7 1223/1440/7
f 874/1441/6 1225/937/6 917/938/6
f 918/204/7 938/945/7 917/202/7
f 892/208/45 893/445/7 884/159/125
f 892/221/1 820/168/1 893/1442/2
f 891/167/1 820/168/1 892/221/1
f 823/1443/5 928/951/5 891/952/5
f 928/225/1 822/192/1 823/87/1
f 922/213/1 822/192/1 924/214/1
f 830/1168/2 824/1444/2 911/1445/2
f 830/1168/2 825/94/2 824/1444/3
f 922/1446/2 911/1445/2 824/1444/2
f 919/1447/6 1228/958/6 830/959/6
f 920/207/18 892/208/45 884/159/125
f 930/229/6 920/228/6 1227/1448/6
f 1230/967/18 1227/946/92 884/159/20
f 1230/967/7 884/159/7 1231/975/7
f 1232/1449/6 931/969/6 930/229/6
f 1230/968/6 931/969/6 1232/1449/6
f 1231/975/7 1226/944/7 1230/967/7
f 934/983/6 935/982/6 1229/981/6
f 875/1450/6 934/983/6 1231/985/6
f 881/1451/1 876/986/1 1051/987/1
f 876/153/7 1231/975/7 884/159/7
f 875/150/7 1231/975/7 876/153/7
f 1234/989/7 874/151/7 1226/977/7
f 875/150/7 874/151/7 1231/990/7
f 875/150/7 876/153/7 869/145/7
f 934/991/1 1051/987/1 875/988/1
f 1051/1452/7 931/231/7 1048/993/7
f 933/233/7 931/231/7 1051/1452/7
f 869/145/7 876/153/7 877/1453/7
f 877/1453/7 876/153/7 878/154/7
f 879/1454/3 878/453/3 880/454/3
f 1050/996/6 1051/1250/6 1052/998/6
f 878/995/6 1050/996/6 1235/999/6
f 1036/1010/6 1050/996/6 877/997/6
f 1050/1002/7 1036/457/7 1236/1000/7
f 1044/1455/7 1041/459/7 1050/1002/7
f 1041/432/6 1044/435/6 1043/431/6
f 1047/1456/7 1046/1003/7 1052/1004/7
f 1045/1457/1 878/1458/1 1046/1459/1
f 882/452/88 1045/455/20 883/427/92
f 1047/437/6 883/439/6 882/1460/6
f 1047/1461/2 1052/449/2 882/450/2
f 877/1008/7 878/154/7 1043/1006/7
f 1037/1013/7 877/1008/7 1040/1009/7
f 870/1462/5 1238/1463/5 869/1016/5
f 831/146/7 870/147/7 971/310/7
f 865/1464/1 1238/1018/1 867/1019/1
f 1154/1021/1 1238/1018/1 865/1464/1
f 1238/1018/1 1154/1021/1 1237/1022/1
f 1240/1465/1 1237/1022/1 1239/1023/1
f 1237/1466/3 1240/1038/3 1236/1467/3
f 1241/1039/3 1236/1467/3 1240/1038/3
f 1242/1468/7 1030/1035/7 1236/1000/7
f 1030/1469/2 1028/1239/2 1029/1238/2
f 1241/1036/7 1236/1000/7 1030/1035/7
f 1240/1038/3 1028/1032/3 1243/1033/3
f 1239/1470/3 1028/1032/3 1240/1038/3
f 865/1043/6 1028/1040/6 1154/1041/6
f 863/1471/7 857/135/7 864/141/7
f 862/138/7 857/135/7 863/1471/7
f 860/137/7 857/135/7 861/139/7
f 1026/407/7 1057/1045/7 861/1046/7
f 1057/1472/6 1027/410/6 1026/411/6
f 1053/460/3 1054/462/3 1057/1047/3
f 1025/463/3 1057/1047/3 1054/462/3
f 1032/1049/6 1034/1050/6 1033/1242/6
f 1024/461/3 1038/417/3 1025/463/3
f 1025/404/2 1023/402/2 1026/1236/2
f 1033/1473/3 1032/415/3 1037/416/3
f 863/1474/3 1026/1048/3 1032/415/3
f 863/408/7 1031/414/7 1032/1240/7
f 863/409/6 1027/410/6 864/1044/6
f 868/143/7 867/144/7 869/1012/7
f 1029/412/7 865/140/7 868/143/7
f 864/413/7 865/140/7 1029/412/7
f 861/1046/7 862/406/7 1026/407/7
f 1033/1244/1 1031/1027/1 1035/1475/1
f 1242/1025/1 1035/1475/1 1031/1027/1
f 1242/1468/7 1236/1000/7 1035/1001/7
f 1031/1476/5 869/1016/5 1236/1017/5
f 1237/1015/5 869/1016/5 1238/1463/5
f 1242/1477/5 1031/1476/5 1236/1017/5
f 1035/1475/1 1036/1245/1 1033/1244/1
f 1037/416/3 1038/417/3 1040/425/3
f 1235/1478/1 1046/1459/1 878/1458/1
f 873/148/7 874/151/7 869/145/7
f 874/1479/7 917/202/7 938/945/7
f 872/1480/2 873/1057/2 1018/1058/2
f 915/237/5 941/1060/5 872/1061/5
f 941/1060/5 915/237/5 940/238/5
f 937/1072/10 945/246/126 941/389/3
f 945/1064/1 1228/961/1 940/385/1
f 889/169/1 1228/961/1 945/1064/1
f 925/220/1 889/169/1 927/222/1
f 927/1481/3 928/1068/3 925/1069/3
f 937/1482/87 936/1197/87 932/1196/87
f 937/1072/10 936/392/70 945/246/126
f 941/389/3 1018/1071/3 937/1072/3
f 937/1483/1 932/235/1 941/936/1
f 935/943/2 1018/1058/2 1225/940/2
f 936/1484/2 1018/1058/2 935/943/2
f 938/980/6 935/982/6 918/1199/6
f 1226/944/7 918/204/7 1227/946/7
f 1224/1485/7 1223/1440/7 1225/1439/7
f 940/244/3 941/389/3 945/246/126
f 914/239/5 912/240/5 940/238/5
f 1229/1486/3 1233/1074/3 930/1075/3
f 1229/1487/1 930/964/1 1226/965/1
f 893/1442/2 820/168/1 886/1178/1
f 984/1488/3 982/1435/3 913/1434/3
f 976/1079/102 1136/664/102 856/672/102
f 1136/1489/5 996/1078/5 1141/1368/5
f 856/133/7 855/131/7 976/350/7
f 987/1490/7 997/1367/7 991/1366/7
f 910/243/3 940/244/3 944/245/3
f 1197/1491/1 1186/1326/1 1124/740/1
f 1124/740/1 1186/1326/1 1011/737/1
f 1126/647/6 1185/779/6 1124/646/6
f 1124/646/6 1015/648/6 1197/1348/6
f 1183/738/127 1184/1346/1 1011/737/1
f 1180/1330/1 1181/1331/1 1011/737/1
f 1019/1082/128 1021/607/128 1108/608/128
f 1158/701/38 1171/717/38 1168/716/38
f 1174/1492/38 1171/717/38 1158/701/38
f 1066/1084/1 854/626/1 1065/1493/1
f 1068/1494/5 854/1085/5 1070/1086/5
f 1075/1092/5 1070/1086/5 1065/1087/5
f 1075/1092/5 1065/1087/5 1102/1091/5
f 1065/1495/7 1066/1289/7 1075/624/7
f 1247/1095/5 1075/1092/5 1246/1093/5
f 1103/1094/5 1063/592/5 1077/593/5
f 1102/1091/5 1063/592/5 1103/1094/5
f 1075/1092/5 1247/1095/5 1077/593/5
f 1112/619/129 1248/1496/129 1113/1497/129
f 1249/1498/129 1113/1497/129 1248/1496/129
f 968/615/1 860/300/1 969/1207/1
f 968/505/7 1109/1096/7 967/507/7
f 958/279/2 1019/1098/2 1022/401/2
f 1082/1499/5 1077/593/5 1085/598/5
f 1250/1500/1 1081/520/1 1082/521/1
f 1250/1501/130 1251/1100/130 1081/1101/130
f 1082/1502/131 1107/1103/131 1250/1104/131
f 1085/1503/18 1107/1103/131 1082/1502/131
f 1100/1504/2 1088/1108/2 1086/1109/2
f 1087/536/6 1089/537/6 1088/535/6
f 1098/1112/94 1091/543/94 1086/542/94
f 1097/1505/2 1096/569/2 841/570/2
f 841/570/2 842/568/2 840/1174/2
f 784/1270/1 794/44/1 795/1506/1
f 795/1506/1 794/44/1 796/1507/1
f 796/1507/1 794/44/1 797/1508/1
f 797/1508/1 794/44/1 798/45/1
f 1256/1509/81 1253/1510/81 1255/1511/81
f 1253/1512/6 1256/1513/6 798/1514/6
f 1257/1515/6 798/1514/6 1256/1513/6
f 1258/1516/82 797/1118/82 1257/1119/82
f 1254/1517/81 1255/1511/81 1253/1510/81
f 1260/1518/2 1259/1519/2 795/1520/2
f 1262/1521/3 1259/1129/3 1261/1130/3
f 796/1522/6 1259/1523/6 1263/1524/6
f 796/1525/2 795/1520/2 1259/1519/2
f 796/1526/7 1263/1132/7 795/1133/7
f 1264/1527/5 1261/1135/5 795/1136/5
f 1262/1528/1 1261/1529/1 1263/1530/1
f 1264/1531/1 1263/1530/1 1261/1529/1
f 1262/1532/6 1263/1524/6 1259/1523/6
f 821/188/6 904/189/6 822/192/6
f 851/124/7 853/132/7 854/130/7
f 955/1533/6 965/1259/6 954/1258/6
f 1039/465/7 1036/457/7 1042/458/7
f 883/158/7 887/162/7 888/163/7
f 910/196/1 911/197/1 912/1187/1
f 828/1164/2 814/1165/2 1265/1534/2
f 814/1535/1 1265/1138/1 816/80/1
f 777/1536/5 803/59/5 776/1537/5
f 778/1538/5 802/61/5 777/1536/5
f 802/1539/3 803/65/3 801/1156/3
f 803/59/5 777/1536/5 802/61/5
f 807/62/5 776/1537/5 803/59/5
f 806/1540/1 805/1159/1 807/69/1
o Mesh6_Marc1_Model
v 283.433990 10.011487 81.839897
v 283.675995 10.020587 81.865898
v 283.059998 10.053886 81.799698
v 282.406006 10.021187 81.729401
v 283.910004 10.127387 81.891098
v 284.694000 10.522587 81.975304
o Mesh16_Marc1_Model
v 294.692993 24.040688 83.050308
v 293.608002 24.831886 82.933708
v 292.850006 25.483486 82.852211
v 291.522003 27.011887 82.709404
o Mesh8_Marc1_Model
v 286.670990 24.885887 82.187904
v 286.979004 24.678587 82.221008
v 286.217987 25.254387 82.139206
v 285.601013 25.778786 82.072807
v 285.088013 26.428587 82.017609
v 284.613007 27.140787 81.966705
o Mesh11_Marc1_Model
v 293.171997 20.214687 82.886703
v 294.209015 20.410587 82.998299
v 292.391998 19.833586 82.802902
v 295.032013 20.564087 83.086800
v 296.320007 20.655087 83.225197
v 296.730988 20.617086 83.269402
o Mesh4_Marc1_Model
v 295.115997 10.901987 83.095802
v 295.541992 11.094387 83.141602
v 294.852997 10.906687 83.067596
v 294.548004 10.778887 83.034698
v 294.191010 10.415287 82.996399
o Mesh27_Model
v 333.033997 52.029324 -146.578979
v 333.033997 84.042923 -146.578979
v 266.035004 52.029324 -146.331985
v 266.035004 84.042923 -146.331985
v 333.019012 84.042923 -150.578979
v 266.019989 84.042923 -150.331985
v 266.019989 52.029324 -150.331985
v 333.019012 52.029324 -150.578979
o Mesh3_Marc1_Model
v 282.441986 23.916286 81.733208
v 282.820007 23.443487 81.773811
v 283.156006 23.121986 81.809898
v 283.526001 22.875387 81.849800
v 283.882996 22.717886 81.888199
v 284.234985 22.697887 81.926003
v 284.429993 22.680887 81.946899
v 284.527008 22.606287 81.957298
v 284.472992 22.441786 81.951599
v 284.347992 22.302687 81.938103
v 284.009003 22.097086 81.901703
v 283.480011 21.783386 81.844803
v 282.963989 21.391886 81.789299
v 282.572998 21.077187 81.747299
v 282.243011 20.782587 81.711800
o Mesh14_Marc1_Model
v 295.355011 22.816086 83.121498
v 296.079987 22.169586 83.199402
o Mesh19_Model
v 0.000000 108.000000 0.000018
v 104.438004 108.000000 0.000018
v 0.000000 127.959007 -48.461380
v 0.000000 172.000031 -155.392975
v 0.000000 172.250031 -155.999969
v 828.000000 172.250031 -155.999969
v 0.000000 172.000031 -155.999969
v 0.000000 108.000053 -311.999969
v 308.125000 108.000053 -311.999969
v 492.000000 108.000053 -311.999969
v 828.000000 108.000053 -311.999969
v 828.000000 172.000031 -155.999969
v 828.000000 172.000031 -155.392975
v 828.000000 127.959007 -48.461380
v 828.000000 108.000000 0.000018
v 537.312988 127.959007 -48.461380
v 104.438004 127.959007 -48.461380
v 104.438004 107.999985 72.000015
v 537.312988 107.999985 72.000015
v 537.312988 108.000000 0.000018
v 537.312988 100.250000 0.000016
v 537.312988 100.249985 72.000015
v 537.330994 99.125000 0.000016
v 537.312988 99.125000 0.000016
v 171.126999 99.125000 0.000016
v 171.126999 3.000000 0.000000
v 176.438004 3.000000 0.000000
v 176.438004 -2.000000 -0.000000
v 176.438004 91.000000 0.000015
v 176.436996 3.000001 -4.000000
v 216.438004 3.000000 0.000000
v 396.000000 3.000000 0.000000
v 216.438004 91.000000 0.000015
v 176.436996 91.000000 -3.999985
v 171.126999 3.000001 -4.000000
v 171.126999 3.000018 -112.000000
v 166.391998 3.000018 -112.000000
v 171.126999 99.125015 -111.999985
v 171.126999 3.000019 -113.688004
v 166.391998 3.000019 -113.688004
v 171.126999 99.125015 -113.687988
v 168.690002 99.125015 -113.687988
v 144.000000 99.000015 -113.687988
v 144.000000 99.000023 -155.124985
v 144.000000 3.000025 -155.125000
v 144.000000 3.000024 -149.563004
v 140.000000 3.000025 -155.125000
v 140.000000 3.000025 -151.125000
v 132.000000 3.000025 -155.125000
v 132.000000 99.000023 -155.124985
v 140.000000 99.000023 -155.124985
v 132.000000 99.000031 -199.812988
v 199.501999 99.000031 -199.812988
v 132.000000 99.000031 -203.812988
v 171.190002 99.000031 -203.812988
v 132.000000 99.000053 -307.812958
v 132.000000 3.000033 -203.813004
v 128.000000 99.000031 -203.812988
v 128.000000 99.000031 -199.812988
v 128.000000 99.000023 -155.124985
v 128.000000 99.000023 -151.124985
v 128.000000 3.000025 -151.125000
v 140.000000 99.000023 -151.124985
v 140.000000 3.000024 -149.563004
v 144.000000 3.000022 -133.563004
v 144.000000 83.000023 -149.562988
v 144.000000 83.000023 -117.562988
v 140.000000 83.000023 -149.562988
v 140.000000 83.000023 -117.562988
v 140.000000 3.000019 -117.563004
v 144.000000 3.000019 -117.563004
v 144.000000 3.000019 -113.688004
v 140.000000 3.000018 -112.000000
v 140.000000 3.000001 -4.000000
v 144.000000 3.000018 -112.000000
v 144.000000 99.000015 -111.999985
v 146.391998 3.000018 -112.000000
v 166.391998 83.000015 -111.999985
v 146.391998 83.000015 -111.999985
v 146.391998 3.000019 -113.688004
v 146.391998 83.000015 -113.687988
v 168.690002 99.125015 -111.999985
v 140.000000 99.000015 -111.999985
v 144.000000 99.000000 -3.999984
v 144.000000 3.000001 -4.000000
v 140.000000 99.000000 -3.999984
v 144.000000 99.000000 0.000016
v 144.000000 3.000000 0.000000
v 140.000000 99.000000 0.000016
v 140.000000 3.000000 0.000000
v 136.438004 3.000001 -4.000000
v 171.126999 99.125000 -3.999984
v 537.312012 99.125000 -3.999984
v 168.690002 99.125000 -3.999984
v 168.690002 99.125000 0.000016
v 104.438004 99.125000 0.000016
v 0.000000 99.125000 0.000016
v 0.000000 3.000000 0.000000
v 0.000000 -2.000000 -0.000000
v 104.435997 -2.000000 -0.000000
v 0.000000 -1.999949 -312.000000
v 0.000000 3.000051 -312.000000
v 308.125000 -1.999949 -312.000000
v 492.000000 -1.999949 -312.000000
v 828.000000 -1.999949 -312.000000
v 828.000000 3.000051 -312.000000
v 828.000000 -2.000000 -0.000000
v 828.000000 3.000000 0.000000
v 809.500977 -2.000000 -0.000000
v 809.500977 -2.000000 -2.062500
v 809.500977 0.000000 0.000000
v 809.500977 3.000000 0.000000
v 809.500977 81.114601 0.000013
v 809.525024 84.750000 0.000014
v 581.963013 84.750000 0.000014
v 581.963013 3.000000 0.000000
v 581.963013 84.750000 -2.062486
v 581.963013 3.000000 -2.062500
v 809.525024 84.750000 -2.062486
v 581.963013 -2.000000 -2.062500
v 581.963013 -2.000000 -0.000000
v 539.437988 -2.000000 -0.000000
v 539.437988 -2.108870 -0.000000
v 539.000000 -2.000000 -0.000000
v 539.000000 -2.108870 -0.000000
v 538.968018 -2.000000 -0.000000
v 538.966003 -2.108870 -0.000000
v 176.438004 -2.108870 -0.000000
v 136.438004 -2.108870 -0.000000
v 136.438004 -2.000000 -0.000000
v 104.438004 -2.108870 -0.000000
v 104.438004 -2.000000 -0.000000
v 104.438004 -2.108881 64.000000
v 104.404999 -0.000010 64.000000
v 112.438004 -2.108881 64.000000
v 104.438004 -0.000010 64.000000
v 112.438004 -0.000010 64.000000
v 104.438004 -0.000012 70.875000
v 112.438004 -0.000012 70.875000
v 104.438004 -0.000012 72.000000
v 112.438004 -0.000012 72.000000
v 104.438004 100.249985 72.000015
v 112.438004 100.249985 72.000015
v 112.438004 100.249992 64.000015
v 244.483002 100.249985 72.000015
v 244.483002 -1.916342 74.079697
v 252.483002 100.249985 72.000015
v 390.903015 100.249985 72.000015
v 390.903015 -1.937512 72.000000
v 398.903015 -1.937512 72.000000
v 398.903015 100.249985 72.000015
v 529.312988 100.249985 72.000015
v 537.312988 -2.108882 74.000000
v 529.312988 -2.108882 74.000000
v 539.437988 -2.108882 74.000000
v 537.312988 -2.070842 73.922897
v 537.312988 -2.108882 73.922897
v 537.312988 -2.108881 66.001701
v 537.312988 1.837169 66.001701
v 529.312988 -2.108881 66.001701
v 529.312988 -2.108882 73.922897
v 529.312988 1.837169 66.001701
v 529.312988 100.086990 64.001717
v 537.312988 100.086990 64.001717
v 529.312988 1.837168 73.922897
v 529.312988 -2.070842 73.922897
v 104.438004 -2.108882 74.000000
v 104.438004 -2.108882 72.000000
v 112.438004 -2.108882 72.000000
v 112.438004 -2.108881 70.875000
v 104.438004 100.249992 64.000015
v 104.438004 100.250000 0.000016
v 104.375000 -0.000010 64.000000
v 104.375000 1.999990 64.000000
v 0.000000 100.250000 0.000016
v 0.000000 99.125000 -3.999984
v 4.000000 99.125000 -3.999984
v 0.000000 3.000001 -4.000000
v 0.000000 3.000026 -162.000000
v 0.000000 99.125053 -311.999969
v 4.000000 3.000051 -312.000000
v 4.000000 99.125053 -311.999969
v 4.000000 3.000050 -308.062988
v 44.000000 3.000051 -312.000000
v 128.000000 3.000051 -312.000000
v 128.000000 99.000053 -311.999969
v 132.000000 99.000053 -311.999969
v 132.000000 3.000051 -312.000000
v 132.000000 99.000053 -308.062958
v 132.000000 3.000050 -307.812988
v 128.000000 99.000053 -307.812958
v 128.000000 3.000050 -307.812988
v 128.000000 99.000053 -308.062958
v 128.000000 3.000033 -203.813004
v 128.000000 3.000033 -199.813004
v 128.000000 3.000031 -193.468994
v 132.000000 3.000031 -193.468994
v 132.000000 3.000029 -177.468994
v 132.000000 3.000026 -161.468994
v 132.000000 83.000023 -161.468979
v 132.000000 83.000031 -193.468979
v 128.000000 83.000023 -161.468979
v 128.000000 83.000031 -193.468979
v 128.000000 3.000026 -161.468994
v 128.000000 3.000025 -155.125000
v 4.000000 3.000026 -161.785004
v 4.000000 3.000026 -162.000000
v 4.000000 3.000001 -4.000000
v 104.435997 3.000000 0.000000
v 104.435997 -0.000000 -0.000000
v 104.438004 0.000000 0.000000
v 104.404999 0.000000 0.000000
v 104.375000 0.000000 0.000000
v 104.375000 2.000000 0.000000
v 136.438004 3.000000 0.000000
v 538.965027 -2.000000 -0.000000
v 538.965027 3.000000 0.000000
v 538.883972 3.000000 0.000000
v 828.000000 99.125000 0.000016
v 537.330994 99.125000 -3.999984
v 538.883972 3.000001 -4.000000
v 400.000000 3.000000 0.000000
v 396.000000 3.000001 -4.000000
v 396.000000 99.060097 0.000016
v 400.000000 99.060097 0.000016
v 396.000000 99.060097 -3.999984
v 396.000000 3.001591 -4.000000
v 400.000000 99.060097 -3.999984
v 396.000000 99.060120 -146.811981
v 396.000000 99.060120 -150.812988
v 396.000000 99.060135 -212.999985
v 400.000000 99.060120 -150.812988
v 396.015015 99.060120 -146.826981
v 345.199005 99.060120 -150.800980
v 396.000000 84.206223 -150.812988
v 396.000000 3.060145 -150.813004
v 345.199005 84.206223 -150.800980
v 345.139008 3.097695 -150.813004
v 345.199005 84.205925 -148.175980
v 308.125000 3.125025 -150.813004
v 392.940002 3.062405 -150.813004
v 396.000000 3.074590 -187.026001
v 396.000000 3.181981 -187.026001
v 396.000000 3.181975 -155.026001
v 400.000000 3.181981 -187.026001
v 396.000000 83.169930 -187.025986
v 396.000000 83.182030 -187.025986
v 400.000000 83.182030 -187.025986
v 396.000000 83.182022 -155.025986
v 400.000000 83.182022 -155.025986
v 400.000000 3.074590 -187.026001
v 396.000000 3.084945 -213.000000
v 400.000000 3.084945 -213.000000
v 396.000000 83.160141 -212.999985
v 396.000000 89.121841 -212.999985
v 396.000000 86.535637 -212.999985
v 396.000000 99.125038 -212.999985
v 492.000000 99.125038 -212.999985
v 537.330994 99.125038 -212.999985
v 538.883972 3.000035 -213.000000
v 534.883972 2.935415 -213.000000
v 534.882996 3.002485 -213.000000
v 400.000000 3.123631 -310.000000
v 400.000000 3.123625 -278.000000
v 400.000000 83.123642 -278.000000
v 400.000000 83.123650 -310.000000
v 396.000000 3.123631 -310.000000
v 396.000000 3.123625 -278.000000
v 396.000000 83.123642 -278.000000
v 396.000000 83.123650 -310.000000
v 396.000000 83.158638 -216.999985
v 396.000000 86.526138 -212.999985
v 396.000000 86.535637 -213.073990
v 396.000000 87.052139 -216.999985
v 396.000000 99.060150 -309.999969
v 396.000000 99.060150 -310.134979
v 396.000000 89.531639 -216.999985
v 396.000000 87.043037 -216.999985
v 396.000000 99.060135 -216.999985
v 396.000000 99.125038 -216.999985
v 492.000000 99.125038 -216.999985
v 492.000000 99.125053 -311.999969
v 308.125000 99.125053 -311.999969
v 828.000000 99.125053 -311.999969
v 809.500977 3.000000 -2.062500
v 539.437988 3.000000 0.000000
v 539.000000 3.000000 0.000000
v 538.968018 3.000000 0.000000
v 492.000000 3.000051 -312.000000
v 492.000000 -1.874949 -312.000000
v 492.000000 -1.874926 -456.187988
v 308.125000 -1.874926 -456.187988
v 308.125000 -1.874949 -312.000000
v 308.125000 3.000051 -312.000000
v 230.190002 3.000051 -312.000000
v 308.125000 3.000050 -308.062988
v 345.125000 3.000051 -312.000000
v 345.125000 3.125051 -312.000000
v 392.125000 3.125051 -312.000000
v 335.091003 3.125051 -312.000000
v 335.071991 3.125050 -308.697998
v 308.125000 3.125051 -312.000000
v 308.125000 3.125057 -347.187988
v 308.125000 3.125050 -308.062988
v 308.125000 99.125053 -308.062958
v 308.125000 99.312553 -311.999969
v 308.125000 99.312576 -456.187958
v 396.000000 99.312553 -311.999969
v 492.000000 99.312553 -311.999969
v 492.000000 99.312576 -456.187958
v 492.000000 99.060150 -311.999969
v 492.000000 3.125051 -312.000000
v 492.000000 3.125074 -456.187988
v 308.125000 3.125074 -456.187988
v 308.125000 3.125068 -418.187988
v 308.125000 84.125069 -418.187988
v 308.125000 84.125053 -347.187988
v 335.119995 3.125052 -316.833008
v 335.119995 3.000052 -316.833008
v 335.092987 3.125051 -312.333008
v 335.092987 81.125053 -312.333008
v 392.125000 81.125053 -312.000000
v 392.114014 81.125053 -310.042999
v 335.091003 81.125053 -312.000000
v 396.000000 3.124431 -312.000000
v 392.125000 3.000051 -312.000000
v 400.000000 3.124431 -312.000000
v 400.000000 99.060150 -311.999969
v 400.000000 3.060145 -150.813004
v 534.882019 3.084945 -213.000000
v 400.000000 3.084945 -217.000000
v 537.330994 3.084945 -217.000000
v 396.000000 3.084945 -217.000000
v 396.000000 3.086545 -217.000000
v 396.000000 3.123691 -310.135010
v 396.000000 99.060150 -311.999969
v 396.334015 99.060150 -310.142975
v 396.334015 99.125053 -310.142975
v 335.071991 99.125053 -308.697968
v 4.000000 99.125053 -308.062958
v 308.125000 99.125053 -307.812958
v 308.125000 3.125050 -307.812988
v 308.125000 3.123690 -308.062988
v 230.190002 3.000050 -308.062988
v 308.125000 3.000050 -307.812988
v 230.190002 3.000050 -307.812988
v 4.000000 99.125053 -307.812958
v 104.435997 3.000001 -4.000000
v 104.438004 3.000001 -4.000000
v 104.438004 3.000000 0.000000
v 104.438004 99.125000 -3.999984
v 4.000000 3.000050 -307.812988
v 128.000000 3.000050 -308.062988
v 171.190002 3.000033 -203.813004
v 171.190002 3.000050 -307.812988
v 171.190002 99.000053 -311.999969
v 199.501999 99.000031 -203.812988
v 199.501999 3.000033 -203.813004
v 199.501999 99.000023 -150.198990
v 199.501999 3.014745 -150.199005
v 199.501999 3.000025 -150.199005
v 199.501999 3.000033 -199.813004
v 132.000000 3.000033 -199.813004
v 132.000000 3.000050 -308.062988
v 230.190002 3.000033 -203.813004
v 230.190002 99.000053 -311.999969
v 230.190002 99.000031 -203.812988
v 230.190002 99.000023 -150.198990
v 202.000000 99.000023 -150.198990
v 230.190002 3.014745 -150.199005
v 176.438004 3.000025 -150.000000
v 176.438004 99.000023 -149.999985
v 176.451996 3.000024 -146.000000
v 341.330994 3.045174 -146.610001
v 176.451996 99.000023 -145.999985
v 200.018005 99.006523 -146.086990
v 230.205002 99.014725 -146.198990
v 230.190002 99.014725 -150.198990
v 200.003006 99.006523 -150.086990
v 345.157013 99.046227 -150.623978
v 345.157013 3.046225 -150.623993
v 393.000000 99.059624 -150.800980
v 393.000000 84.170921 -150.800980
v 345.006012 84.170921 -150.447983
v 393.000000 3.059325 -150.800995
v 393.015015 3.059324 -146.800995
v 393.028992 3.059324 -146.800995
v 393.001007 84.170921 -150.670990
v 393.001007 84.170921 -150.771988
v 345.006012 3.046185 -150.447998
v 393.000000 3.014024 -150.800995
v 393.001007 3.014024 -150.636002
v 368.851013 3.014024 -150.623993
v 341.316010 3.014024 -150.610001
v 341.316010 3.045175 -150.610001
v 230.190002 3.000025 -150.199005
v 202.000000 99.000031 -203.812988
v 202.000000 3.000033 -203.813004
v 202.000000 3.000033 -199.813004
v 230.190002 2.110123 -203.813004
v 230.190002 2.110115 -150.199005
v 230.190002 3.000025 -150.145004
v 202.000000 3.000025 -150.199005
v 202.000000 99.000031 -199.812988
v 200.003006 99.000031 -199.812988
v 200.003006 3.029143 -199.813004
v 200.003006 3.029135 -150.169998
v 202.000000 99.000023 -150.068985
v 202.000000 99.000023 -150.094986
v 202.000000 3.000025 -150.069000
v 396.015015 3.060144 -146.813004
v 396.015015 99.060120 -146.812988
v 396.000000 3.060144 -146.811996
v 345.033997 3.046184 -146.623993
v 345.033997 84.170921 -146.623978
v 345.006012 3.014024 -150.447998
v 345.006012 2.998214 -150.447998
v 393.006012 3.014024 -150.636002
v 368.851990 3.014024 -150.541000
v 393.028992 84.170921 -146.800980
v 393.000000 84.170624 -148.175980
v 400.000000 3.001591 -4.000000
v 400.000000 3.000001 -4.000000
v 534.882996 3.000001 -4.000000
v 534.883972 2.935381 -4.000000
v 533.330994 99.060440 -212.999985
v 533.330994 99.060402 -3.999984
v 538.643005 17.891933 -213.000000
v 537.330994 3.084945 -213.000000
v 538.643005 3.084945 -213.000000
v 538.643005 3.084945 -217.000000
v 538.643005 99.125038 -216.999985
v 537.330994 99.125038 -216.999985
v 538.643005 99.125038 -212.999985
v 492.000000 99.125023 -157.187988
v 492.000000 108.000023 -157.187988
v 400.062012 170.250031 -157.187973
v 308.125000 108.000023 -157.187988
v 400.062012 170.250076 -456.187958
v 308.125000 108.000076 -456.187958
v 492.000000 108.000076 -456.187958
v 392.151001 3.125051 -316.500000
v 392.151001 3.000051 -316.500000
v 308.125000 99.125023 -157.187988
v 216.436996 3.000001 -4.000000
v 216.436996 91.000000 -3.999985
v 396.000000 3.000003 -20.625000
v 400.000000 3.181975 -155.026001
v 171.190002 3.000051 -311.812988
v 171.190002 3.000050 -308.062988
v 44.000000 3.000050 -308.062988
v 44.000000 48.000050 -308.062988
v 44.000000 84.000053 -308.062988
v 68.000000 84.000053 -308.062988
v 92.000000 84.000053 -308.062988
v 92.000000 48.000050 -308.062988
v 44.000000 48.000050 -312.000000
v 92.000000 48.000050 -312.000000
v 44.000000 84.000053 -312.000000
v 68.000000 84.000053 -312.000000
v 92.000000 84.000053 -312.000000
v 396.334015 3.123691 -310.143005
v 335.071991 81.125053 -308.697998
v 335.092987 3.000051 -312.333008
v 396.000000 99.125053 -309.999969
v 396.000000 99.077156 -310.134979
v 396.000000 81.125053 -310.000000
v 392.113007 81.125053 -309.916992
v 392.113007 3.123631 -309.916992
v 392.114014 3.125051 -310.042999
v 396.000000 83.160141 -216.999985
v 396.000000 86.526138 -216.999985
v 396.000000 86.535637 -216.999985
v 396.000000 89.121841 -216.999985
v 398.903015 100.249992 64.000015
v 398.903015 -1.937510 64.000000
v 390.903015 100.249992 64.000015
v 390.903015 -1.937510 64.000000
v 252.483002 -1.916342 74.079697
v 244.483002 -2.079161 66.081398
v 244.483002 100.086990 64.001717
v 252.483002 100.086990 64.001717
v 252.483002 -2.079161 66.081398
v 166.391998 83.000015 -113.687988
o Mesh20_Model
v 32.645699 84.000000 0.000014
v 32.645699 48.000000 0.000008
v 80.645699 84.000000 0.000014
v 80.645699 48.000000 0.000008
v 32.645699 48.000000 -3.999992
v 32.645699 84.000000 -3.999986
v 80.645699 84.000000 -3.999986
v 80.645699 48.000000 -3.999992
o Mesh21_Model
v 440.108002 84.000000 0.000014
v 440.108002 48.000000 0.000008
v 488.108002 84.000000 0.000014
v 440.108002 84.000000 -3.999986
v 440.108002 48.000000 -3.999992
v 488.108002 84.000000 -3.999986
v 488.108002 48.000000 -3.999992
v 488.108002 48.000000 0.000008
o Mesh22_Model
v 447.924988 38.000072 -456.187988
v 447.924988 36.125072 -456.187988
v 447.992004 84.125076 -456.187988
v 351.924988 84.125076 -456.187988
v 351.924988 36.125072 -456.187988
o Mesh25_Model
v 364.084991 42.657822 -150.694000
v 363.921997 42.657822 -150.694000
o Mesh1_Marc1_Model
v 291.859985 54.566284 82.745705
v 291.583008 54.524086 82.716011
v 291.712006 54.505085 82.729805
v 291.571991 54.592083 82.714806
v 291.324005 54.334984 82.688110
v 292.842010 54.351685 82.851311
v 291.308990 54.207386 82.686508
v 292.701996 54.185184 82.836205
v 291.459015 54.157185 82.702606
v 292.536011 54.072285 82.818405
v 291.626007 54.062386 82.720604
v 291.789001 54.062386 82.738106
v 292.360992 54.045883 82.799606
v 292.177002 54.000885 82.779907
v 291.675995 53.993183 82.725906
v 291.821014 53.949284 82.741508
v 292.084015 53.911083 82.769905
v 291.971008 53.903084 82.757607
v 291.687988 53.938686 82.727211
v 289.250000 53.965584 82.465210
v 289.014008 53.841484 82.439804
v 288.782990 53.933983 82.414909
v 288.601013 54.228985 82.395309
v 281.960999 54.888687 81.681511
v 295.381012 52.488686 83.124306
v 282.766998 52.260189 81.768105
v 295.402008 51.904484 83.126511
v 282.906006 51.347889 81.783104
v 295.553986 51.038383 83.142807
v 283.104004 50.304089 81.804306
v 295.651001 49.639984 83.153305
v 282.895996 48.967388 81.782005
v 282.920013 47.763489 81.784607
v 295.651001 46.874283 83.153305
v 295.707001 46.437183 83.159309
v 295.757996 46.163784 83.164909
v 295.686005 45.867283 83.157005
v 295.515015 45.354584 83.138710
v 282.799988 44.967087 81.771706
v 282.895996 44.788288 81.782005
v 295.673004 44.768585 83.155609
v 295.927002 44.226185 83.183006
v 295.885986 44.175884 83.178505
v 295.540985 43.839386 83.141411
v 294.929993 43.807686 83.075806
v 294.584015 43.795185 83.038506
v 283.941010 43.767189 81.894409
v 294.277008 43.689484 83.005508
v 293.983002 43.575085 82.974007
v 284.878998 43.545086 81.995209
v 284.276001 43.539787 81.930405
v 284.493988 43.517883 81.953804
v 281.286011 43.424290 81.609009
v 285.238007 43.512184 82.033806
v 285.630005 43.407585 82.076004
v 285.989014 43.231186 82.114609
v 286.424988 43.014286 82.161407
v 281.575012 42.997189 81.640106
v 286.813995 42.708385 82.203209
v 286.925995 42.610485 82.215309
v 287.084991 42.507786 82.232407
v 281.860992 42.440689 81.670708
v 285.876007 42.206684 82.102409
v 282.122986 42.079990 81.698906
v 286.018005 42.066883 82.117607
v 282.373993 41.876389 81.726006
v 286.165009 41.854683 82.133507
v 282.494995 41.751690 81.739006
v 286.113007 41.694485 82.127907
v 282.615997 41.626987 81.752007
v 285.806000 41.420784 82.094910
v 282.910004 41.378990 81.783607
v 285.313995 41.205784 82.042007
v 283.088989 41.149490 81.802704
v 284.796997 41.041885 81.986404
v 283.407013 41.023388 81.836906
v 284.312988 40.963688 81.934410
v 283.885986 40.947887 81.888504
v 282.398010 40.834988 81.728508
v 282.446991 41.293289 81.733711
v 287.484009 41.119785 82.275307
v 287.774994 41.020287 82.306610
v 288.054993 40.998684 82.336708
v 288.299011 41.104683 82.362907
v 288.428986 41.250484 82.376808
v 292.199005 41.170883 82.782104
v 291.993011 41.233784 82.760109
v 292.438995 41.211185 82.808006
v 292.684998 41.292786 82.834404
v 296.207001 41.396584 83.213104
v 296.497009 40.444584 83.244209
v 296.634003 39.748684 83.259010
v 282.231995 39.258888 81.710609
v 296.634003 39.209686 83.259010
v 296.739990 38.897884 83.270309
v 296.703003 38.496086 83.266411
v 296.794006 38.287785 83.276207
v 296.725006 37.894985 83.268806
v 296.881989 37.422283 83.285606
v 289.589996 35.830585 82.501610
v 282.117004 35.750988 81.698311
v 289.346985 35.358883 82.475609
v 289.165009 33.785385 82.456009
v 282.117004 33.085690 81.698311
v 288.923004 32.955986 82.430008
v 282.169006 31.222986 81.703804
v 288.419006 30.415386 82.375809
v 281.941010 29.894487 81.679306
v 288.056000 28.847887 82.336807
v 281.920013 28.776686 81.677010
v 281.993988 28.354187 81.685005
v 282.067993 27.931686 81.693008
v 282.097992 27.645086 81.696304
v 284.613007 27.140787 81.966705
v 285.088013 26.428587 82.017609
v 285.601013 25.778786 82.072807
v 286.217987 25.254387 82.139206
v 287.427002 25.193386 82.269104
v 286.670990 24.885887 82.187904
v 286.979004 24.678587 82.221008
v 287.273010 24.678587 82.252609
v 287.212006 24.473186 82.246010
v 287.122009 24.035887 82.236305
v 286.868011 23.970186 82.209106
v 286.148010 23.196886 82.131599
v 286.924988 23.079287 82.215202
v 285.489014 22.712286 82.060799
v 286.750000 22.555387 82.196404
v 285.059998 22.438986 82.014702
v 286.565002 20.793186 82.176498
v 285.507996 20.689787 82.062897
v 286.002014 20.201687 82.115997
v 286.389008 20.128487 82.157501
v 286.296997 19.833286 82.147697
v 286.514008 19.822386 82.170998
v 286.684998 19.185987 82.189400
v 286.282013 19.407988 82.146103
v 285.916992 19.591686 82.106796
v 284.664001 19.942787 81.972099
v 284.903992 19.174686 81.997902
v 285.371002 18.432087 82.048103
v 286.725006 17.942686 82.193703
v 285.821991 17.914288 82.096603
v 286.635010 17.380686 82.183998
v 286.326996 17.274387 82.150902
v 281.691986 17.990486 81.652603
v 281.875000 17.224487 81.672203
v 285.205994 19.822287 82.030296
v 289.704010 35.422886 82.513908
v 297.161987 35.332386 83.315811
v 289.704010 34.752384 82.513908
v 297.161987 34.504585 83.315811
v 289.743988 34.241684 82.518211
v 297.239014 33.868885 83.324005
v 289.906006 33.769485 82.535606
v 297.128998 33.320583 83.312210
v 289.815002 33.108585 82.525810
v 297.214996 32.594284 83.321510
v 289.868988 32.056385 82.531708
v 297.203003 31.923487 83.320206
v 290.114014 30.672287 82.558006
v 290.359009 29.449886 82.584404
v 296.877991 28.721987 83.285210
v 290.359009 27.987486 82.584404
v 291.522003 27.011887 82.709404
v 296.783997 26.410986 83.275108
v 296.833008 25.528986 83.280304
v 292.850006 25.483486 82.852211
v 293.608002 24.831886 82.933708
v 296.641998 24.480486 83.259911
v 296.460999 24.154987 83.240410
v 294.692993 24.040688 83.050308
v 296.164001 23.715387 83.208511
v 296.078003 23.674686 83.199310
v 295.179993 22.966387 83.102699
v 295.355011 22.816086 83.121498
v 296.183990 22.712086 83.210602
v 296.079987 22.169586 83.199402
v 296.252014 22.023186 83.218002
v 296.424988 21.876787 83.236504
v 296.898010 21.118486 83.287300
v 296.730988 20.617086 83.269402
v 297.144012 20.616287 83.313797
v 295.032013 20.564087 83.086800
v 294.209015 20.410587 82.998299
v 293.171997 20.214687 82.886703
v 292.391998 19.833586 82.802902
v 296.842010 19.552588 83.281403
v 291.231995 19.756386 82.678200
v 291.015991 19.164787 82.654999
v 291.006012 18.791887 82.653900
v 290.864990 18.514187 82.638802
v 296.260986 17.993587 83.218903
v 290.738007 17.155386 82.625099
v 296.260986 16.765186 83.218903
v 290.738007 16.145987 82.625099
v 290.626007 14.986486 82.613098
v 290.626007 13.799586 82.613098
v 296.019989 13.554687 83.193001
v 291.292999 11.573787 82.684700
v 295.541992 11.094387 83.141602
v 295.752014 10.984286 83.164200
v 295.148987 9.711607 83.099297
v 295.432007 9.711607 83.129700
v 290.619995 9.638857 82.612396
v 295.549988 9.397516 83.142502
v 290.657013 9.082057 82.616402
v 295.076996 8.853157 83.091599
v 295.373993 8.761956 83.123596
v 295.475006 8.730967 83.134399
v 294.286011 9.778136 83.006599
v 294.653015 9.766307 83.045998
v 294.968994 9.784516 83.080002
v 293.868988 9.859117 82.961700
v 294.625000 10.320086 83.042999
v 294.191010 10.415287 82.996399
v 295.115997 10.901987 83.095802
v 290.958008 10.907487 82.648697
v 292.919006 10.245387 82.859596
v 290.681000 10.176686 82.619003
v 292.799988 10.139586 82.846802
v 292.855988 9.993907 82.852798
v 293.058990 9.949317 82.874603
v 293.526001 9.937317 82.924896
v 294.179993 10.180387 82.995201
v 293.101990 10.216587 82.879303
v 293.311005 10.152487 82.901802
v 293.813995 10.081986 82.955803
v 293.561005 10.062087 82.928703
v 293.290009 9.967816 82.899498
v 294.548004 10.778887 83.034698
v 294.852997 10.906687 83.067596
v 296.320007 20.655087 83.225197
v 293.075012 20.814686 82.876297
v 293.773010 21.181087 82.951401
v 292.231995 20.223587 82.785797
v 291.380005 21.869587 82.694099
v 291.337006 21.519686 82.689499
v 290.972992 20.259287 82.650398
v 291.044006 19.995886 82.657997
v 291.359009 23.324486 82.691803
v 290.954987 23.979887 82.648407
v 290.908997 24.566086 82.643509
v 290.884003 25.614086 82.640907
v 290.644989 27.004087 82.615105
v 291.216003 22.160788 82.676498
v 291.209991 22.413786 82.675903
v 291.106995 22.956787 82.664803
v 290.972992 20.732586 82.650398
v 291.101990 21.166286 82.664299
v 294.489990 8.758846 83.028503
v 290.796997 8.341957 82.631500
v 292.851990 8.258986 82.852303
v 291.253998 8.199126 82.680603
v 292.028015 8.111357 82.763802
v 296.756989 7.200157 83.272202
v 290.623993 7.156407 82.612900
v 297.463989 6.919267 83.348297
v 290.630005 6.805487 82.613503
v 290.690002 6.639357 82.619904
v 298.087006 6.622906 83.415199
v 290.877014 6.524557 82.639999
v 291.166992 6.431097 82.671204
v 297.979004 6.395226 83.403603
v 298.381989 6.326926 83.446899
v 298.247009 6.309106 83.432404
v 298.489014 6.139786 83.458397
v 297.690002 6.345297 83.372498
v 297.466003 6.138697 83.348396
v 298.596008 5.952606 83.469902
v 297.200012 5.755337 83.319801
v 298.596008 5.694056 83.469902
v 297.088013 5.634287 83.307800
v 296.976013 5.513176 83.295799
v 298.765991 5.457486 83.488197
v 296.501007 5.274267 83.244698
v 298.765991 5.204306 83.488197
v 296.040009 5.131357 83.195099
v 298.627014 5.112256 83.473198
v 295.502014 5.050657 83.137299
v 297.865997 4.979846 83.391502
v 295.027008 5.050657 83.086197
v 294.414001 4.897777 83.020401
v 295.322998 4.825877 83.117996
v 296.562012 4.825877 83.251198
v 294.562012 5.080907 83.036201
v 294.182007 5.170417 82.995399
v 296.234009 7.754337 83.215897
v 295.757996 8.299256 83.164803
v 295.562012 8.406867 83.143700
v 290.502014 6.935586 82.599800
v 290.354004 6.309677 82.583801
v 291.510010 6.390137 82.708099
v 293.003998 6.312577 82.868698
v 293.269989 6.211887 82.897301
v 293.497986 6.008717 82.921799
v 290.307007 5.884187 82.578796
v 293.657990 5.821496 82.939003
v 290.489014 5.698097 82.598297
v 290.673004 5.633067 82.618103
v 293.726990 5.578617 82.946404
v 291.013000 5.575957 82.654602
v 292.332001 5.463987 82.796402
v 293.295990 5.388247 82.900101
v 293.760010 5.347337 82.949997
v 293.785004 5.288277 82.952698
v 291.942993 5.330487 82.754700
v 293.083008 5.262757 82.877197
v 293.717010 5.131237 82.945297
v 296.372009 5.546997 83.230797
v 296.752991 5.576567 83.271797
v 295.837006 5.568517 83.173302
v 295.052002 5.667727 83.088997
v 294.278015 5.821217 83.005699
v 293.855988 5.992067 82.960403
v 292.131989 6.377607 82.774902
v 290.691010 5.483006 82.620102
v 290.428009 5.615417 82.591698
v 296.497009 41.516685 83.244209
v 295.807007 41.405483 83.170105
v 295.276001 41.499184 83.113007
v 292.908997 41.417786 82.858505
v 291.815002 41.366184 82.740906
v 291.752991 41.584187 82.734207
v 293.128998 41.632385 82.882111
v 294.681000 41.699184 83.049011
v 296.971008 41.908684 83.295204
v 294.265991 41.911285 83.004410
v 297.526001 42.652084 83.354904
v 293.812012 42.146183 82.955605
v 294.154999 42.310783 82.992508
v 294.312988 42.486084 83.009506
v 293.184998 42.890186 82.888107
v 292.572998 42.455784 82.822411
v 290.434998 42.494186 82.592606
v 289.549988 42.515083 82.497406
v 287.243988 42.405087 82.249504
v 292.371002 42.316383 82.800705
v 287.631012 42.207485 82.291008
v 292.105011 42.114883 82.772011
v 287.890991 42.034584 82.319008
v 291.921997 41.944683 82.752411
v 291.795990 41.804485 82.738907
v 288.237000 41.791885 82.356308
v 288.398010 41.586987 82.373505
v 288.463013 41.408985 82.380608
v 293.368011 41.908783 82.907906
v 293.670013 42.095184 82.940407
v 286.635010 41.680183 82.184006
v 286.821014 41.557484 82.204010
v 286.993011 41.432983 82.222511
v 287.243988 41.250385 82.249504
v 286.397003 41.809284 82.158409
v 288.601990 42.515083 82.395508
v 287.738007 42.584484 82.302505
v 293.493988 43.249683 82.921410
v 297.514008 42.938385 83.353607
v 297.619995 42.859184 83.365005
v 297.584015 42.983086 83.361107
v 297.609009 43.045784 83.363808
v 297.500000 43.202785 83.352104
v 297.600006 43.217285 83.362907
v 297.330994 43.517284 83.333908
v 297.649994 43.413486 83.368309
v 297.773010 43.823284 83.381409
v 297.196014 43.705185 83.319405
v 297.074005 43.839085 83.306305
v 298.003998 44.445187 83.406311
v 296.937988 43.952583 83.291710
v 296.786011 44.063583 83.275307
v 296.531006 44.200386 83.247910
v 296.403015 44.258484 83.234207
v 296.205994 44.293484 83.212906
v 295.989990 44.303783 83.189804
v 296.045013 44.370686 83.195709
v 296.161987 44.791985 83.208305
v 298.170990 45.025585 83.424210
v 296.270996 45.919483 83.219910
v 298.558014 46.027885 83.465805
v 296.270996 46.883984 83.219910
v 298.807007 46.581284 83.492607
v 298.972992 46.978283 83.510406
v 296.319000 47.890484 83.225204
v 299.110992 47.399284 83.525307
v 299.255005 47.936783 83.540810
v 296.446014 49.377285 83.238808
v 299.363007 48.587986 83.552406
v 299.481995 49.609085 83.565208
v 296.523987 50.152084 83.247208
v 299.541992 50.276283 83.571609
v 296.561005 50.655186 83.251205
v 299.541992 50.884384 83.571609
v 296.561005 50.955883 83.251205
v 299.449005 51.283585 83.561707
v 296.382996 51.695084 83.232010
v 299.283997 51.781284 83.543907
v 295.917999 53.405087 83.182007
v 299.079987 52.621784 83.521904
v 298.914001 53.847885 83.504105
v 295.681000 54.148186 83.156509
v 298.796997 54.794285 83.491608
v 295.782013 55.007584 83.167404
v 295.941986 55.028084 83.184608
v 298.669006 55.574783 83.477806
v 296.454010 55.214085 83.239609
v 296.886993 55.470985 83.286209
v 297.774994 56.084885 83.381607
v 298.519989 56.276783 83.461708
v 298.365997 56.540985 83.445107
v 298.423004 56.578484 83.451309
v 295.959015 56.625183 83.186409
v 295.059998 55.576683 83.089806
v 294.834991 55.401386 83.065605
v 293.895996 55.017086 82.964706
v 293.782990 54.871284 82.952507
v 293.309998 54.595184 82.901611
v 295.434998 52.976784 83.130104
v 295.127991 55.693085 83.097008
v 295.135986 55.858986 83.097908
v 295.212006 55.983185 83.106110
v 295.201996 56.055084 83.105011
v 295.145996 56.077885 83.099007
v 295.105011 56.110386 83.094604
v 295.117004 56.173286 83.095909
v 295.181000 56.219883 83.102806
v 295.273987 56.278885 83.112709
v 295.339996 56.381985 83.119911
v 292.324005 56.509285 82.795609
v 292.364990 56.632385 82.800011
v 295.959015 57.375183 83.186409
v 298.941986 56.921085 83.507111
v 299.235992 57.210484 83.538704
v 298.899994 57.960285 83.502609
v 293.261993 57.429386 82.896507
v 293.230011 57.554184 82.893005
v 293.246002 57.654385 82.894707
v 293.208008 57.709484 82.890709
v 293.072998 57.756985 82.876106
v 292.856995 57.978886 82.852905
v 298.803986 58.099983 83.492210
v 292.753998 58.156284 82.841805
v 298.290009 59.667183 83.437004
v 292.645996 58.271183 82.830208
v 292.261993 58.332584 82.789009
v 292.048004 58.332584 82.766006
v 292.096008 58.409485 82.771111
v 291.528015 58.423183 82.710106
v 290.760010 58.452286 82.627411
v 290.601013 58.481483 82.610405
v 290.501007 58.540184 82.599609
v 290.467987 58.655884 82.596008
v 290.431000 58.722385 82.592110
v 290.187988 58.782585 82.566010
v 290.056000 58.894283 82.551811
v 290.186005 58.912785 82.565811
v 290.144989 59.031284 82.561409
v 289.938995 59.047386 82.539207
v 289.938995 59.150085 82.539207
v 289.980988 59.321285 82.543709
v 289.841003 59.430084 82.528709
v 289.662994 59.561783 82.509506
v 289.670013 59.756683 82.510307
v 297.541992 61.579987 83.356606
v 289.729004 59.907383 82.516708
v 289.498993 59.926884 82.491905
v 288.700989 60.244385 82.406105
v 288.627014 60.411186 82.398209
v 288.481995 60.473484 82.382607
v 287.591003 60.568684 82.286804
v 287.385986 60.586884 82.264709
v 280.412994 61.557587 81.515106
v 280.893005 62.559090 81.566711
v 297.054993 62.782585 83.304306
v 281.251007 62.963890 81.605110
v 289.838013 63.246986 82.528305
v 296.562988 63.649986 83.251305
v 290.251007 63.314083 82.572807
v 290.641998 63.424686 82.614708
v 290.994995 63.590385 82.652809
v 291.299011 63.782383 82.685509
v 295.457001 64.141785 83.132507
v 291.518005 64.000381 82.709007
v 291.691986 64.199883 82.727707
v 294.295013 64.606483 83.007507
v 291.904999 64.530487 82.750511
v 292.006989 64.810585 82.761604
v 293.221008 64.992386 82.892006
v 292.037994 65.073387 82.764809
v 292.243011 65.344582 82.786911
v 292.009003 65.277885 82.761810
v 291.960999 65.336784 82.756607
v 291.529999 65.617088 82.710205
v 291.912994 65.528282 82.751511
v 291.664001 65.606285 82.724609
v 289.484985 65.663284 82.490410
v 286.524994 65.764885 82.172211
v 285.766998 65.189781 82.090706
v 285.671997 65.121887 82.080505
v 285.911011 64.719582 82.106209
v 286.281006 64.376984 82.146011
v 286.665009 64.093887 82.187210
v 287.125000 63.786285 82.236610
v 287.664001 63.556183 82.294708
v 288.235992 63.412086 82.356110
v 288.826996 63.300083 82.419708
v 289.365997 63.246986 82.477608
v 282.812012 63.775288 81.773010
v 289.837006 65.663284 82.528206
v 291.332001 65.730087 82.688911
v 290.257996 65.703682 82.573509
v 290.556000 65.747284 82.605507
v 290.852997 65.779984 82.637505
v 291.182007 65.838486 82.672806
v 291.076996 65.942986 82.661507
v 290.809998 65.853783 82.632805
v 288.795990 65.937485 82.416306
v 289.115997 65.714485 82.450806
v 288.131012 66.130081 82.344910
v 288.342010 65.912086 82.367508
v 288.809998 65.796982 82.417809
v 286.753998 66.091888 82.196808
v 291.165009 66.007584 82.671104
v 291.286011 66.121483 82.684006
v 291.481995 66.392982 82.705109
v 287.782990 66.455582 82.307411
v 291.665009 66.694687 82.724808
v 291.507996 66.331085 82.707909
v 287.559998 66.702583 82.283409
v 291.885986 67.285881 82.748505
v 287.311005 67.068283 82.256706
v 287.212006 67.268486 82.246109
v 288.955994 67.755287 82.433609
v 292.033997 67.957085 82.764404
v 289.131012 67.847786 82.452309
v 289.259003 67.941483 82.466110
v 290.972992 67.982681 82.650406
v 292.114014 68.576881 82.773010
v 291.085999 68.044388 82.662605
v 291.101013 68.167885 82.664207
v 291.153992 68.339188 82.669807
v 291.153992 68.449387 82.669807
v 291.223999 68.475388 82.677307
v 291.223999 68.594482 82.677307
v 292.126007 68.732681 82.774307
v 291.619995 68.741188 82.719910
v 292.130005 69.004288 82.774811
v 291.688995 68.864288 82.727310
v 291.871002 69.176788 82.746910
v 291.936005 69.451881 82.753906
v 292.072998 70.053185 82.768707
v 291.936005 70.327988 82.753914
v 291.921997 70.829788 82.752419
v 291.910004 70.976181 82.751114
v 291.471008 70.938583 82.703918
v 291.113007 70.910988 82.665413
v 290.950989 70.915382 82.648018
v 290.744995 70.946281 82.625816
v 288.743011 70.937088 82.410713
v 286.631989 70.994286 82.183716
v 286.739014 70.491081 82.195213
v 286.871002 70.206085 82.209404
v 290.332001 69.852882 82.581406
v 290.497986 69.846588 82.599304
v 290.645996 69.812988 82.615204
v 290.821014 69.736885 82.634109
v 290.962006 69.709587 82.649208
v 291.140015 69.592583 82.668304
v 291.313995 69.412682 82.687004
v 291.427002 69.260284 82.699211
v 291.501007 68.949188 82.707108
v 291.138000 68.834488 82.668106
v 291.052002 69.016983 82.658806
v 289.046997 70.943588 82.443314
v 289.251007 70.963287 82.465218
v 290.628998 71.016487 82.613419
v 291.691986 70.966187 82.727615
v 291.783997 70.986786 82.737617
v 291.906006 71.029884 82.750618
v 290.493988 71.150581 82.598915
v 291.898010 71.122581 82.749817
v 291.968994 71.079788 82.757416
v 292.010986 71.156883 82.762016
v 291.835999 71.462288 82.743217
v 292.045013 71.298683 82.765617
v 292.069000 71.419685 82.768219
v 292.053986 71.674286 82.766617
v 291.796997 71.715782 82.739014
v 292.032013 71.855682 82.764214
v 291.768005 71.953186 82.735916
v 291.950989 71.897285 82.755516
v 292.209015 72.049484 82.783218
v 292.123993 71.757484 82.774117
v 292.270996 71.715187 82.789917
v 292.248993 71.438187 82.787613
v 291.830994 71.940483 82.742615
v 291.707001 72.341286 82.729317
v 292.376007 72.193085 82.801315
v 292.320007 71.887589 82.795212
v 292.355988 72.534882 82.799019
v 291.707001 72.715881 82.729317
v 292.410004 72.729385 82.804916
v 292.433014 72.405281 82.807312
v 291.696991 73.030983 82.728218
v 292.358002 72.953987 82.799316
v 292.462006 73.097984 82.810417
v 292.493011 72.835281 82.813812
v 291.634003 73.382484 82.721512
v 292.354004 73.638184 82.798813
v 291.550995 73.653084 82.712517
v 292.200012 73.932587 82.782318
v 291.375000 74.058083 82.693619
v 292.000000 74.326683 82.760818
v 291.186005 74.388588 82.673317
v 291.748993 74.633087 82.733818
v 291.019012 74.600487 82.655312
v 290.785004 74.761986 82.630112
v 291.471985 74.750282 82.704018
v 291.571014 74.908287 82.714615
v 290.483002 74.815681 82.597618
v 290.278992 74.838882 82.575813
v 290.191010 74.971283 82.566315
v 291.612000 75.087784 82.719116
v 290.044006 75.033882 82.550514
v 289.779999 75.033882 82.522118
v 286.583008 75.679588 82.178413
v 289.576996 74.998985 82.500214
v 285.662994 74.962784 82.079514
v 289.231995 74.892082 82.463219
v 288.959991 74.769188 82.434013
v 285.355988 74.534485 82.046516
v 288.352997 74.370888 82.368713
v 285.122986 74.232483 82.021416
v 287.998993 74.046082 82.330612
v 284.946014 73.861382 82.002419
v 285.015991 73.791687 82.010017
v 287.739014 73.691689 82.302711
v 284.927002 73.557884 82.000313
v 287.501007 73.297386 82.277115
v 287.295990 73.182884 82.255112
v 284.713013 73.120781 81.977417
v 287.062988 72.814087 82.230019
v 284.535004 72.651985 81.958313
v 286.881989 72.583984 82.210617
v 284.408997 72.434486 81.944618
v 284.529999 72.419884 81.957718
v 284.440002 72.237785 81.948112
v 284.533997 72.168388 81.958115
v 286.510986 72.119286 82.170715
v 284.466003 72.017586 81.950813
v 284.519012 71.919685 81.956612
v 286.286011 71.844086 82.146515
v 285.542999 71.794983 82.066612
v 285.419006 71.763786 82.053314
v 284.476990 71.737587 81.952019
v 285.334991 71.694489 82.044312
v 285.260986 71.561684 82.036316
v 284.554993 71.441986 81.960312
v 284.484009 71.392685 81.952713
v 284.414001 71.278687 81.945213
v 285.237000 71.399483 82.033714
v 285.242004 71.161385 82.034317
v 284.571991 71.151688 81.962318
v 284.709015 70.886086 81.976913
v 285.265991 70.779083 82.036812
v 285.273010 70.590187 82.037613
v 284.904999 70.571182 81.998016
v 285.303986 70.408981 82.040916
v 285.144012 70.351585 82.023712
v 285.411987 70.134285 82.052505
v 285.338989 70.106285 82.044609
v 285.523010 69.979187 82.064507
v 285.640015 69.852882 82.077110
v 285.480988 69.826385 82.059906
v 285.786987 69.721085 82.092804
v 285.950989 69.624084 82.110405
v 285.819000 69.231682 82.096306
v 286.102997 69.566689 82.126808
v 286.377014 69.645882 82.156204
v 286.394012 69.581184 82.158005
v 286.278015 69.550186 82.145607
v 286.563995 68.937386 82.176308
v 285.989014 68.858788 82.114609
v 286.175995 68.629585 82.134605
v 286.458008 68.463982 82.164909
v 286.723999 68.359886 82.193504
v 286.734985 68.279388 82.194710
v 286.867004 66.983688 82.208908
v 286.854004 66.504387 82.207504
v 288.873993 67.836182 82.424706
v 289.018005 67.875786 82.440208
v 288.799988 67.920685 82.416809
v 288.654999 68.026085 82.401108
v 289.394989 68.116882 82.480705
v 290.929993 68.070885 82.645805
v 291.009003 68.091682 82.654305
v 290.820007 68.185585 82.633911
v 290.731995 68.268082 82.624504
v 290.619995 68.325386 82.612404
v 290.437012 68.353287 82.592804
v 290.140991 68.388588 82.560905
v 289.811005 68.398384 82.525406
v 288.591003 68.441788 82.394310
v 288.614014 68.589386 82.396706
v 291.178986 68.540588 82.672508
v 288.786987 68.938782 82.415405
v 289.005005 69.046982 82.438805
v 290.886993 69.085182 82.641106
v 290.924011 69.179482 82.645210
v 289.566010 69.181488 82.499107
v 290.777008 69.150482 82.629311
v 288.932007 69.084587 82.431007
v 288.477997 69.179482 82.382210
v 288.335999 68.915482 82.366905
v 288.295990 68.734886 82.362610
v 288.268005 68.558083 82.359604
v 288.207001 68.488182 82.353004
v 288.609985 68.243584 82.396408
v 289.502014 68.254486 82.492210
v 289.639008 68.353188 82.506905
v 288.024994 68.642082 82.333511
v 288.636993 69.415085 82.399208
v 289.846985 69.220886 82.529411
v 290.545990 69.195686 82.604507
v 290.265991 69.220886 82.574409
v 288.792999 69.555984 82.416008
v 289.019989 69.592484 82.440407
v 289.218994 69.607185 82.461807
v 289.351990 69.674385 82.476105
v 289.562988 69.765182 82.498810
v 289.757996 69.831383 82.519707
v 290.217010 69.826988 82.569107
v 290.087006 69.845284 82.555107
v 289.947998 69.850883 82.540207
v 287.227997 69.808685 82.247711
v 287.540009 69.374588 82.281311
v 287.832001 68.975487 82.312706
v 286.312012 70.114983 82.149307
v 286.312012 70.782188 82.149315
v 286.199005 71.302986 82.137215
v 286.558990 71.637787 82.175812
v 288.065002 71.019882 82.337814
v 288.201996 70.990685 82.352516
v 288.477997 70.948486 82.382118
v 289.404999 71.022385 82.481918
v 289.570007 71.167885 82.499512
v 290.408997 71.291183 82.589714
v 290.381989 71.372887 82.586815
v 290.355011 71.454582 82.583916
v 290.329010 71.632988 82.581116
v 290.322998 71.740288 82.580513
v 290.335999 71.808487 82.581818
v 290.391998 71.879189 82.588013
v 290.454010 71.925682 82.594612
v 290.606995 71.968788 82.611015
v 291.696991 71.967781 82.728218
v 291.438995 71.989784 82.700516
v 291.139008 72.004784 82.668213
v 289.266998 72.005486 82.467018
v 288.765015 72.034683 82.413017
v 286.545013 71.821884 82.174416
v 286.079010 71.680984 82.124214
v 287.473999 71.742386 82.274216
v 287.618011 71.755486 82.289719
v 287.467987 71.556084 82.273514
v 287.868988 71.847382 82.316719
v 287.700989 71.484482 82.298615
v 287.868988 71.470886 82.316719
v 287.868988 71.354385 82.316719
v 287.872986 71.208084 82.317116
v 287.894989 71.128487 82.319519
v 287.951996 71.072884 82.325615
v 289.684998 71.356483 82.511917
v 289.748993 71.609688 82.518814
v 289.765015 71.698387 82.520515
v 289.737000 71.799187 82.517418
v 289.864990 71.816483 82.531319
v 290.282990 71.817688 82.576218
v 290.122009 71.820984 82.558914
v 289.653992 71.879387 82.508614
v 287.966003 71.925285 82.327118
v 289.488007 71.963387 82.490814
v 290.862000 71.999084 82.638412
v 288.304993 72.004189 82.363518
v 285.946014 71.524986 82.110016
v 285.944000 71.603882 82.109718
v 285.795990 71.658081 82.093819
v 285.641998 71.770187 82.077217
v 284.389008 71.843185 81.942612
v 284.481995 72.143288 81.952614
v 284.325989 72.124084 81.935715
v 284.375000 72.090286 81.941116
v 284.257996 72.061386 81.928513
v 284.458008 72.388382 81.950012
v 284.312988 72.339684 81.934319
v 284.877014 73.690582 81.995018
v 291.541992 75.311981 82.711617
v 291.395996 75.533684 82.695915
v 291.117004 75.787086 82.665916
v 287.308990 76.058182 82.256416
v 290.684998 75.993484 82.619415
v 290.145996 76.167084 82.561516
v 287.802002 76.256088 82.309517
v 289.618988 76.303185 82.504814
v 288.463989 76.356583 82.380615
v 289.113007 76.372383 82.450417
v 285.627991 65.172585 82.075706
v 285.082001 64.876282 82.017006
v 279.917999 60.578487 81.461807
v 287.213013 60.387684 82.246109
v 287.088013 60.159184 82.232704
v 286.786011 59.959785 82.200310
v 286.811005 59.797585 82.202911
v 286.766998 59.618885 82.198204
v 286.598999 59.427185 82.180206
v 286.398010 59.253986 82.158607
v 286.194000 59.199986 82.136505
v 285.924011 59.065186 82.107605
v 279.345001 58.946289 81.400307
v 285.674988 58.759285 82.080811
v 285.381012 58.405186 82.049210
v 285.078003 58.118385 82.016609
v 282.458008 57.496387 81.735008
v 282.458008 56.652687 81.735008
v 279.098999 56.644588 81.373810
v 278.816986 56.567688 81.343506
v 278.640991 56.440990 81.324509
v 279.859009 56.536789 81.455505
v 280.661011 56.131588 81.541710
v 278.402008 55.391788 81.298904
v 281.372009 55.386589 81.618210
v 281.885010 54.758587 81.673309
v 277.916992 53.510490 81.246704
v 281.006989 52.213787 81.579010
v 277.431000 51.420288 81.194405
v 280.371002 50.894588 81.510506
v 277.282013 50.584190 81.178505
v 280.300995 50.574390 81.503105
v 280.286987 50.215588 81.501610
v 280.380005 49.921089 81.511604
v 277.298004 49.726887 81.180206
v 280.660004 49.390388 81.541611
v 277.528015 48.836887 81.204910
v 281.084015 48.451187 81.587204
v 278.140991 47.805889 81.270805
v 281.562988 47.270988 81.638710
v 278.912994 46.478489 81.353806
v 279.507996 45.620487 81.417809
v 280.145996 44.864388 81.486404
v 280.955994 43.884090 81.573410
v 293.842987 43.470985 82.959007
v 293.727997 43.366585 82.946609
v 293.627014 43.295185 82.935707
v 297.265015 43.469585 83.326805
v 297.433990 43.175983 83.345009
v 297.132996 43.657383 83.312706
v 297.020996 43.772285 83.300606
v 296.756012 43.977886 83.272110
v 296.407013 44.176186 83.234505
v 296.260010 44.217686 83.218811
v 296.039001 44.231686 83.195007
v 295.329987 43.760185 83.118805
v 281.964996 41.159588 81.681908
v 289.391998 54.136486 82.480408
v 291.971008 54.557186 82.757706
v 292.096985 54.706585 82.771210
v 292.300995 54.801186 82.793205
v 292.859009 54.959583 82.853210
v 293.010010 55.102486 82.869408
v 294.023987 55.150284 82.978409
v 293.953003 55.227486 82.970711
v 294.726013 55.387886 83.053810
v 294.635986 55.416183 83.044205
v 294.941010 55.513985 83.076904
v 293.893005 55.528984 82.964409
v 293.820007 55.499683 82.956505
v 293.878998 55.220284 82.962807
v 293.726013 55.205284 82.946411
v 293.131012 55.168785 82.882408
v 293.481995 55.523884 82.920105
v 293.411987 55.584484 82.912605
v 294.031006 55.584187 82.979111
v 294.403992 55.563984 83.019310
v 294.544006 55.470486 83.034309
v 294.984009 55.542385 83.081604
v 294.251007 55.578587 83.002808
v 293.410004 55.695286 82.912407
v 293.519012 55.807285 82.924110
v 293.596008 55.917084 82.932304
v 295.128998 55.915085 83.097206
v 295.151001 55.954086 83.099510
v 293.833008 55.998386 82.957909
v 294.829010 56.036484 83.064911
v 294.811005 56.124584 83.063011
v 294.872986 56.189484 83.069710
v 294.748993 56.259686 83.056404
v 294.972992 56.266685 83.080406
v 295.179993 56.317387 83.102707
v 294.860992 56.302883 83.068306
v 294.566010 56.172184 83.036705
v 294.459015 56.149384 83.025108
v 294.306000 56.113285 83.008705
v 293.972992 56.104385 82.972908
v 292.419006 56.059784 82.805809
v 292.411011 55.831486 82.805008
v 292.286011 55.719086 82.791611
v 292.183990 55.581585 82.780510
v 292.019012 55.492283 82.762909
v 293.666992 55.486984 82.940109
v 291.957001 55.239086 82.756210
v 291.924988 55.468384 82.752708
v 291.877014 55.233486 82.747505
v 291.854004 55.090683 82.745110
v 291.917999 55.035484 82.752007
v 291.670013 55.061386 82.725311
v 292.005005 55.020287 82.761307
v 292.036987 54.907585 82.764709
v 291.678986 54.894585 82.726311
v 291.575012 54.811485 82.715111
v 291.977997 54.792686 82.758408
v 291.800995 54.762585 82.739410
v 291.480988 54.761784 82.704910
v 291.618011 54.743484 82.719810
v 291.466003 54.552284 82.703407
v 292.480988 55.001583 82.812508
v 292.859009 55.112286 82.853210
v 292.752991 55.135685 82.841705
v 292.658997 55.129486 82.831604
v 289.587006 54.669785 82.501305
v 289.523987 54.419685 82.494606
v 289.587006 54.950787 82.501305
v 289.552002 55.205383 82.497604
v 291.765015 55.151283 82.735611
v 291.845001 55.599785 82.744110
v 294.710999 56.036484 83.052208
v 294.636993 56.133484 83.044205
v 291.678009 56.153183 82.726105
v 291.739014 55.980686 82.732704
v 291.765015 55.833385 82.735504
v 291.627991 56.308086 82.720810
v 291.518005 56.435184 82.708908
v 290.976013 56.454784 82.650711
v 290.981995 56.587986 82.651306
v 291.078003 56.647186 82.661606
v 292.429993 56.787685 82.807106
v 293.346985 56.880783 82.905609
v 293.338013 57.020184 82.904709
v 293.537994 57.078884 82.926109
v 293.420013 57.223984 82.913406
v 293.397003 57.339085 82.910904
v 293.290985 57.348984 82.899605
v 290.967010 57.383484 82.649704
v 290.938995 57.295685 82.646706
v 292.727997 57.269386 82.839111
v 293.291992 57.196587 82.899704
v 292.898010 57.161884 82.857307
v 293.246002 57.119385 82.894806
v 292.957001 57.008484 82.863708
v 293.217010 56.880783 82.891708
v 292.528992 56.955585 82.817711
v 293.411011 57.113384 82.912506
v 293.352997 57.184383 82.906311
v 292.571991 57.218784 82.822311
v 292.570007 57.112785 82.822105
v 291.050995 57.162483 82.658806
v 291.104004 57.072285 82.664406
v 291.109009 56.874485 82.665009
v 291.052002 57.397285 82.658905
v 290.966003 57.560085 82.649605
v 290.829010 57.625084 82.634911
v 290.529999 57.737286 82.602806
v 290.488007 57.848785 82.598206
v 290.377991 57.936684 82.586411
v 290.183990 57.959686 82.565605
v 290.054993 57.959686 82.551704
v 289.100006 58.018684 82.449005
v 289.100006 57.895084 82.449005
v 289.994995 57.856686 82.545204
v 289.674988 57.833084 82.510811
v 289.015991 57.814587 82.440010
v 289.352997 57.788586 82.476204
v 289.015991 57.770786 82.440010
v 289.010986 57.865685 82.439407
v 288.903992 57.753883 82.427910
v 288.812988 57.810585 82.418205
v 288.772003 57.740086 82.413704
v 288.938995 57.665386 82.431709
v 288.617004 57.641884 82.397110
v 288.967987 57.609985 82.434807
v 288.537994 57.467186 82.388611
v 289.700012 57.583984 82.513611
v 289.273987 57.701885 82.467705
v 289.813995 57.689983 82.525711
v 289.971008 57.590683 82.542709
v 289.822998 57.447685 82.526810
v 288.808990 57.321484 82.417709
v 288.742004 57.291683 82.410507
v 288.399994 57.177185 82.373711
v 288.635010 57.134483 82.399010
v 288.372986 57.012585 82.370804
v 288.601013 56.957485 82.395409
v 288.246002 56.952187 82.357208
v 288.492004 56.902786 82.383705
v 288.242004 56.831486 82.356705
v 288.408997 56.714386 82.374710
v 288.186005 56.657284 82.350708
v 288.322998 56.570187 82.365509
v 288.229004 56.539085 82.355408
v 288.575989 56.341484 82.392708
v 288.528015 56.129986 82.387505
v 282.389008 55.992489 81.727509
v 288.528015 55.842884 82.387505
v 288.463013 55.479885 82.380508
v 288.436005 55.225185 82.377609
v 288.514008 54.880585 82.386009
v 288.494995 54.495785 82.383911
v 289.398010 55.528687 82.481110
v 289.287994 55.843784 82.469208
v 290.987000 55.965786 82.651909
v 291.115997 56.067085 82.665710
v 291.195007 56.214085 82.674309
v 291.321991 56.353683 82.687904
v 290.884003 56.377586 82.640808
v 290.796997 56.333984 82.631409
v 290.773987 56.136383 82.629005
v 290.829987 56.010487 82.635010
v 289.302002 56.072784 82.470711
v 289.268005 56.199684 82.467110
v 289.339996 56.443886 82.474808
v 289.364990 56.721985 82.477509
v 289.325012 56.816284 82.473106
v 289.433990 56.891685 82.485008
v 289.774994 56.925484 82.521507
v 289.863007 57.087784 82.531105
v 289.822998 57.254986 82.526810
v 290.045990 57.648785 82.550705
v 289.040009 57.927883 82.442604
v 289.238007 58.035484 82.463806
v 290.023987 58.067184 82.548309
v 290.069000 58.093586 82.553207
v 290.545990 58.171684 82.604507
v 292.479004 58.265484 82.812309
v 290.773010 58.299583 82.628906
v 290.466003 58.326084 82.595810
v 290.791992 58.403084 82.630905
v 290.976990 58.391384 82.650810
v 291.239990 58.414185 82.679008
v 291.813995 58.369083 82.740807
v 290.346985 58.429184 82.583008
v 290.393005 58.378586 82.588005
v 290.421997 58.483784 82.591209
v 290.382996 58.537483 82.587006
v 290.304993 58.629284 82.578506
v 290.308990 58.689785 82.579010
v 290.375000 58.692886 82.586105
v 290.104004 58.688885 82.556908
v 290.229004 58.655983 82.570404
v 290.131012 58.554585 82.559807
v 289.963989 58.542286 82.541908
v 289.816010 58.564587 82.525909
v 289.157990 58.640385 82.455307
v 289.019012 58.495884 82.440308
v 288.868011 58.365284 82.424011
v 288.664001 58.357384 82.402206
v 286.649994 58.280186 82.185707
v 290.127991 58.263885 82.559509
v 290.235992 58.248085 82.571106
v 290.384003 58.217983 82.587006
v 290.298004 58.184784 82.577805
v 290.037994 58.248283 82.549904
v 288.334015 58.363586 82.366608
v 288.100006 58.546486 82.341507
v 289.364990 58.655483 82.477509
v 289.566986 58.676483 82.499207
v 289.738007 58.764786 82.517609
v 287.694000 58.948784 82.297905
v 287.886993 58.673286 82.318611
v 287.561005 58.661083 82.283607
v 287.716003 58.657784 82.300209
v 287.592987 58.551285 82.287010
v 287.061005 58.580086 82.229706
v 286.799011 58.433685 82.201607
v 286.669006 58.399284 82.187706
v 287.899994 59.116783 82.320007
v 287.915985 59.185585 82.321709
v 288.825989 59.718384 82.419609
v 288.970001 59.842983 82.435005
v 289.162994 59.842983 82.455811
v 289.282013 59.845387 82.468605
v 287.713013 59.179485 82.299904
v 287.480988 58.968285 82.274910
v 287.273010 58.716484 82.252609
v 285.998993 58.425484 82.115707
v 285.816010 58.339584 82.095909
v 285.497986 58.109985 82.061806
v 285.276001 58.059185 82.037910
v 288.553986 56.604286 82.390305
v 288.653992 56.829884 82.401009
v 288.730988 56.976284 82.409309
v 289.473999 57.024185 82.489204
v 289.684998 56.979183 82.512009
v 289.653992 57.132484 82.508606
v 288.751007 57.144886 82.411507
v 289.578003 57.057686 82.500404
v 288.649994 57.842285 82.400711
v 288.717987 57.863083 82.408005
v 288.859985 57.915886 82.423210
v 288.984985 57.971485 82.436707
v 289.467987 58.067486 82.488609
v 289.557007 58.178684 82.498108
v 289.950989 58.126686 82.540504
v 289.817993 58.173786 82.526207
v 286.334991 58.147484 82.151711
v 286.114014 58.139385 82.128006
v 285.989990 58.148586 82.114708
v 286.022003 58.291084 82.118004
v 289.859985 57.641186 82.530708
v 288.337006 60.390083 82.367004
v 288.218994 60.420486 82.354309
v 287.953003 60.458683 82.325706
v 293.313995 55.214085 82.902107
v 293.535004 55.214085 82.925804
v 282.143005 27.053686 81.701111
v 282.247986 26.180586 81.712311
v 282.407990 25.486687 81.729607
v 282.407990 25.147686 81.729607
v 282.255005 24.655186 81.713104
v 282.200989 24.097387 81.707306
v 282.441986 23.916286 81.733208
v 282.233002 23.454287 81.710709
v 282.820007 23.443487 81.773811
v 283.156006 23.121986 81.809898
v 282.080994 23.063286 81.694397
v 283.526001 22.875387 81.849800
v 283.882996 22.717886 81.888199
v 282.039001 22.558687 81.689903
v 284.527008 22.606287 81.957298
v 284.472992 22.441786 81.951599
v 284.347992 22.302687 81.938103
v 284.009003 22.097086 81.901703
v 281.955994 21.877186 81.681000
v 283.480011 21.783386 81.844803
v 282.963989 21.391886 81.789299
v 281.931000 21.182987 81.678299
v 282.572998 21.077187 81.747299
v 282.243011 20.782587 81.711800
v 282.028992 20.675886 81.688904
v 282.087006 20.083786 81.695099
v 281.674988 20.034187 81.650803
v 282.971008 20.183786 81.790100
v 283.863007 20.116987 81.886002
v 281.579987 19.618687 81.640503
v 281.579987 19.282587 81.640503
v 281.691986 18.759186 81.652603
v 284.429993 22.680887 81.946899
v 284.234985 22.697887 81.926003
v 286.681000 16.186487 82.188904
v 282.037994 16.025486 81.689796
v 286.761993 15.142087 82.197601
v 282.200989 14.739087 81.707298
v 286.761993 12.502287 82.197601
v 282.200989 11.861386 81.707298
v 286.792999 11.350687 82.200996
v 282.260010 11.000486 81.713600
v 282.348999 10.781386 81.723198
v 284.622986 10.673687 81.967598
v 285.516998 10.653887 82.063797
v 285.770996 10.608787 82.091103
v 286.886993 10.400786 82.211098
v 287.015015 10.142687 82.224800
v 284.959015 10.632887 82.003799
v 285.656006 9.968297 82.078697
v 286.944000 9.728287 82.217201
v 286.944000 9.150967 82.217201
v 284.694000 10.522587 81.975304
v 286.821014 8.799517 82.204002
v 286.653992 8.371277 82.185997
v 286.449005 8.024716 82.164001
v 286.411011 8.039746 82.159897
v 285.966003 8.214117 82.112099
v 285.428009 8.491807 82.054199
v 284.766998 8.695797 81.983200
v 284.377991 8.830457 81.941399
v 284.037994 8.869877 81.904701
v 282.106995 9.088397 81.697197
v 283.910004 10.127387 81.891098
v 283.381012 10.168986 81.834198
v 284.406006 10.656286 81.944298
v 283.059998 10.053886 81.799698
v 282.406006 10.021187 81.729401
v 282.059998 10.053287 81.692101
v 281.989014 9.682286 81.684502
v 283.433990 10.011487 81.839897
v 282.210999 10.467386 81.708397
v 283.675995 10.020587 81.865898
v 282.027008 9.415736 81.688599
v 284.735992 10.643686 81.979797
v 283.552002 8.848797 81.852600
v 282.252014 8.798507 81.712799
v 283.178986 8.777906 81.812401
v 282.852997 8.513987 81.777397
v 282.585999 8.086516 81.748703
v 286.385986 7.603547 82.157303
v 282.052002 7.109957 81.691200
v 286.247009 6.748857 82.142303
v 286.161011 6.571007 82.133003
v 281.510986 6.466437 81.633102
v 286.009003 6.460017 82.116699
v 285.743988 6.397607 82.088203
v 285.558990 6.350227 82.068298
v 285.493011 6.255757 82.061203
v 282.822998 6.159497 81.774200
v 282.618988 6.124557 81.752197
v 281.295990 6.095477 81.610001
v 282.391998 5.969326 81.727898
v 282.191986 5.725037 81.706299
v 281.209015 5.660127 81.600700
v 281.292999 5.459617 81.609703
v 281.959015 5.455226 81.681297
v 281.454987 5.420607 81.627098
v 281.061005 5.445207 81.584702
v 281.710999 5.264777 81.654602
v 281.412994 5.100537 81.622597
v 281.070007 5.037036 81.585701
v 284.458008 5.145497 81.949997
v 284.816986 5.012527 81.988602
v 285.106995 4.962927 82.019798
v 281.071991 4.919177 81.585899
v 285.319000 4.972297 82.042603
v 285.493988 5.069517 82.061401
v 285.441986 4.882307 82.055702
v 281.283997 4.776156 81.608704
v 285.210999 4.743477 82.030899
v 281.606995 4.728327 81.643402
v 282.346008 4.695727 81.722900
v 284.838013 4.687487 81.990799
v 284.260986 4.646897 81.928703
v 285.493988 5.268607 82.061401
v 284.125000 5.283077 81.914101
v 285.433990 5.504137 82.054802
v 285.787994 5.330487 82.092903
v 286.166992 5.452837 82.133698
v 286.365997 5.565567 82.155098
v 285.321991 5.750967 82.042900
v 286.500000 5.796097 82.169502
v 285.479004 6.041027 82.059799
v 286.500000 6.146246 82.169502
v 286.433990 6.421637 82.162399
v 283.045013 6.144387 81.798103
v 283.268005 6.090507 81.821999
v 283.446991 5.985897 81.841301
v 283.619995 5.809057 81.859901
v 285.054993 5.548567 82.014198
v 284.703003 5.463057 81.976303
v 283.940002 5.438707 81.894302
v 284.407990 5.438707 81.944603
vt -2.4045 36.6058
vt -1.4391 36.3359
vt -2.4533 36.1475
vt -1.7593 36.4620
vt -0.0406 36.3544
vt 2.6616 36.4323
vt 0.4795 36.5183
vt 3.2360 36.3112
vt 2.9545 36.3328
vt -0.5273 36.2762
vt 7.4034 36.4834
vt 3.6116 36.5630
vt 3.4817 36.4172
vt 7.1968 36.5463
vt 11.7261 35.7571
vt -2.6209 34.5714
vt 11.8645 35.0612
vt 11.9335 33.8086
vt 11.9704 34.2104
vt 12.0252 33.6003
vt -2.6845 26.5355
vt 3.6017 25.7279
vt 4.1091 28.2685
vt -2.9135 25.2070
vt 3.2372 24.1604
vt -2.9350 24.0892
vt -2.7858 23.2442
vt -2.8604 23.6667
vt 1.3881 20.5669
vt 2.6040 20.5059
vt 1.8443 20.1984
vt 2.1534 19.9911
vt 2.2973 19.3484
vt 2.3878 19.7857
vt 0.6548 18.0248
vt 2.0992 18.3918
vt 1.3175 18.5094
vt 1.9236 17.8679
vt 1.1714 15.5142
vt 1.5600 15.4410
vt 1.7375 16.1057
vt 1.4677 15.1458
vt 1.6864 15.1349
vt 1.8582 14.4985
vt 1.4526 14.7205
vt 1.0857 14.9042
vt -0.1747 15.2553
vt 0.0663 14.4872
vt 0.9901 13.2268
vt 1.8076 12.6932
vt 1.8983 13.2552
vt 1.4983 12.5869
vt -3.1635 13.3030
vt -2.9801 12.5370
vt 0.5359 13.7446
vt 0.3701 15.1348
vt 0.6745 16.0023
vt 0.2240 17.7515
vt 2.0422 19.2827
vt 2.4495 19.9911
vt 0.7678 21.0913
vt 0.2513 21.7411
vt -0.2256 22.4533
vt -2.7553 22.9576
vt -2.7362 28.3982
vt 4.3521 29.0979
vt -2.7362 31.0635
vt 4.5356 30.6714
vt 4.7793 31.1431
vt 12.1137 32.7348
vt 4.8940 30.7354
vt 12.3953 30.6449
vt 4.8940 30.0649
vt 12.3953 29.8171
vt 5.0971 29.0820
vt 12.4724 29.1814
vt 4.9342 29.5542
vt 5.0055 28.4211
vt 12.3624 28.6331
vt 5.0604 27.3689
vt 12.4368 27.2360
vt 12.4488 27.9068
vt 5.5530 24.7624
vt 5.3065 25.9848
vt 5.5530 23.3000
vt 12.1095 24.0345
vt 6.7226 22.3244
vt 8.0584 20.7960
vt 12.0641 20.8415
vt 8.8208 20.1444
vt 11.8725 19.7930
vt 11.6903 19.4675
vt 9.9117 19.3532
vt 11.3916 19.0279
vt 11.3055 18.9872
vt 10.4022 18.2789
vt 11.3070 17.4821
vt 11.4118 18.0246
vt 10.5781 18.1286
vt 11.6538 17.1893
vt 11.4804 17.3357
vt 12.1296 16.4310
vt 11.9617 15.9296
vt 12.3773 15.9288
vt 10.2534 15.8766
vt 9.4256 15.7231
vt 8.3819 15.5272
vt 7.5975 15.1461
vt 12.0737 14.8651
vt 6.2137 14.4773
vt 6.4310 15.0689
vt 5.9346 12.4679
vt 11.4895 12.0777
vt 11.4895 13.3061
vt 5.8217 9.1121
vt 5.8217 10.2990
vt 11.2466 8.8672
vt 10.9772 6.2968
vt 10.3703 5.0241
vt 10.6550 5.0241
vt 5.8157 4.9514
vt 10.7744 4.7100
vt 10.5974 4.0745
vt 10.6989 4.0435
vt 10.2982 4.1657
vt 5.8530 4.3946
vt 9.5029 5.0907
vt 9.8722 5.0788
vt 10.1899 5.0970
vt 9.0835 5.1716
vt 9.8441 5.6326
vt 10.7659 6.4069
vt 9.4075 5.7278
vt 6.1553 6.2200
vt 8.1280 5.5579
vt 5.8774 5.4892
vt 8.2684 5.2618
vt 8.0647 5.3064
vt 8.7384 5.2498
vt 9.3962 5.4929
vt 8.7740 5.3746
vt 8.5224 5.4650
vt 9.0277 5.3945
vt 8.0081 5.4521
vt 8.5012 5.2803
vt 8.3123 5.5291
vt 9.7665 6.0914
vt 10.3375 6.2145
vt 10.0734 6.2192
vt 6.4922 6.8863
vt 5.9346 11.4585
vt 6.0619 13.8267
vt 6.2040 14.1044
vt 11.5481 15.9676
vt 8.2846 16.1272
vt 8.9872 16.4936
vt 7.4372 15.5361
vt 6.5365 16.8322
vt 6.5799 17.1821
vt 6.2423 15.3084
vt 6.1710 15.5718
vt 6.5586 18.6370
vt 6.1521 19.2924
vt 6.1062 19.8786
vt 6.0816 20.9266
vt 5.8405 22.3166
vt 12.0152 21.7235
vt 6.4155 17.4733
vt 6.4094 17.7263
vt 6.3057 18.2693
vt 6.1710 16.0451
vt 6.3006 16.4788
vt 9.7084 4.0714
vt 7.2320 3.4239
vt 6.4533 3.5116
vt 8.0600 3.5715
vt 5.9940 3.6545
vt 11.9560 33.2075
vt 11.8645 34.5222
vt 11.4347 36.7091
vt 11.7261 36.8292
vt 8.1175 36.7303
vt 11.0326 36.7180
vt 7.8926 36.6052
vt 10.4983 36.8117
vt 2.4206 37.7176
vt 7.7798 37.7683
vt 2.2606 37.8203
vt 2.8091 37.5200
vt 7.3088 37.4274
vt 7.5765 37.6289
vt 3.0705 37.3471
vt 7.1254 37.2572
vt 3.4192 37.1044
vt 6.9983 37.1170
vt 3.5804 36.8995
vt 6.9551 36.8967
vt 7.0173 36.6787
vt 3.6467 36.7215
vt 8.3386 36.9449
vt 9.8996 37.0117
vt 8.5799 37.2213
vt 9.4825 37.2238
vt 8.8837 37.4077
vt 9.0256 37.4587
vt 5.6299 37.8067
vt 4.7392 37.8276
vt 3.7859 37.8276
vt 2.9165 37.8970
vt 1.2824 37.0070
vt 1.8075 36.9927
vt 1.5679 37.1218
vt 1.9950 36.8700
vt 0.9740 36.7333
vt 2.1674 36.7455
vt 2.4202 36.5629
vt 1.3351 37.1672
vt -1.9384 36.6915
vt 7.6455 36.5237
vt -0.9572 36.2604
vt -2.7098 22.3662
vt -2.5974 19.9677
vt -2.4437 20.4602
vt -2.6519 19.4099
vt -2.4097 19.2288
vt -2.6199 18.7668
vt -2.0294 18.7560
vt -2.7722 18.3758
vt -1.6919 18.4345
vt -1.3193 18.1879
vt -2.8147 17.8712
vt -0.3128 17.9188
vt -0.9599 18.0304
vt -0.3667 17.7543
vt -0.4928 17.6152
vt -0.8331 17.4096
vt -2.8983 17.1897
vt -1.3654 17.0959
vt -2.9232 16.4955
vt -1.8847 16.7044
vt -2.2780 16.3897
vt -2.6098 16.0951
vt -2.8245 15.9884
vt -2.7662 15.3963
vt -3.1808 15.3467
vt -1.8774 15.4963
vt -0.9804 15.4295
vt -3.2767 14.9312
vt -3.2767 14.5951
vt -3.1635 14.0717
vt -0.4101 17.9934
vt -0.6060 18.0104
vt -2.4437 20.7992
vt -2.6048 21.4931
vt 1.8539 11.4990
vt -2.8154 11.3380
vt 1.9350 10.4546
vt -2.6521 7.1739
vt 1.9350 7.8148
vt -2.6521 10.0516
vt 1.9664 6.6632
vt -2.5929 6.3130
vt -0.2164 5.9862
vt -2.5029 6.0939
vt 0.9388 5.9213
vt 2.0612 5.7133
vt 2.1896 5.4552
vt 2.1180 5.0408
vt 0.8225 5.2808
vt -0.1449 5.8351
vt 1.9950 4.1120
vt 2.1180 4.4635
vt 1.8267 3.6838
vt 1.6205 3.3372
vt 1.5820 3.3523
vt 1.1345 3.5266
vt 0.5932 3.8043
vt -0.0712 4.0083
vt -0.4619 4.1430
vt -0.8048 4.1824
vt -2.7467 4.4009
vt -0.9326 5.4399
vt -1.4650 5.4815
vt -0.4344 5.9688
vt -2.4456 5.3337
vt -1.7878 5.3664
vt -2.8649 4.9948
vt -2.7941 5.3658
vt -1.4117 5.3239
vt -2.6416 5.7799
vt -1.1685 5.3331
vt -2.8269 4.7283
vt -0.1023 5.9563
vt 0.1222 5.9454
vt 0.6835 5.9664
vt -2.6008 4.1110
vt -1.2928 4.1613
vt -1.6687 4.0904
vt -1.9966 3.8265
vt -2.2644 3.3990
vt -3.5719 38.7368
vt 0.4024 38.8247
vt -0.3456 38.8304
vt 1.1581 38.5437
vt 0.7972 38.7201
vt 1.5966 38.3268
vt -3.2810 38.3097
vt 1.9872 38.0209
vt -2.9942 37.7532
vt 1.0447 37.5192
vt -2.7304 37.3925
vt 1.1867 37.3794
vt -2.3558 37.0642
vt -2.2341 36.9395
vt 12.2029 37.2212
vt 12.7611 37.9646
vt 9.3709 37.6233
vt 9.5301 37.7986
vt 8.3949 38.2027
vt 12.7491 38.2509
vt 8.7057 38.5622
vt 12.8452 38.3583
vt 12.8199 38.2956
vt 12.8562 38.1717
vt 12.7351 38.5153
vt 12.8360 38.5298
vt 12.5654 38.8298
vt 12.8865 38.7260
vt 13.0097 39.1358
vt 12.4298 39.0177
vt 12.3066 39.1516
vt 13.2421 39.7577
vt 12.1701 39.2651
vt 12.0167 39.3761
vt 11.7609 39.5129
vt 11.6322 39.5710
vt 11.4335 39.6060
vt 11.2168 39.6163
vt 11.2718 39.6832
vt 11.3898 40.1045
vt 13.4097 40.3381
vt 11.4988 41.2320
vt 13.7993 41.3404
vt 11.4988 42.1965
vt 14.0498 41.8938
vt 14.2165 42.2908
vt 11.5479 43.2030
vt 14.3557 42.7118
vt 14.5002 43.2493
vt 11.6755 44.6898
vt 14.6091 43.9005
vt 14.7286 44.9216
vt 11.7536 45.4646
vt 14.7892 45.5888
vt 11.7910 45.9677
vt 14.7892 46.1969
vt 11.7910 46.2684
vt 14.6959 46.5961
vt 11.6116 47.0076
vt 14.5295 47.0938
vt 11.1438 48.7176
vt 14.3241 47.9343
vt 14.1575 49.1604
vt 10.9055 49.4607
vt 14.0400 50.1068
vt 11.0074 50.3201
vt 11.1685 50.3406
vt 13.9112 50.8873
vt 11.6833 50.5266
vt 12.1190 50.7835
vt 13.0116 51.3974
vt 13.7607 51.5893
vt 13.6058 51.8535
vt 13.6631 51.8910
vt 1.6971 61.0774
vt 7.2126 60.5904
vt 7.1645 60.6493
vt 0.9349 60.5023
vt 0.8393 60.4344
vt 7.2413 60.3859
vt 7.2108 60.1231
vt 1.0795 60.0321
vt 1.4519 59.6895
vt 7.1077 59.8430
vt 2.3000 59.0988
vt 6.1929 58.9029
vt 6.4989 59.0949
vt 2.8430 58.8687
vt 5.8373 58.7372
vt 4.5540 58.5595
vt 5.4448 58.6266
vt 4.0125 58.6126
vt 5.0290 58.5595
vt 3.4174 58.7246
vt 6.7193 59.3129
vt 1.8377 59.4064
vt 6.8938 59.5124
vt 4.6739 60.9758
vt 6.7305 60.9296
vt 5.0279 60.9758
vt 6.5314 61.0426
vt 5.4516 61.0162
vt 5.7509 61.0598
vt 6.0500 61.0925
vt 6.3807 61.1510
vt 6.2749 61.2555
vt 6.0066 61.1663
vt 1.9277 61.4044
vt 3.9952 61.1095
vt 3.5242 61.2246
vt 3.3127 61.4426
vt 6.6718 66.2511
vt 7.1254 66.1423
vt 7.1130 66.2887
vt 6.3116 66.2235
vt 6.1484 66.2279
vt 5.9412 66.2588
vt 3.9280 66.2496
vt 1.9120 65.8036
vt 1.8047 66.3068
vt 2.0453 65.5186
vt 7.1392 65.6405
vt 6.3387 64.9051
vt 6.1599 65.0221
vt 6.5136 64.7252
vt 7.1392 64.7644
vt 6.6276 64.5728
vt 7.0740 64.4893
vt 6.8903 64.1768
vt 6.7013 64.2617
vt 6.8213 64.0537
vt 6.0181 65.0494
vt 5.8415 65.1255
vt 5.6930 65.1591
vt 5.5258 65.1654
vt 4.2338 66.2561
vt 4.4387 66.2758
vt 5.8245 66.3290
vt 6.8934 66.2787
vt 6.9865 66.2993
vt 7.1085 66.3424
vt 5.6893 66.4631
vt 7.1007 66.4351
vt 1.1194 64.9366
vt 1.5477 64.9584
vt 0.9547 65.0336
vt 1.2724 64.8792
vt 1.5649 64.8937
vt 1.4482 64.8627
vt 2.0408 62.2962
vt 2.3883 62.5810
vt 1.9079 63.5919
vt 2.4879 62.3808
vt 2.0275 61.8169
vt 2.9620 61.7681
vt 2.7377 62.0151
vt 1.8969 63.6724
vt 1.7359 64.2499
vt 4.2042 63.1883
vt 4.0595 63.1487
vt 4.1424 63.0678
vt 3.9853 63.2332
vt 4.3180 63.1603
vt 4.4472 63.2540
vt 3.8389 63.3386
vt 4.5834 63.4294
vt 6.2070 63.4042
vt 6.1276 63.3834
vt 6.1709 63.2952
vt 6.0166 63.4981
vt 6.2998 63.4804
vt 6.2846 63.3569
vt 6.3528 63.6517
vt 5.9287 63.5806
vt 5.8158 63.6379
vt 5.6316 63.6658
vt 6.3528 63.7619
vt 5.3338 63.7011
vt 5.0017 63.7109
vt 3.7753 63.7543
vt 3.7979 63.9019
vt 6.3775 63.8531
vt 6.4227 63.9070
vt 6.4227 63.7879
vt 3.9723 64.2513
vt 6.3369 64.1470
vt 6.2497 64.3295
vt 4.1909 64.3595
vt 6.0841 64.3977
vt 4.7558 64.4940
vt 4.1181 64.3971
vt 3.7945 63.5561
vt 4.6908 63.5670
vt 4.8286 63.6657
vt 3.4501 63.8706
vt 3.2058 63.9546
vt 3.3891 63.8007
vt 3.4786 64.0474
vt 5.9733 64.4630
vt 5.2793 65.1578
vt 5.4102 65.1395
vt 5.1395 65.1634
vt 2.4038 65.1212
vt 4.9486 65.1439
vt 4.7529 65.0777
vt 3.0114 64.2880
vt 3.5189 64.2280
vt 3.6615 64.4920
vt 2.7181 64.6871
vt 3.8207 64.7276
vt 3.9779 64.8685
vt 4.2063 64.9050
vt 4.4062 64.9197
vt 4.5402 64.9869
vt 3.6614 66.2610
vt 3.3840 66.3032
vt 4.5941 66.3349
vt 4.7595 66.4804
vt 5.6034 66.6037
vt 7.0386 66.7748
vt 5.5761 66.6854
vt 5.5488 66.7671
vt 5.5226 66.9455
vt 6.9995 67.0283
vt 5.5173 67.0528
vt 6.9706 67.2657
vt 5.5295 67.1210
vt 5.5868 67.1917
vt 5.6487 67.2382
vt 5.8021 67.2813
vt 6.8984 67.2803
vt 6.9093 67.6538
vt 6.6395 67.3023
vt 6.3371 67.3173
vt 4.4547 67.3180
vt 3.9498 67.3472
vt 1.6832 67.4318
vt 2.0561 67.8965
vt 6.9093 68.0284
vt 2.2380 68.1266
vt 6.8985 68.3435
vt 2.4724 68.4954
vt 6.8357 68.6950
vt 2.6784 68.6099
vt 2.9178 69.0042
vt 6.7516 68.9656
vt 6.5750 69.3706
vt 3.1793 69.3586
vt 3.5352 69.6834
vt 6.3849 69.7011
vt 4.1465 70.0817
vt 6.2169 69.9130
vt 5.9813 70.0745
vt 5.6774 70.1282
vt 4.4193 70.2046
vt 5.4729 70.1514
vt 5.3840 70.2838
vt 4.7661 70.3115
vt 5.2360 70.3464
vt 4.9707 70.3464
vt 2.8794 66.7970
vt 3.0489 66.6669
vt 3.0489 66.7834
vt 1.7313 66.9503
vt 3.0524 66.5206
vt 3.0753 66.4410
vt 3.1327 66.3854
vt 3.2460 66.3324
vt 4.8754 66.6690
vt 4.9395 66.9222
vt 4.9552 67.0109
vt 4.9271 67.1117
vt 5.0567 67.1290
vt 5.4770 67.1302
vt 5.3144 67.1335
vt 4.8445 67.1919
vt 3.0489 67.1599
vt 3.1467 67.2378
vt 4.6775 67.2759
vt 6.0591 67.3116
vt 3.4869 67.3167
vt 2.7964 67.0680
vt 1.7175 67.1344
vt 2.6517 67.0549
vt 2.6454 66.8686
vt 0.4018 66.7120
vt 1.3694 66.6155
vt 1.1149 66.8375
vt 0.4070 66.4739
vt 0.4307 66.0916
vt 1.4831 66.0947
vt 0.4693 65.7215
vt 0.4381 65.9027
vt 0.5778 65.4468
vt 1.4831 65.4275
vt 0.6896 65.2917
vt 0.8072 65.1654
vt 1.2485 66.9935
vt 0.4260 66.8742
vt 1.1122 66.9164
vt 0.5005 67.0070
vt 0.9638 66.9706
vt 0.5845 67.0763
vt 0.8088 67.0827
vt 0.7091 67.1075
vt 5.0384 64.5334
vt 5.7413 64.5082
vt 5.4600 64.5334
vt 6.1218 64.4920
vt 4.3032 61.0270
vt 3.9808 61.2500
vt -6.4729 50.7043
vt -4.2008 51.4441
vt -6.0555 51.8802
vt -6.9610 48.8230
vt -2.9702 50.0711
vt -7.4498 46.7328
vt -4.4926 46.2071
vt -3.8524 47.5263
vt -7.5988 45.8967
vt -4.5766 45.5281
vt -4.5624 45.8869
vt -4.4829 45.2336
vt -7.5835 45.0394
vt -7.3517 44.1494
vt -3.7757 43.7637
vt -4.2022 44.7029
vt -6.7355 43.1184
vt -5.3604 40.9330
vt -2.0493 40.2796
vt -3.2934 42.5835
vt -4.7186 40.1769
vt -1.9528 40.1008
vt -3.9043 39.1966
vt -0.9019 39.0797
vt -0.5645 38.8523
vt 0.0414 38.8576
vt 12.4988 38.7821
vt 8.8397 38.6077
vt 12.6688 38.4885
vt 10.5529 39.0727
vt 12.2539 39.0848
vt 10.7646 39.1519
vt 9.4932 39.0020
vt 12.3665 38.9699
vt 9.0576 38.7835
vt 9.1978 38.8876
vt 8.9417 38.6791
vt 11.9867 39.2904
vt 11.1116 39.4884
vt 11.6357 39.4887
vt 11.2656 39.5442
vt 11.4883 39.5302
vt 9.8020 39.1077
vt 10.1509 39.1202
vt 2.1005 37.9230
vt -2.4774 37.1889
vt -3.4855 50.6991
vt -5.9593 41.7910
vt -5.7720 51.9571
vt -5.0072 51.8493
vt 10.7254 0.3632
vt 10.2478 0.3632
vt 11.2663 0.4439
vt 9.3985 0.4829
vt 9.7804 0.3934
vt 11.7308 0.5868
vt 12.2083 0.8257
vt 8.9988 0.6008
vt 11.6003 0.8595
vt 8.9401 0.8911
vt 11.9838 0.8891
vt 11.0627 0.8810
vt 10.2736 0.9802
vt 12.3210 0.9468
vt 9.0705 1.3046
vt 9.4943 1.1337
vt 8.8707 1.1340
vt 8.7100 1.3212
vt 8.4804 1.5244
vt -3.7899 0.3496
vt -3.7989 0.7577
vt -3.4445 0.4131
vt -3.1452 0.5773
vt 0.6605 0.3820
vt 0.4844 0.2848
vt -0.0205 0.3250
vt -0.3815 0.4580
vt 0.6605 0.5811
vt 0.5993 0.8166
vt -0.7173 0.5956
vt -0.4319 0.7512
vt -0.1353 0.7756
vt 0.4873 1.0635
vt 0.2187 0.8611
vt -3.4024 0.7331
vt -2.8951 0.7677
vt 12.4336 1.0678
vt 13.8379 1.2651
vt 12.7008 1.4512
vt 13.8379 1.0066
vt 14.0081 0.7700
vt 14.0081 0.5168
vt 13.8684 0.4248
vt 13.1038 0.2924
vt 10.5456 0.1384
vt 11.7917 0.1384
vt 9.6318 0.2103
vt 13.7300 1.4523
vt 12.9264 1.6578
vt 13.4862 1.6216
vt 13.2169 1.7077
vt 8.2928 0.5753
vt 7.1464 0.6430
vt 8.9301 0.4438
vt 8.5068 0.7008
vt 5.8871 0.7955
vt 7.5371 0.7765
vt 6.2106 0.8885
vt 5.6220 0.9279
vt 5.8691 0.9456
vt 5.6836 1.0106
vt 5.5009 1.1967
vt 0.2713 0.2754
vt -3.7872 0.2317
vt 0.6078 0.1948
vt -3.5740 0.0887
vt 0.3756 0.0560
vt -3.2498 0.0408
vt -2.5059 0.0082
vt 0.0000 0.0000
vt -0.5804 -0.0406
vt -0.9029 0.7512
vt -1.2245 1.1216
vt -2.6611 1.0375
vt -2.4594 1.2818
vt -1.3988 1.2984
vt -2.2317 1.4371
vt -1.5791 1.4030
vt -1.8027 1.4569
vt -2.0263 1.4720
vt 11.1530 39.5387
vt 6.5233 49.6475
vt 8.0501 49.6642
vt 6.9135 49.8176
vt 6.5082 49.5199
vt 7.9095 49.4977
vt 6.6590 49.4697
vt 7.7427 49.3848
vt 6.9911 49.3749
vt 6.8277 49.3749
vt 7.5669 49.3584
vt 7.3819 49.3134
vt 6.8774 49.3057
vt 7.0235 49.2618
vt 7.2884 49.2236
vt 7.1740 49.2156
vt 3.9677 49.2465
vt 4.4380 49.2781
vt 3.7847 49.5415
vt 4.2008 49.1540
vt 4.5805 49.4490
vt 6.8897 49.2512
vt 8.5210 49.9077
vt 7.1744 49.8697
vt 7.3007 50.0191
vt 8.9970 50.1838
vt 7.5064 50.1137
vt 8.0679 50.2721
vt 9.1108 50.3296
vt 8.2193 50.4150
vt 9.2395 50.4628
vt 10.0547 50.7139
vt 9.8548 50.7287
vt 9.9451 50.7004
vt 9.0344 50.8122
vt 9.1676 50.5400
vt 9.1079 50.8415
vt 8.9399 50.5178
vt 8.3408 50.4813
vt 9.0938 50.5328
vt 8.6939 50.8364
vt 8.6239 50.8970
vt 9.2461 50.8967
vt 10.1612 50.8265
vt 9.6216 50.8765
vt 10.2048 50.8549
vt 10.2811 50.8892
vt 9.7622 50.7830
vt 9.4676 50.8911
vt 10.3492 51.0056
vt 8.6221 51.0078
vt 10.3573 51.1715
vt 8.7310 51.1198
vt 8.8084 51.2296
vt 10.3503 51.2276
vt 9.0475 51.3109
vt 10.3724 51.2666
vt 10.4336 51.2957
vt 10.0490 51.3490
vt 10.4242 51.3676
vt 10.0312 51.4371
vt 10.3678 51.3904
vt 10.3260 51.4229
vt 10.3388 51.4858
vt 10.0930 51.5020
vt 10.4031 51.5324
vt 9.9687 51.5722
vt 10.1940 51.5792
vt 10.4959 51.5914
vt 10.4019 51.6299
vt 10.5629 51.6945
vt 7.1283 50.7809
vt 7.1606 50.5516
vt 7.2230 50.8048
vt 7.0569 50.4032
vt 7.0796 50.5460
vt 6.8715 50.3739
vt 7.1210 50.3480
vt 7.2088 50.3328
vt 6.7763 50.1240
vt 7.2405 50.2201
vt 6.8810 50.2071
vt 7.1816 50.1052
vt 7.0034 50.0751
vt 6.6812 50.0743
vt 6.7730 49.9046
vt 6.8198 50.0560
vt 6.7845 49.8366
vt 6.6670 49.8648
vt 7.0623 49.8788
vt 7.6869 50.3141
vt 8.0679 50.4248
vt 7.8664 50.4420
vt 7.9610 50.4482
vt 6.9677 50.4638
vt 7.0472 50.9123
vt 7.3884 50.8941
vt 9.9299 51.3490
vt 9.1876 51.4169
vt 9.5228 51.4258
vt 9.8553 51.4460
vt 9.6764 51.4619
vt 9.7844 51.4847
vt 6.9668 51.1459
vt 7.6172 51.1440
vt 7.6246 51.3723
vt 7.4917 51.0316
vt 6.9408 51.2932
vt 6.8795 51.4657
vt 7.5297 51.8218
vt 6.8292 51.6206
vt 6.7184 51.7477
vt 6.1739 51.7673
vt 6.1797 51.9005
vt 7.5706 51.9449
vt 6.2761 51.9597
vt 7.6365 52.1002
vt 6.1643 52.6960
vt 8.6081 52.6516
vt 8.5018 52.6615
vt 7.9359 52.5819
vt 8.6312 52.5365
vt 8.1068 52.4744
vt 8.5028 52.5091
vt 8.4571 52.4319
vt 8.4279 52.1933
vt 8.5497 52.3327
vt 8.1660 52.3210
vt 8.5582 52.1933
vt 8.6227 52.4259
vt 8.5647 52.4969
vt 8.7502 52.3914
vt 6.1366 52.6082
vt 7.7792 52.5313
vt 6.2493 52.4750
vt 7.7772 52.4253
vt 6.3022 52.3848
vt 7.7357 52.2681
vt 6.3078 52.1870
vt 8.4729 52.7419
vt 6.2503 52.7098
vt 6.1632 52.8726
vt 8.4407 52.8667
vt 8.4563 52.9669
vt 6.0263 52.9376
vt 5.7256 53.0498
vt 8.4185 53.0220
vt 8.2822 53.0695
vt 5.6826 53.1613
vt 8.0651 53.2914
vt 5.5720 53.2492
vt 5.3771 53.2722
vt 5.2471 53.2722
vt 4.2871 53.2076
vt 4.2871 53.3312
vt 4.2027 53.0833
vt 4.2027 53.1271
vt 4.5410 53.1011
vt 3.9569 53.0526
vt 4.0897 53.0664
vt 3.9985 53.1231
vt 4.1250 52.9779
vt 3.8012 52.9544
vt 4.1540 52.9225
vt 3.7219 52.7797
vt 5.0045 53.0025
vt 4.4621 53.0144
vt 4.8907 52.8965
vt 5.1631 52.9032
vt 5.0142 52.7602
vt 3.9941 52.6340
vt 3.9267 52.6042
vt 3.5825 52.4897
vt 3.5552 52.3251
vt 3.8190 52.4470
vt 3.7849 52.2700
vt 3.3671 51.9698
vt 3.5918 52.0269
vt 3.4236 52.1440
vt 3.5053 51.8827
vt 3.4113 51.8516
vt 4.7132 49.7322
vt 3.6779 49.8083
vt 4.7764 49.9823
vt 3.6973 50.1931
vt 4.7764 50.2633
vt 3.6191 50.5377
vt 4.7418 50.5179
vt 4.5870 50.8412
vt 5.9932 51.6465
vt 6.5213 51.6662
vt 6.0811 51.6901
vt 6.3944 51.5266
vt 5.9709 51.4489
vt 6.3144 51.3796
vt 6.1852 51.2783
vt 6.0267 51.3230
vt 3.7119 51.4425
vt 4.4759 51.1563
vt 4.4897 51.3853
vt 3.7119 51.1554
vt 3.6463 50.7924
vt 4.4561 51.5122
vt 5.1871 53.1692
vt 4.8651 53.1456
vt 7.9617 53.4688
vt 4.4256 53.3480
vt 5.2160 53.3797
vt 5.2617 53.4061
vt 5.7414 53.4842
vt 7.8531 53.5837
vt 7.6852 53.5780
vt 7.4675 53.6451
vt 5.9700 53.6121
vt 5.6603 53.6386
vt 5.9886 53.7156
vt 6.1742 53.7039
vt 7.0170 53.6816
vt 6.7291 53.7357
vt 7.2519 53.6451
vt 7.3002 53.7220
vt 6.4388 53.7267
vt 5.5406 53.7417
vt 5.9561 53.7648
vt 5.5874 53.6911
vt 5.6169 53.7963
vt 5.7964 53.7940
vt 5.6959 53.8527
vt 5.5774 53.8500
vt 5.4984 53.9418
vt 5.6623 53.9684
vt 5.5027 54.0023
vt 5.5689 54.0054
vt 5.6258 54.0349
vt 5.3237 53.8671
vt 5.0066 53.8771
vt 5.1555 53.8548
vt 5.4226 53.9685
vt 5.5780 53.5305
vt 5.4916 53.4973
vt 5.2304 53.5608
vt 5.4292 53.5606
vt 5.3207 53.5764
vt 3.8486 53.6699
vt 3.5159 53.6761
vt 4.0532 53.6778
vt 3.2813 53.8590
vt 4.2055 53.8084
vt 4.9284 54.0773
vt 5.2963 54.0014
vt 5.3815 54.0951
vt 2.8730 54.2613
vt 4.7568 53.9890
vt 3.0670 53.9858
vt 2.7391 53.9736
vt 2.7712 53.8638
vt 2.8950 53.9703
vt 4.5533 53.9680
vt 4.3456 53.9529
vt 5.2485 54.2068
vt 5.3793 54.2253
vt 5.3380 54.3438
vt 3.0800 54.4293
vt 5.1307 54.3599
vt 5.1307 54.4626
vt 3.0956 54.4981
vt 5.1729 54.6338
vt 1.3637 54.5125
vt 1.5696 54.5665
vt 1.7718 54.7397
vt 5.0323 54.7426
vt 1.9408 54.9314
vt 4.8530 54.8743
vt 4.8600 55.0692
vt 4.0114 55.0309
vt 4.1556 55.1555
vt 4.3499 55.1555
vt 4.4702 55.1579
vt 1.9847 55.1101
vt 0.8419 54.0718
vt 1.1684 53.7380
vt 1.9725 53.7462
vt 0.2415 53.4309
vt 0.9834 53.6521
vt 0.5467 53.7177
vt 0.6642 53.4225
vt 0.4408 53.3717
vt 3.7373 51.9168
vt 4.5532 52.0345
vt 3.8378 52.1424
vt 4.5282 51.7564
vt 3.7598 51.6540
vt 4.5127 52.1288
vt 4.6232 52.2042
vt 3.9155 52.2888
vt 4.6627 52.3367
vt 5.0545 52.4003
vt 4.8757 52.2917
vt 4.9654 52.2380
vt 4.8444 52.4450
vt 5.0142 52.5675
vt 3.9361 52.4574
vt 4.7680 52.3702
vt 3.4282 52.2647
vt 3.6755 52.2153
vt 3.8345 53.1548
vt 3.9031 53.1756
vt 4.1970 53.1782
vt 4.0456 53.2284
vt 4.2265 53.2404
vt 4.1712 53.2840
vt 4.6573 53.3800
vt 5.1431 53.4392
vt 1.2839 53.4519
vt 1.1592 53.4611
vt 1.5058 53.4600
vt 1.8232 53.5927
vt 1.1906 53.6036
vt 1.8420 53.7118
vt 1.0925 54.3777
vt 2.6585 54.2808
vt 2.8916 54.4920
vt 2.2356 53.8926
vt 2.4496 54.0290
vt 4.7463 53.4912
vt 5.0085 53.4863
vt 5.0508 52.9537
vt 5.2386 52.9613
vt 3.8851 55.5569
vt 1.9597 55.2723
vt 2.2628 55.4717
vt 2.3888 55.7002
vt 3.5198 55.7026
vt 3.8112 55.7237
vt 3.6656 55.7860
vt 3.1335 55.7712
vt 3.4010 55.7330
vt 2.5631 55.8994
vt 2.7690 55.8812
vt 4.9197 55.2199
vt 4.6883 55.2394
vt 10.0808 51.6154
vt 8.8806 50.7995
vt 8.5252 50.5266
vt 8.7475 50.5266
vt 6.3641 61.3201
vt 6.4854 61.4340
vt 6.6825 61.7055
vt 6.7085 61.6436
vt 6.8667 62.0072
vt 7.0884 62.5984
vt 7.2372 63.2696
vt 7.3179 63.8894
vt 7.3303 64.0452
vt 7.3344 64.3168
vt 7.2772 65.3657
vt 7.1722 66.3923
vt 7.2151 66.4694
vt 7.2489 66.6112
vt 7.2731 66.7322
vt 7.2357 67.1682
vt 7.2576 66.9868
vt 7.1541 67.2098
vt 7.4762 67.0277
vt 7.3279 67.0700
vt 7.4136 67.3620
vt 7.0335 67.2530
vt 7.5822 67.5056
vt 7.5251 67.2001
vt 7.5612 67.8474
vt 7.6158 68.0419
vt 7.6391 67.7178
vt 7.5635 68.2665
vt 7.6678 68.4105
vt 7.6993 68.1478
vt 7.5595 68.9507
vt 7.4051 69.2451
vt 7.2035 69.6392
vt 6.9508 69.9456
vt 6.6723 70.0628
vt 6.7716 70.2208
vt 6.8131 70.4003
vt 1.7552 70.9921
vt 0.8299 70.2753
vt 0.5217 69.8470
vt 0.2864 69.5450
vt 0.1796 69.1042
vt 0.1090 69.1739
vt 0.0895 68.8704
vt -0.1255 68.4333
vt -0.3042 67.9645
vt -0.3096 67.7324
vt -0.4316 67.7470
vt -0.3995 67.5503
vt -0.3057 67.4809
vt -0.3201 67.2322
vt 1.4567 67.1566
vt -0.3631 67.0501
vt -0.2847 66.7545
vt -0.4265 66.5912
vt -0.3557 66.7052
vt -0.2668 66.4642
vt -0.1296 66.1986
vt 0.0681 65.8837
vt 0.5038 65.4188
vt 0.6465 65.1389
vt 0.9869 64.5442
vt 1.6291 63.7765
vt 1.3457 63.9421
vt -0.3737 67.3301
vt 0.3083 65.6641
vt -0.4511 67.1557
vt -0.3575 67.4558
vt -0.5150 67.4366
vt -0.4650 67.4028
vt -0.5830 67.3739
vt -0.3815 67.7009
vt -0.5283 67.6522
vt 0.0398 69.0031
vt 6.7433 70.6245
vt 6.5963 70.8462
vt 6.3157 71.0996
vt 2.4853 71.3707
vt 5.8806 71.3060
vt 5.3390 71.4796
vt 2.9815 71.5686
vt 4.8088 71.6157
vt 3.6470 71.6691
vt 4.2995 71.6849
vt 1.1580 64.1713
vt 8.9734 0.6598
vt -3.5649 0.7721
vt -3.6495 0.9726
vt -3.5626 1.4080
vt 7.4540 66.7507
vt -2.0831 47.5727
vt 10.6252 47.2170
vt 10.6044 47.8012
vt -1.9430 46.6604
vt 10.7778 46.3509
vt -1.9287 43.0760
vt 10.8754 42.1868
vt 10.8754 44.9525
vt 10.9321 41.7497
vt 10.9836 41.4763
vt 10.7391 40.6671
vt 10.8973 40.0811
vt 11.1856 51.9377
vt 10.6586 48.2893
vt 11.1856 52.6877
vt 14.1858 52.2336
vt 14.4809 52.5230
vt 14.1432 53.2728
vt 14.0463 53.4125
vt 13.5299 54.9797
vt 12.7773 56.8925
vt -4.4498 56.8701
vt -3.9674 57.8716
vt 12.2880 58.0951
vt -3.6078 58.2764
vt 11.7924 58.9625
vt 10.6809 59.4543
vt 9.5117 59.9190
vt 8.4311 60.3049
vt 7.4479 60.6571
vt 7.1163 60.8408
vt 6.8652 60.9188
vt -2.0371 59.0878
vt 0.7945 60.4851
vt 0.2455 60.1888
vt -4.9486 55.8910
vt -5.5243 54.2588
vt -2.3930 51.9652
vt -2.3930 52.8089
vt -6.2328 51.7535
vt -2.8893 36.4721
vt 10.9104 41.1798
vt -1.9528 44.2799
vt -1.7441 45.6166
vt -2.8931 50.2012
vt -2.4630 51.3050
vt 5.6973 2.2481
vt 5.8260 2.1180
vt 5.8199 2.4689
vt 5.8856 1.9519
vt 5.5480 1.6222
vt 8.2130 1.6251
vt 6.7109 1.7026
vt 6.3653 1.7436
vt 7.3360 1.6901
vt 6.0737 1.8371
vt 0.9554 0.6430
vt 1.3372 0.7654
vt 1.5369 0.8781
vt 1.6718 1.1086
vt 0.6454 1.3535
vt 1.6718 1.4588
vt 0.6592 1.5683
vt 1.6052 1.7342
vt 0.7254 1.6627
vt 0.9113 1.7101
vt 1.1784 1.7725
vt 1.3307 1.8835
vt 1.4173 2.0614
vt 11.9883 2.5127
vt 12.6994 2.2318
vt 13.3254 1.9354
vt 13.6221 1.6394
vt 11.4615 3.0668
vt 10.9828 3.6118
vt 10.7859 3.7194
vt -2.8021 2.4225
vt 1.5575 2.9161
vt -3.3458 1.7789
vn 0.1068 -0.0001 -0.9943
vn 0.1069 -0.0004 -0.9943
vn 0.1069 -0.0002 -0.9943
vn 0.1069 0.0000 -0.9943
vn -0.1069 -0.0001 0.9943
vn -0.1068 0.0001 0.9943
vn -0.1069 0.0006 0.9943
vn -0.1068 0.0003 0.9943
vn -0.1069 0.0003 0.9943
vn -0.1069 0.0004 0.9943
vn 0.1069 0.0003 -0.9943
vn 0.1069 0.0001 -0.9943
vn 0.1069 0.0004 -0.9943
vn -0.1069 -0.0002 0.9943
vn -0.1069 0.0001 0.9943
vn -0.1069 0.0002 0.9943
vn -0.1069 -0.0000 0.9943
vn -0.1068 0.0000 0.9943
vn -0.1068 -0.0001 0.9943
vn -0.1067 -0.0002 0.9943
vn -0.1067 0.0002 0.9943
vn -0.1070 -0.0002 0.9943
vn -0.1070 0.0001 0.9943
vn 0.1069 -0.0001 -0.9943
vn 0.1068 -0.0000 -0.9943
vn 0.1068 -0.0004 -0.9943
vn 0.1070 0.0000 -0.9943
vn 0.1067 -0.0001 -0.9943
vn 0.1066 -0.0002 -0.9943
vn 0.1065 0.0001 -0.9943
vn 0.1070 -0.0001 -0.9943
vn 0.1068 0.0001 -0.9943
vn 0.1069 0.0002 -0.9943
vn -0.1070 -0.0001 0.9943
vn -0.1071 -0.0001 0.9942
vn -0.1067 0.0001 0.9943
vn -0.1067 0.0008 0.9943
vn -0.1069 -0.0003 0.9943
vn -0.1068 0.0002 0.9943
vn -0.1064 -0.0001 0.9943
vn 0.1070 -0.0002 -0.9943
vn 0.1070 0.0001 -0.9943
vn 0.1068 0.0003 -0.9943
vn -0.1068 -0.0003 0.9943
vn 0.1067 0.0003 -0.9943
vn 0.1068 -0.0002 -0.9943
vn 0.1069 -0.0003 -0.9943
vn 0.1071 -0.0004 -0.9942
vn 0.1070 0.0002 -0.9943
vn 0.1071 0.0004 -0.9942
vn -0.1071 0.0001 0.9943
vn -0.1071 -0.0002 0.9942
vn 0.1071 -0.0001 -0.9943
vn 0.1071 -0.0004 -0.9943
vn 0.1070 -0.0004 -0.9943
vn 0.1069 -0.0005 -0.9943
vn 0.1067 0.0002 -0.9943
vn 0.1067 0.0001 -0.9943
vn 0.1066 0.0001 -0.9943
vn 0.1074 -0.0001 -0.9942
vn -0.1067 0.0000 0.9943
vn 0.1066 -0.0000 -0.9943
vn 0.1066 -0.0001 -0.9943
vn -0.1069 -0.0004 0.9943
vn 0.1068 -0.0003 -0.9943
vn -0.1068 0.0004 0.9943
vn -0.1069 0.0005 0.9943
vn 0.1069 0.0005 -0.9943
vn 0.1069 0.0006 -0.9943
vn -0.1068 -0.0002 0.9943
vn -0.1070 0.0000 0.9943
vn -0.1070 0.0003 0.9943
vn -0.1066 0.0000 0.9943
vn -0.1065 0.0001 0.9943
vn 0.1071 0.0000 -0.9942
vn -0.1074 -0.0002 0.9942
vn -0.1067 -0.0001 0.9943
vn 0.1070 0.0003 -0.9943
vn -0.1071 -0.0001 0.9943
vn -0.1073 0.0001 0.9942
vn 0.1068 0.0002 -0.9943
vn -0.1071 -0.0000 0.9943
vn -0.1072 0.0001 0.9942
vn -0.1071 0.0004 0.9942
vn 0.1068 0.0004 -0.9943
vn -0.1077 0.0000 0.9942
vn 0.1071 0.0001 -0.9943
vn -0.1073 -0.0003 0.9942
vn 0.1073 0.0001 -0.9942
vn 0.1072 0.0002 -0.9942
vn -0.1070 0.0002 0.9943
vn 0.1072 0.0001 -0.9942
vn -0.1071 -0.0004 0.9942
vn 0.1071 0.0005 -0.9942
vn 0.1067 0.0004 -0.9943
vn 0.1071 -0.0000 -0.9943
vn 0.1064 -0.0000 -0.9943
vn -0.1072 -0.0000 0.9942
vn 0.1073 -0.0000 -0.9942
vn 0.1059 -0.0004 -0.9944
vn -0.1066 0.0002 0.9943
vn -0.1071 -0.0003 0.9942
vn 0.1071 -0.0003 -0.9942
vn 0.1072 -0.0002 -0.9942
vn -0.1069 -0.0005 0.9943
vn -0.1063 -0.0001 0.9943
vn -0.1066 -0.0001 0.9943
vn 0.1067 0.0000 -0.9943
vn -0.1070 -0.0003 0.9943
vn -0.1069 -0.0007 0.9943
vn 0.1071 -0.0001 -0.9942
vn 0.1070 -0.0006 -0.9943
vn 0.1068 0.0005 -0.9943
vn -0.1070 -0.0004 0.9943
vn -0.1071 0.0000 0.9942
vn -0.1072 -0.0002 0.9942
vn -0.1067 0.0003 0.9943
vn -0.1067 -0.0004 0.9943
vn -0.1068 0.0005 0.9943
vn -0.1071 0.0005 0.9942
vn -0.1072 -0.0001 0.9942
vn 0.1078 0.0000 -0.9942
vn 0.1070 -0.0003 -0.9943
vn 0.1071 0.0003 -0.9943
vn 0.1071 0.0002 -0.9942
vn 0.1068 -0.0006 -0.9943
vn 0.1070 0.0004 -0.9943
vn 0.1071 0.0005 -0.9943
vn 0.1067 -0.0002 -0.9943
vn 0.1067 -0.0003 -0.9943
vn -0.1070 -0.0005 0.9943
vn -0.1076 -0.0020 0.9942
vn -0.1070 0.0004 0.9943
vn -0.1071 0.0002 0.9943
vn -0.1071 0.0004 0.9943
vn 0.0628 -0.1307 -0.9894
vn -0.1067 -0.0003 0.9943
vn 0.1067 -0.0005 -0.9943
vn 0.1064 0.0005 -0.9943
vn 0.1068 0.0006 -0.9943
vn -0.1064 -0.0002 0.9943
vn -0.1073 0.0000 0.9942
vn -0.1065 -0.0000 0.9943
vn -0.1071 0.0001 0.9942
vn -0.1071 0.0002 0.9942
vn 0.1072 -0.0000 -0.9942
vn -0.1071 -0.0003 0.9943
vn 0.1071 -0.0003 -0.9943
vn 0.1058 0.0004 -0.9944
vn 0.1075 -0.0003 -0.9942
vn -0.1071 0.0003 0.9943
vn 0.1071 0.0001 -0.9942
vn 0.1080 0.0001 -0.9941
vn -0.1066 0.0004 0.9943
vn 0.1071 -0.0005 -0.9942
vn 0.1072 -0.0005 -0.9942
vn 0.1067 0.0006 -0.9943
vn -0.1066 0.0003 0.9943
vn 0.1076 0.0000 -0.9942
vn -0.1068 0.0006 0.9943
vn 0.1069 0.0007 -0.9943
vn -0.1069 0.0007 0.9943
vn -0.1072 0.0002 0.9942
vn 0.1074 0.0002 -0.9942
vn 0.1072 0.0004 -0.9942
vn 0.1071 0.0002 -0.9943
vn 0.1071 0.0004 -0.9943
vn -0.1068 -0.0004 0.9943
vn 0.1082 0.0000 -0.9941
vn -0.1074 -0.0000 0.9942
vn 0.1066 -0.0004 -0.9943
vn 0.1075 -0.0000 -0.9942
vn -0.1066 -0.0003 0.9943
vn -0.1067 0.0004 0.9943
vn 0.1068 -0.0005 -0.9943
vn 0.1063 0.0002 -0.9943
vn -0.1076 -0.0002 0.9942
vn 0.1070 -0.0005 -0.9943
vn 0.1073 -0.0001 -0.9942
vn -0.1071 -0.0004 0.9943
vn -0.1075 0.0001 0.9942
vn 0.1065 0.0002 -0.9943
vn -0.1072 0.0003 0.9942
vn -0.1082 -0.0037 0.9941
vn 0.1066 0.0004 -0.9943
vn 0.1066 0.0002 -0.9943
vn -0.1068 -0.0005 0.9943
vn -0.1073 -0.0002 0.9942
vn 0.1071 0.0003 -0.9942
vn 0.1080 0.0000 -0.9941
vn -0.1071 -0.0005 0.9943
vn -0.1066 -0.0004 0.9943
vn -0.1072 -0.0005 0.9942
vn 0.1063 -0.0000 -0.9943
vn -0.1065 0.0002 0.9943
vn -0.1073 0.0002 0.9942
vn -0.1064 0.0001 0.9943
vn 0.1064 -0.0001 -0.9943
vn 0.1077 -0.0001 -0.9942
vn -0.1069 -0.0006 0.9943
vn -0.1066 -0.0002 0.9943
usemtl Marc_Pants
s 1
f 1905/1541/132 1901/1542/133 1904/1543/134
f 1899/1544/135 1901/1542/133 1905/1541/132
f 1900/1545/136 1906/1546/137 1898/1547/136
f 1900/1545/138 1908/1548/139 1907/1549/136
f 1908/1548/139 1900/1545/138 1902/1550/140
f 1911/1551/141 1910/1552/141 1909/1553/141
f 1912/1554/142 1911/1551/143 1910/1552/144
f 1908/1548/145 1916/1555/146 1911/1551/147
f 1904/1543/145 1916/1555/146 1908/1548/145
f 1918/1556/148 1917/1557/148 1904/1543/148
f 1918/1556/146 1921/1558/146 1920/1559/147
f 1918/1556/146 1922/1560/146 1921/1558/146
f 1931/1561/148 1932/1562/148 1930/1563/148
f 1933/1564/148 1932/1562/148 1931/1561/148
f 1933/1564/148 1934/1565/148 1932/1562/148
f 1935/1566/148 1934/1565/148 1933/1564/148
f 1937/1567/146 1934/1565/146 1936/1568/146
f 1942/1569/149 1943/1570/149 1934/1565/149
f 1944/1571/137 1943/1570/149 1942/1569/149
f 1945/1572/137 1943/1570/149 1944/1571/137
f 1945/1572/150 1948/1573/150 1947/1574/150
f 1952/1575/146 1951/1576/146 1950/1577/147
f 1952/1575/146 1953/1578/148 1951/1576/146
f 1957/1579/151 1958/1580/151 1955/1581/151
f 1959/1582/152 1960/1583/152 1958/1580/152
f 1961/1584/132 1959/1582/132 1960/1583/132
f 1959/1582/148 1962/1585/153 1961/1584/148
f 1962/1585/153 1959/1582/148 1963/1586/154
f 1964/1587/136 1961/1584/148 1962/1585/153
f 1965/1588/148 1961/1584/148 1964/1587/136
f 1968/1589/136 1969/1590/136 1967/1591/136
f 1970/1592/135 1968/1589/155 1969/1590/156
f 1971/1593/148 1970/1592/148 1968/1589/148
f 1972/1594/143 1971/1593/143 1970/1592/143
f 1971/1593/148 1968/1589/148 1966/1595/148
f 1966/1595/135 1967/1591/135 1968/1589/135
f 1961/1584/135 1967/1591/135 1966/1595/135
f 1965/1588/135 1961/1584/135 1966/1595/135
f 1963/1586/157 1962/1585/134 1964/1587/155
f 1973/1596/155 1959/1582/158 1963/1586/157
f 1973/1596/136 1959/1582/136 1964/1587/136
f 1957/1579/156 1959/1582/159 1964/1587/143
f 1957/1579/156 1958/1580/160 1959/1582/159
f 1956/1597/135 1955/1581/135 1957/1579/135
f 1954/1598/135 1955/1581/135 1956/1597/135
f 1953/1578/135 1955/1581/135 1954/1598/135
f 1952/1575/156 1953/1578/135 1954/1598/135
f 1948/1573/161 1951/1576/162 1950/1577/135
f 1949/1599/163 1948/1573/161 1950/1577/135
f 1945/1572/156 1948/1573/161 1949/1599/163
f 1946/1600/135 1947/1574/164 1945/1572/135
f 1943/1570/155 1946/1600/135 1945/1572/135
f 1941/1601/158 1934/1565/135 1942/1569/158
f 1940/1602/143 1934/1565/135 1941/1601/158
f 1939/1603/135 1934/1565/135 1940/1602/143
f 1938/1604/134 1934/1565/135 1939/1603/135
f 1937/1567/134 1934/1565/135 1938/1604/134
f 1935/1566/155 1934/1565/155 1936/1568/155
f 1929/1605/135 1930/1563/135 1931/1561/143
f 1928/1606/135 1930/1563/135 1929/1605/135
f 1926/1607/135 1928/1606/135 1929/1605/135
f 1927/1608/155 1928/1606/135 1926/1607/135
f 1925/1609/155 1927/1608/155 1926/1607/135
f 1918/1556/135 1925/1609/155 1926/1607/135
f 1924/1610/143 1925/1609/155 1918/1556/135
f 1974/1611/148 1975/1612/148 1924/1610/148
f 1976/1613/148 1977/1614/148 1975/1612/148
f 1980/1615/148 1979/1616/148 1978/1617/148
f 1982/1618/148 1981/1619/148 1980/1615/148
f 1984/1620/148 1985/1621/148 1983/1622/148
f 1987/1623/148 1985/1621/148 1986/1624/148
f 1989/1625/148 1988/1626/148 1987/1623/148
f 1990/1627/148 1988/1626/148 1989/1625/148
f 1993/1628/148 1992/1629/148 1990/1627/148
f 1994/1630/146 1995/1631/148 1992/1629/146
f 1994/1630/146 1996/1632/136 1995/1631/148
f 1997/1633/147 1998/1634/137 1996/1632/146
f 1999/1635/165 1998/1634/137 1997/1633/147
f 2000/1636/166 1998/1634/137 1999/1635/165
f 2003/1637/148 2002/1638/148 2001/1639/167
f 2003/1637/148 2005/1640/165 2004/1641/168
f 2003/1637/148 2006/1642/137 2005/1640/165
f 2007/1643/167 2006/1642/137 2003/1637/148
f 2008/1644/155 2007/1643/155 2006/1642/155
f 2009/1645/169 2008/1644/148 2007/1643/170
f 2010/1646/145 2008/1644/148 2009/1645/169
f 2011/1647/147 2008/1644/148 2010/1646/145
f 2012/1648/147 2008/1644/148 2011/1647/147
f 2012/1648/147 2013/1649/146 2008/1644/148
f 2015/1650/148 2013/1649/148 2014/1651/148
f 2019/1652/148 2020/1653/148 2018/1654/148
f 2023/1655/148 2020/1653/148 2022/1656/148
f 2023/1655/148 2024/1657/148 2020/1653/148
f 2027/1658/150 2028/1659/150 2029/1660/150
f 2030/1661/148 2031/1662/148 2029/1660/148
f 2031/1662/171 2034/1663/171 2035/1664/171
f 2033/1665/172 2031/1662/158 2034/1663/173
f 2032/1666/135 2031/1662/158 2033/1665/172
f 2030/1661/135 2031/1662/158 2032/1666/135
f 2028/1659/135 2029/1660/135 2030/1661/143
f 2036/1667/135 2028/1659/135 2030/1661/143
f 2037/1668/174 2028/1659/135 2036/1667/135
f 2038/1669/136 2037/1668/145 2028/1659/151
f 2037/1668/174 2036/1667/135 2038/1669/155
f 2039/1670/155 2038/1669/155 2036/1667/135
f 2038/1669/136 2040/1671/136 2039/1670/175
f 2038/1669/136 2026/1672/149 2040/1671/136
f 2026/1672/149 2038/1669/136 2028/1659/151
f 2026/1672/149 2041/1673/136 2040/1671/136
f 2043/1674/146 2040/1671/136 2041/1673/136
f 2043/1674/146 2044/1675/146 2040/1671/136
f 2045/1676/146 2044/1675/146 2043/1674/146
f 2045/1676/145 2048/1677/145 2047/1678/145
f 2045/1676/136 2036/1667/146 2039/1670/146
f 2030/1661/136 2036/1667/146 2045/1676/136
f 2048/1677/135 2039/1670/135 2045/1676/135
f 2048/1677/148 2039/1670/175 2049/1679/136
f 2039/1670/175 2040/1671/136 2049/1679/136
f 2050/1680/176 2040/1671/177 2049/1679/155
f 2054/1681/155 2052/1682/178 2053/1683/179
f 2047/1678/180 2046/1684/143 2054/1681/155
f 2046/1684/143 2047/1678/180 2045/1676/143
f 2055/1685/181 2048/1677/143 2047/1678/164
f 2049/1679/143 2048/1677/143 2055/1685/181
f 2049/1679/146 2053/1683/145 2055/1685/147
f 2053/1683/179 2050/1680/176 2049/1679/155
f 2050/1680/176 2053/1683/179 2052/1682/178
f 2051/1686/134 2050/1680/176 2052/1682/178
f 2040/1671/177 2050/1680/176 2051/1686/134
f 2044/1675/155 2040/1671/177 2051/1686/134
f 2044/1675/155 2046/1684/143 2045/1676/143
f 2046/1684/154 2052/1682/182 2044/1675/154
f 2052/1682/178 2054/1681/155 2046/1684/143
f 2044/1675/154 2052/1682/182 2051/1686/183
f 2043/1674/146 2041/1673/136 2056/1687/147
f 2042/1688/184 2026/1672/174 2041/1673/185
f 2057/1689/148 2026/1672/148 2043/1674/148
f 2042/1688/184 2057/1689/163 2026/1672/174
f 2057/1689/148 2056/1687/148 2042/1688/148
f 2056/1687/186 2042/1688/184 2041/1673/185
f 2057/1689/164 2056/1687/164 2043/1674/164
f 2025/1690/135 2026/1672/158 2043/1674/135
f 2025/1690/135 2024/1657/135 2026/1672/158
f 2023/1655/135 2024/1657/135 2025/1690/135
f 2021/1691/135 2020/1653/135 2022/1656/135
f 2019/1652/135 2020/1653/135 2021/1691/135
f 2017/1692/155 2018/1654/135 2019/1652/135
f 2013/1649/135 2018/1654/135 2017/1692/155
f 2016/1693/155 2013/1649/135 2017/1692/155
f 2015/1650/143 2013/1649/135 2016/1693/155
f 2012/1648/178 2013/1649/178 2014/1651/135
f 2058/1694/133 2007/1643/162 2009/1645/187
f 2058/1694/148 2003/1637/148 2059/1695/146
f 2007/1643/162 2058/1694/133 2003/1637/158
f 2059/1695/146 2003/1637/148 2060/1696/136
f 1990/1627/149 2059/1695/146 2060/1696/136
f 2059/1695/146 1990/1627/149 2061/1697/137
f 2063/1698/137 2061/1697/137 2062/1699/137
f 2065/1700/169 2012/1648/169 2061/1697/169
f 2014/1651/135 2065/1700/135 2012/1648/178
f 2012/1648/188 2061/1697/176 2011/1647/135
f 2010/1646/143 2011/1647/135 2061/1697/176
f 2061/1697/137 2010/1646/147 2059/1695/146
f 2009/1645/187 2010/1646/155 2059/1695/134
f 2058/1694/133 2009/1645/187 2059/1695/134
f 2064/1701/143 2061/1697/135 2065/1700/164
f 2063/1698/156 2061/1697/135 2064/1701/143
f 1990/1627/158 2061/1697/158 2062/1699/158
f 2062/1699/149 1990/1627/148 2066/1702/149
f 2066/1702/149 1990/1627/148 2067/1703/149
f 2068/1704/189 1990/1627/190 2067/1703/156
f 2069/1705/190 1990/1627/190 2068/1704/189
f 2069/1705/146 1990/1627/148 2070/1706/148
f 2070/1706/148 1990/1627/148 1989/1625/148
f 1985/1621/135 1988/1626/135 1987/1623/135
f 1984/1620/135 1985/1621/135 1986/1624/135
f 1982/1618/155 1983/1622/155 1984/1620/155
f 1981/1619/155 1983/1622/155 1982/1618/155
f 1979/1616/155 1981/1619/155 1980/1615/155
f 1977/1614/143 1979/1616/143 1978/1617/135
f 1976/1613/135 1977/1614/143 1978/1617/135
f 1974/1611/135 1975/1612/135 1976/1613/135
f 1925/1609/155 1924/1610/143 1974/1611/155
f 1988/1626/135 1991/1707/135 1990/1627/135
f 1991/1707/135 1992/1629/143 1990/1627/135
f 1993/1628/135 1992/1629/135 1994/1630/135
f 1994/1630/135 1996/1632/143 1997/1633/135
f 2000/1636/143 1998/1634/143 2001/1639/143
f 1998/1634/143 2002/1638/143 2001/1639/143
f 2002/1638/191 2004/1641/191 2003/1637/191
f 2000/1636/192 2003/1637/148 2001/1639/167
f 2003/1637/135 2060/1696/135 2000/1636/135
f 2000/1636/135 2060/1696/135 1993/1628/135
f 1993/1628/135 2060/1696/135 1990/1627/158
f 1993/1628/165 2000/1636/165 1994/1630/165
f 1997/1633/135 2000/1636/135 1994/1630/135
f 1999/1635/158 2000/1636/135 1997/1633/135
f 2071/1708/193 2066/1702/193 2062/1699/193
f 2071/1708/149 2066/1702/149 2072/1709/149
f 2073/1710/194 2066/1702/194 2072/1709/194
f 2074/1711/156 2063/1698/156 2064/1701/143
f 2075/1712/189 2063/1698/156 2074/1711/156
f 2024/1657/135 2027/1658/158 2026/1672/158
f 2026/1672/158 2027/1658/158 2028/1659/135
f 2055/1685/147 2053/1683/145 2047/1678/195
f 2047/1678/195 2053/1683/145 2054/1681/148
f 2032/1666/147 2076/1713/147 2033/1665/147
f 2080/1714/196 2079/1715/156 2078/1716/134
f 2032/1666/155 2076/1713/143 2077/1717/135
f 2076/1713/143 2078/1716/134 2077/1717/135
f 2077/1717/135 2078/1716/134 2079/1715/156
f 1923/1718/143 1924/1610/143 1918/1556/135
f 1922/1560/135 1923/1718/143 1918/1556/135
f 1919/1719/164 1920/1559/142 1918/1556/143
f 1917/1557/135 1919/1719/164 1918/1556/143
f 1916/1555/155 1917/1557/155 1904/1543/155
f 1915/1720/143 1916/1555/143 1911/1551/143
f 1915/1720/197 1916/1555/192 2144/1721/149
f 2147/1722/136 1915/1720/197 2145/1723/148
f 1915/1720/197 2147/1722/136 1914/1724/136
f 2146/1725/135 2145/1723/135 2147/1722/134
f 2162/1726/145 2159/1727/136 1886/1728/148
f 2164/1729/195 2165/1730/148 2163/1731/195
f 2166/1732/141 2167/1733/141 2165/1730/148
f 2169/1734/148 2168/1735/198 2166/1732/141
f 2170/1736/195 2149/1737/169 2168/1735/195
f 1910/1552/148 2148/1738/148 2171/1739/148
f 2148/1738/178 1912/1554/142 1910/1552/144
f 2149/1737/155 2148/1738/178 2171/1739/134
f 2170/1736/155 2149/1737/155 2171/1739/134
f 2150/1740/148 2146/1725/140 2151/1741/148
f 2150/1740/134 2146/1725/135 2147/1722/134
f 2172/1742/164 2151/1741/143 2150/1740/144
f 2153/1743/135 2151/1741/143 2172/1742/164
f 2173/1744/163 2153/1743/135 2172/1742/164
f 2155/1745/132 2153/1743/135 2173/1744/163
f 2159/1727/155 2163/1731/155 2162/1726/199
f 2162/1726/199 2163/1731/155 2164/1729/200
f 2164/1729/178 2165/1730/178 2166/1732/178
f 2167/1733/178 2168/1735/178 2166/1732/178
f 2169/1734/164 2168/1735/164 2170/1736/164
f 2160/1746/143 2159/1727/143 1886/1728/143
f 1886/1728/146 2160/1746/146 2161/1747/146
f 2179/1748/143 2161/1747/155 1886/1728/196
f 2180/1749/135 2179/1748/143 1886/1728/196
f 1894/1750/137 2174/1751/146 2178/1752/137
f 1894/1750/137 2175/1753/147 2174/1751/146
f 1896/1754/148 2176/1755/146 1894/1750/148
f 1896/1754/148 2177/1756/146 2176/1755/146
f 1898/1547/136 1906/1546/137 2177/1756/146
f 1896/1754/135 2177/1756/135 1898/1547/143
f 2175/1753/132 2176/1755/155 1894/1750/177
f 1892/1757/163 2178/1752/174 1894/1750/163
f 1905/1541/145 1899/1544/145 1897/1758/145
f 1906/1546/155 1907/1549/155 1900/1545/155
f 1914/1724/178 1915/1720/143 1913/1759/143
f 1913/1759/143 1915/1720/143 1911/1551/143
f 1909/1553/178 1911/1551/178 1908/1548/178
f 1903/1760/133 1908/1548/164 1904/1543/134
f 1903/1760/140 1908/1548/139 1902/1550/140
f 1903/1760/133 1904/1543/134 1901/1542/133
f 2947/1761/136 1939/1603/136 1938/1604/136
f 2951/1762/148 1939/1603/148 2950/1763/201
f 2952/1764/148 1939/1603/148 2951/1762/148
f 2952/1764/148 2953/1765/136 1939/1603/148
f 2954/1766/136 2953/1765/136 2952/1764/148
f 2954/1766/136 2955/1767/136 2953/1765/136
f 2957/1768/137 2956/1769/147 2954/1766/137
f 2957/1768/137 2958/1770/147 2956/1769/147
f 2960/1771/136 2961/1772/197 2959/1773/145
f 2960/1771/136 2962/1774/146 2961/1772/197
f 2960/1771/136 2963/1775/202 2962/1774/146
f 2960/1771/136 2964/1776/149 2963/1775/202
f 2965/1777/136 2966/1778/136 2964/1776/149
f 2968/1779/149 2967/1780/203 2965/1777/149
f 2968/1779/149 2969/1781/148 2967/1780/203
f 2968/1779/149 2970/1782/204 2969/1781/148
f 2971/1783/205 2970/1782/204 2968/1779/149
f 2971/1783/205 2972/1784/150 2970/1782/204
f 2972/1784/150 2971/1783/205 2973/1785/145
f 2970/1782/148 2974/1786/148 1957/1579/136
f 2972/1784/155 2970/1782/155 2974/1786/134
f 2975/1787/148 1957/1579/136 2974/1786/148
f 1964/1587/136 1957/1579/136 2975/1787/148
f 2973/1785/145 2975/1787/148 2972/1784/150
f 2973/1785/145 1964/1587/136 2975/1787/148
f 2976/1788/136 1964/1587/136 2973/1785/145
f 2977/1789/148 1964/1587/136 2976/1788/136
f 2977/1789/148 1965/1588/148 1964/1587/136
f 2978/1790/155 1966/1595/135 1971/1593/135
f 1965/1588/135 1966/1595/135 2978/1790/155
f 2977/1789/155 1965/1588/135 2978/1790/155
f 2974/1786/134 2975/1787/134 2972/1784/155
f 2970/1782/148 1957/1579/136 1956/1597/148
f 2970/1782/148 1956/1597/148 1954/1598/148
f 2969/1781/164 1954/1598/164 2970/1782/164
f 2969/1781/148 1954/1598/147 2967/1780/203
f 2967/1780/203 1954/1598/147 2966/1778/136
f 2966/1778/136 1954/1598/147 2964/1776/149
f 2964/1776/149 1954/1598/147 2963/1775/202
f 2963/1775/202 1954/1598/147 2962/1774/146
f 2962/1774/146 1954/1598/147 2961/1772/197
f 1939/1603/135 1954/1598/135 2961/1772/206
f 1954/1598/135 1939/1603/135 1952/1575/156
f 1950/1577/156 1952/1575/156 1939/1603/135
f 1939/1603/149 1950/1577/202 1940/1602/167
f 1940/1602/167 1950/1577/202 1949/1599/202
f 1940/1602/167 1949/1599/202 1941/1601/207
f 1942/1569/158 1949/1599/173 1941/1601/158
f 1942/1569/149 1949/1599/149 1944/1571/137
f 1945/1572/156 1949/1599/163 1944/1571/135
f 2961/1772/197 1939/1603/192 2979/1791/208
f 2979/1791/208 1939/1603/192 2980/1792/165
f 2980/1792/165 1939/1603/192 2959/1773/145
f 2958/1770/158 1939/1603/158 2959/1773/158
f 2956/1769/158 1939/1603/158 2958/1770/158
f 2955/1767/143 1939/1603/158 2956/1769/158
f 2955/1767/136 1939/1603/148 2953/1765/136
f 2955/1767/143 2956/1769/158 2954/1766/143
f 2958/1770/158 2959/1773/158 2957/1768/135
f 2957/1768/135 2959/1773/158 2960/1771/135
f 2959/1773/145 2961/1772/197 2979/1791/208
f 2959/1773/145 2979/1791/208 2980/1792/165
f 2960/1771/135 2964/1776/135 2965/1777/135
f 2966/1778/143 2967/1780/143 2965/1777/143
f 2949/1793/135 1939/1603/135 2950/1763/135
f 2948/1794/158 1939/1603/135 2949/1793/135
f 2947/1761/143 1939/1603/135 2948/1794/158
f 1973/1596/155 1963/1586/157 1964/1587/155
f 1972/1594/148 2981/1795/148 1970/1592/136
f 2982/1796/146 2981/1795/148 1972/1594/148
f 2982/1796/146 2983/1797/148 2981/1795/148
f 2986/1798/148 2985/1799/148 2984/1800/148
f 2986/1798/148 2987/1801/148 2985/1799/148
f 2988/1802/148 2987/1801/148 2986/1798/148
f 2990/1803/145 2987/1801/146 2989/1804/146
f 2992/1805/148 2993/1806/148 2987/1801/148
f 2994/1807/143 2992/1805/143 2993/1806/209
f 2997/1808/135 2996/1809/177 2994/1807/143
f 2999/1810/146 3000/1811/146 2998/1812/146
f 3001/1813/137 2999/1810/137 3002/1814/137
f 3003/1815/137 2999/1810/148 3004/1816/137
f 3002/1814/158 3003/1815/158 2999/1810/158
f 3004/1816/137 2999/1810/148 3005/1817/165
f 3006/1818/143 2999/1810/156 3005/1817/134
f 3007/1819/135 2999/1810/156 3006/1818/143
f 3007/1819/210 2999/1810/211 3008/1820/148
f 3009/1821/156 2999/1810/212 3008/1820/132
f 3010/1822/143 2999/1810/212 3009/1821/156
f 2999/1810/140 3011/1823/147 3010/1822/140
f 3011/1823/147 2999/1810/140 3012/1824/198
f 3014/1825/162 2989/1804/135 3013/1826/155
f 3016/1827/213 3014/1825/165 3015/1828/214
f 3014/1825/165 3016/1827/213 3017/1829/145
f 2989/1804/135 3014/1825/162 3015/1828/206
f 3018/1830/135 2989/1804/135 3015/1828/206
f 3009/1821/148 3019/1831/215 3020/1832/148
f 3009/1821/148 3010/1822/165 3019/1831/215
f 3013/1826/148 3019/1831/215 3010/1822/165
f 3017/1829/174 3013/1826/155 3019/1831/142
f 3017/1829/174 3014/1825/162 3013/1826/155
f 3010/1822/178 3013/1826/155 3011/1823/134
f 3011/1823/134 3013/1826/155 2989/1804/135
f 3012/1824/198 2989/1804/146 3011/1823/147
f 2989/1804/146 3012/1824/198 2990/1803/145
f 3021/1833/134 2999/1810/134 3012/1824/155
f 2996/1809/177 2998/1812/135 2999/1810/134
f 2997/1808/135 2998/1812/135 2996/1809/177
f 3000/1811/173 3001/1813/173 2999/1810/173
f 3021/1833/134 2996/1809/177 2999/1810/134
f 3021/1833/147 2995/1834/146 2991/1835/148
f 2996/1809/177 3021/1833/134 2995/1834/143
f 2995/1834/146 2992/1805/148 2991/1835/148
f 2992/1805/143 2994/1807/143 2995/1834/143
f 2995/1834/143 2994/1807/143 2996/1809/177
f 2991/1835/162 2987/1801/155 2992/1805/135
f 2990/1803/155 2987/1801/155 2991/1835/162
f 2988/1802/155 2987/1801/155 2989/1804/155
f 2983/1797/135 2985/1799/135 2984/1800/135
f 2982/1796/135 2983/1797/135 2984/1800/135
f 1969/1590/156 2981/1795/156 1970/1592/135
f 2990/1803/155 2991/1835/162 3021/1833/134
f 2990/1803/155 3021/1833/134 3012/1824/155
f 3017/1829/174 3019/1831/142 3016/1827/135
f 3016/1827/135 3019/1831/142 3020/1832/135
f 3023/1836/148 3022/1837/145 3009/1821/148
f 3023/1836/148 3024/1838/136 3022/1837/145
f 3023/1836/148 3025/1839/137 3024/1838/136
f 3026/1840/135 3023/1836/135 3025/1839/135
f 3008/1820/132 3022/1837/135 3009/1821/156
usemtl Marc_Skin
f 1878/1841/147 1879/1842/147 1877/1843/147
f 1878/1841/146 1881/1844/169 1880/1845/148
f 1878/1841/146 1882/1846/145 1881/1844/169
f 1883/1847/146 1882/1846/145 1878/1841/146
f 1883/1847/146 1884/1848/148 1882/1846/145
f 1887/1849/145 1886/1728/148 1883/1847/169
f 1887/1849/145 1888/1850/145 1886/1728/148
f 1889/1851/146 1888/1850/145 1887/1849/145
f 1889/1851/146 1890/1852/145 1888/1850/145
f 1893/1853/136 1894/1750/136 1892/1757/136
f 1895/1854/148 1896/1754/148 1894/1750/148
f 1897/1758/148 1896/1754/148 1895/1854/148
f 1901/1542/140 1902/1550/140 1900/1545/138
f 1903/1760/133 1901/1542/133 1902/1550/155
f 1899/1544/135 1900/1545/135 1901/1542/133
f 1898/1547/143 1900/1545/135 1899/1544/135
f 1909/1553/141 1907/1549/136 1908/1548/139
f 1907/1549/136 1909/1553/141 1906/1546/137
f 1906/1546/137 1909/1553/141 1910/1552/141
f 1913/1759/136 1912/1554/136 1911/1551/136
f 1914/1724/178 1913/1759/143 1912/1554/142
f 2144/1721/149 2145/1723/148 1915/1720/197
f 2145/1723/148 2144/1721/149 2146/1725/140
f 2148/1738/178 1914/1724/178 1912/1554/142
f 2147/1722/143 1914/1724/178 2148/1738/178
f 2149/1737/155 2147/1722/143 2148/1738/178
f 2149/1737/169 2147/1722/147 2150/1740/146
f 2146/1725/140 2144/1721/149 2151/1741/148
f 2151/1741/148 2144/1721/149 2152/1855/136
f 2153/1743/135 2152/1855/143 2151/1741/143
f 2153/1743/148 2152/1855/148 2154/1856/148
f 2155/1745/132 2154/1856/135 2153/1743/135
f 2155/1745/148 2154/1856/145 2156/1857/145
f 2157/1858/143 2154/1856/143 2156/1857/143
f 2158/1859/146 2157/1858/140 2154/1856/148
f 2157/1858/140 2158/1859/146 2159/1727/147
f 2149/1737/169 2150/1740/146 2168/1735/195
f 2172/1742/164 2150/1740/144 2168/1735/178
f 2165/1730/148 2173/1744/146 2155/1745/148
f 2167/1733/141 2173/1744/146 2165/1730/148
f 2167/1733/178 2172/1742/164 2168/1735/178
f 2173/1744/163 2172/1742/164 2167/1733/178
f 2165/1730/148 2155/1745/148 2163/1731/195
f 2163/1731/195 2155/1745/148 2156/1857/145
f 2157/1858/143 2156/1857/143 2163/1731/155
f 2159/1727/155 2157/1858/143 2163/1731/155
f 2174/1751/146 2170/1736/145 2169/1734/148
f 2177/1756/146 1910/1552/141 2176/1755/146
f 1906/1546/137 1910/1552/141 2177/1756/146
f 2171/1739/134 1910/1552/142 2176/1755/155
f 2170/1736/155 2171/1739/134 2176/1755/155
f 2175/1753/132 2170/1736/155 2176/1755/155
f 2174/1751/155 2170/1736/155 2175/1753/132
f 2174/1751/146 2169/1734/148 2178/1752/137
f 2178/1752/137 2169/1734/148 2166/1732/141
f 1892/1757/163 2166/1732/216 2178/1752/174
f 1892/1757/141 2166/1732/140 1890/1852/145
f 1890/1852/145 2166/1732/140 2164/1729/146
f 1890/1852/145 2164/1729/146 1888/1850/145
f 1888/1850/145 2164/1729/146 2162/1726/145
f 1888/1850/145 2162/1726/145 1886/1728/148
f 2158/1859/146 2182/1860/148 2181/1861/145
f 2158/1859/146 2154/1856/148 2182/1860/148
f 2185/1862/217 2184/1863/217 2183/1864/217
f 2186/1865/218 2185/1862/218 2184/1863/218
f 2186/1865/219 2185/1862/150 2187/1866/149
f 2186/1865/219 2187/1866/149 2188/1867/213
f 2189/1868/220 2187/1866/220 2188/1867/220
f 2188/1867/215 2189/1868/215 2190/1869/215
f 2191/1870/156 2190/1869/156 2188/1867/135
f 2192/1871/156 2190/1869/156 2191/1870/156
f 2192/1871/150 2190/1869/150 2193/1872/150
f 2192/1871/150 2193/1872/150 2194/1873/150
f 2195/1874/134 2193/1872/162 2194/1873/221
f 2196/1875/164 2193/1872/162 2195/1874/134
f 2196/1875/136 2193/1872/140 2197/1876/146
f 2197/1876/146 2193/1872/140 2198/1877/146
f 2199/1878/135 2193/1872/135 2198/1877/135
f 2200/1879/155 2193/1872/135 2199/1878/135
f 2201/1880/135 2193/1872/135 2200/1879/155
f 2202/1881/155 2193/1872/135 2201/1880/135
f 2203/1882/135 2202/1881/155 2201/1880/135
f 2204/1883/135 2202/1881/155 2203/1882/135
f 2205/1884/135 2204/1883/135 2203/1882/135
f 2205/1884/136 2204/1883/148 2206/1885/146
f 2205/1884/136 2206/1885/146 2207/1886/136
f 2205/1884/136 2207/1886/136 2208/1887/136
f 2208/1887/136 2207/1886/136 2209/1888/136
f 2208/1887/136 2209/1888/136 2210/1889/148
f 2211/1890/135 2210/1889/135 2208/1887/135
f 2211/1890/148 2210/1889/148 2212/1891/148
f 2211/1890/148 2212/1891/148 2213/1892/148
f 2211/1890/148 2213/1892/148 2214/1893/148
f 2215/1894/155 2213/1892/155 2214/1893/135
f 2216/1895/135 2215/1894/155 2214/1893/135
f 2216/1895/148 2215/1894/148 2217/1896/148
f 2218/1897/135 2217/1896/164 2216/1895/135
f 2219/1898/164 2217/1896/164 2218/1897/135
f 2220/1899/155 2219/1898/164 2218/1897/135
f 2220/1899/148 2219/1898/146 2221/1900/146
f 2220/1899/148 2221/1900/146 2222/1901/148
f 2222/1901/148 2221/1900/146 2223/1902/146
f 2224/1903/135 2223/1902/135 2222/1901/135
f 2222/1901/148 2224/1903/136 2225/1904/148
f 2225/1904/148 2224/1903/136 2226/1905/136
f 2227/1906/135 2226/1905/135 2225/1904/135
f 2228/1907/155 2226/1905/135 2227/1906/135
f 2228/1907/222 2226/1905/148 2229/1908/146
f 2228/1907/222 2229/1908/146 2230/1909/203
f 2231/1910/164 2229/1908/164 2230/1909/164
f 2231/1910/148 2229/1908/146 2232/1911/146
f 2233/1912/155 2229/1908/155 2232/1911/155
f 2232/1911/146 2233/1912/146 2234/1913/146
f 2235/1914/173 2233/1912/223 2234/1913/173
f 2321/1915/148 2315/1916/148 2316/1917/146
f 2322/1918/148 2315/1916/148 2321/1915/148
f 2323/1919/148 2313/1920/147 2315/1916/145
f 2323/1919/148 2311/1921/146 2313/1920/147
f 2324/1922/148 2311/1921/146 2323/1919/148
f 2325/1923/224 2310/1924/146 2324/1922/202
f 2327/1925/148 2304/1926/148 2305/1927/148
f 2328/1928/136 2303/1929/136 2304/1926/136
f 2331/1930/136 2302/1931/136 2330/1932/136
f 2300/1933/163 2331/1930/135 2302/1931/135
f 2329/1934/132 2302/1931/155 2330/1932/173
f 2303/1929/134 2302/1931/155 2329/1934/132
f 2328/1928/164 2303/1929/134 2329/1934/132
f 2327/1925/134 2304/1926/134 2328/1928/134
f 2307/1935/155 2305/1927/155 2327/1925/164
f 2326/1936/225 2307/1935/155 2327/1925/164
f 2308/1937/155 2307/1935/155 2326/1936/225
f 2325/1923/164 2308/1937/155 2326/1936/225
f 2310/1924/178 2308/1937/155 2325/1923/164
f 2311/1921/199 2310/1924/199 2324/1922/199
f 2322/1918/155 2315/1916/155 2323/1919/155
f 2320/1938/144 2316/1917/133 2321/1915/142
f 2317/1939/178 2316/1917/133 2320/1938/144
f 2320/1938/149 2317/1939/146 2333/1940/149
f 2334/1941/148 2333/1940/149 2317/1939/146
f 2333/1940/149 2334/1941/148 2335/1942/145
f 2335/1942/145 2334/1941/148 2336/1943/138
f 2336/1943/138 2334/1941/148 2337/1944/136
f 2337/1944/136 2334/1941/148 2338/1945/137
f 2339/1946/157 2338/1945/196 2337/1944/155
f 2337/1944/155 2336/1943/172 2340/1947/135
f 2346/1948/148 2345/1949/146 2344/1950/148
f 2345/1949/146 2346/1948/148 2321/1915/146
f 2343/1951/135 2344/1950/144 2346/1948/155
f 2379/1952/154 2377/1953/137 2378/1954/146
f 2380/1955/143 2379/1952/143 2377/1953/143
f 2379/1952/140 2381/1956/146 2380/1955/136
f 2381/1956/146 2379/1952/140 2382/1957/148
f 2383/1958/148 2377/1953/148 2380/1955/148
f 2385/1959/148 2377/1953/148 2384/1960/148
f 2386/1961/148 2376/1962/148 2385/1959/148
f 2392/1963/201 2376/1962/201 2391/1964/175
f 2393/1965/148 2374/1966/148 2392/1963/148
f 2394/1967/149 2373/1968/149 2374/1966/149
f 2372/1969/167 2395/1970/167 2370/1971/167
f 2394/1967/164 2373/1968/158 2395/1970/143
f 2393/1965/178 2374/1966/178 2394/1967/178
f 2376/1962/135 2374/1966/135 2392/1963/135
f 2390/1972/173 2376/1962/135 2391/1964/226
f 2389/1973/135 2376/1962/135 2390/1972/173
f 2388/1974/133 2376/1962/135 2389/1973/135
f 2387/1975/158 2376/1962/135 2388/1974/133
f 2386/1961/143 2376/1962/135 2387/1975/158
f 2377/1953/135 2376/1962/135 2385/1959/135
f 2383/1958/135 2377/1953/158 2384/1960/227
f 2381/1956/228 2380/1955/228 2383/1958/228
f 2382/1957/148 2383/1958/148 2381/1956/146
f 2383/1958/148 2382/1957/148 2398/1976/148
f 2399/1977/177 2382/1957/143 2398/1976/135
f 2400/1978/142 2382/1957/143 2399/1977/177
f 2382/1957/136 2401/1979/149 2400/1978/201
f 2401/1979/156 2379/1952/135 2382/1957/135
f 2401/1979/156 2378/1954/156 2379/1952/135
f 2402/1980/135 2378/1954/156 2401/1979/156
f 2402/1980/146 2378/1954/154 2403/1981/146
f 2400/1978/201 2402/1980/146 2403/1981/146
f 2400/1978/201 2401/1979/149 2402/1980/146
f 2400/1978/201 2403/1981/146 2404/1982/150
f 2404/1982/150 2403/1981/146 2405/1983/145
f 2500/1984/175 2503/1985/175 2499/1986/175
f 2502/1987/148 2504/1988/146 2500/1984/141
f 2505/1989/155 2502/1987/159 2504/1988/155
f 2512/1990/166 2356/1991/153 2511/1992/229
f 2512/1990/166 2355/1993/145 2356/1991/153
f 2513/1994/146 2350/1995/146 2353/1996/146
f 2513/1994/155 2343/1951/135 2346/1948/155
f 2350/1995/134 2343/1951/135 2513/1994/155
f 2512/1990/143 2353/1996/143 2513/1994/135
f 2355/1993/180 2353/1996/143 2512/1990/143
f 2510/1997/230 2356/1991/155 2511/1992/231
f 2506/1998/158 2356/1991/155 2510/1997/230
f 2515/1999/152 2514/2000/232 2357/2001/140
f 2514/2000/232 2515/1999/152 2516/2002/150
f 2359/2003/178 2515/1999/216 2360/2004/200
f 2516/2002/174 2360/2004/200 2515/1999/216
f 2516/2002/146 2360/2004/146 2517/2005/146
f 2518/2006/172 2360/2004/172 2517/2005/172
f 2520/2007/233 2519/2008/233 2361/2009/233
f 2521/2010/234 2520/2007/135 2519/2008/132
f 2364/2011/235 2520/2007/135 2521/2010/234
f 2364/2011/182 2520/2007/182 2363/2012/182
f 2521/2010/154 2364/2011/154 2365/2013/154
f 2522/2014/164 2365/2013/189 2521/2010/212
f 2522/2014/146 2365/2013/140 2523/2015/236
f 2523/2015/236 2365/2013/140 2524/2016/136
f 2366/2017/156 2365/2013/156 2524/2016/156
f 2524/2016/146 2366/2017/148 2525/2018/146
f 2526/2019/178 2366/2017/178 2525/2018/178
f 2526/2019/136 2366/2017/136 2527/2020/136
f 2528/2021/134 2366/2017/187 2527/2020/133
f 2528/2021/145 2366/2017/201 2529/2022/237
f 2368/2023/204 2529/2022/237 2367/2024/238
f 2528/2021/134 2368/2023/134 2529/2022/134
f 2528/2021/175 2368/2023/145 2530/2025/169
f 2530/2025/169 2368/2023/145 2396/2026/145
f 2397/2027/178 2396/2026/178 2530/2025/239
f 2531/2028/132 2397/2027/178 2530/2025/239
f 2397/2027/136 2532/2029/136 2531/2028/136
f 2531/2028/135 2534/2030/143 2532/2029/142
f 2536/2031/173 2531/2028/132 2530/2025/239
f 2517/2005/169 2518/2006/169 2542/2032/169
f 2543/2033/177 2518/2006/163 2542/2032/173
f 2527/2020/133 2543/2033/177 2542/2032/173
f 2544/2034/135 2543/2033/177 2527/2020/133
f 2526/2019/172 2544/2034/135 2527/2020/133
f 2540/2035/175 2545/2036/240 2541/2037/241
f 2545/2036/240 2540/2035/175 2539/2038/192
f 2535/2039/164 2532/2029/142 2534/2030/143
f 2387/1975/146 2557/2040/146 2556/2041/146
f 2558/2042/155 2387/1975/158 2557/2040/143
f 2559/2043/136 2555/2044/146 2386/1961/136
f 2559/2043/136 2554/2045/146 2555/2044/146
f 2561/2046/148 2539/2038/136 2538/2047/148
f 2561/2046/135 2539/2038/134 2545/2036/134
f 2537/2048/155 2538/2047/143 2561/2046/135
f 2560/2049/135 2537/2048/155 2561/2046/135
f 2546/2050/135 2537/2048/155 2560/2049/135
f 2559/2043/135 2546/2050/135 2560/2049/135
f 2550/2051/143 2546/2050/135 2559/2043/135
f 2551/2052/162 2550/2051/143 2559/2043/135
f 2552/2053/135 2551/2052/162 2559/2043/135
f 2553/2054/143 2552/2053/135 2559/2043/135
f 2554/2045/143 2553/2054/143 2559/2043/135
f 2558/2042/155 2555/2044/156 2386/1961/143
f 2387/1975/158 2558/2042/155 2386/1961/143
f 2384/1960/148 2568/2055/148 2567/2056/148
f 2568/2055/242 2383/1958/135 2384/1960/227
f 2568/2055/148 2398/1976/148 2399/1977/148
f 2383/1958/135 2568/2055/242 2398/1976/239
f 2567/2056/135 2399/1977/135 2568/2055/135
f 2567/2056/136 2399/1977/148 2569/2057/148
f 2569/2057/143 2400/1978/142 2399/1977/177
f 2404/1982/134 2400/1978/142 2569/2057/143
f 2570/2058/155 2404/1982/134 2569/2057/143
f 2571/2059/133 2404/1982/134 2570/2058/155
f 2404/1982/146 2408/2060/146 2571/2059/146
f 2408/2060/163 2405/1983/173 2404/1982/164
f 2572/2061/143 2408/2060/143 2571/2059/143
f 2572/2061/202 2408/2060/202 2573/2062/202
f 2574/2063/135 2408/2060/156 2573/2062/156
f 2412/2064/156 2408/2060/156 2574/2063/135
f 2574/2063/195 2412/2064/136 2575/2065/195
f 2575/2065/195 2412/2064/136 2414/2066/136
f 2576/2067/135 2414/2066/155 2575/2065/155
f 2576/2067/202 2414/2066/148 2577/2068/148
f 2578/2069/135 2414/2066/135 2577/2068/155
f 2579/2070/134 2414/2066/135 2578/2069/135
f 2579/2070/148 2414/2066/148 2580/2071/148
f 2580/2071/208 2421/2072/208 2581/2073/208
f 2414/2066/156 2580/2071/156 2421/2072/156
f 2582/2074/243 2421/2072/242 2581/2073/242
f 2582/2074/145 2421/2072/136 2583/2075/146
f 2583/2075/146 2421/2072/136 2584/2076/145
f 2584/2076/145 2421/2072/136 2473/2077/136
f 2468/2078/143 2421/2072/143 2473/2077/143
f 2468/2078/148 2421/2072/149 2425/2079/148
f 2466/2080/155 2425/2079/155 2468/2078/134
f 2428/2081/155 2425/2079/155 2466/2080/155
f 2464/2082/143 2428/2081/155 2466/2080/155
f 2464/2082/145 2428/2081/145 2432/2083/145
f 2463/2084/133 2432/2083/133 2464/2082/133
f 2463/2084/148 2432/2083/140 2461/2085/148
f 2461/2085/148 2432/2083/140 2434/2086/146
f 2461/2085/148 2434/2086/146 2436/2087/136
f 2458/2088/134 2436/2087/134 2461/2085/134
f 2458/2088/136 2436/2087/136 2456/2089/136
f 2456/2089/136 2436/2087/136 2438/2090/146
f 2454/2091/143 2438/2090/143 2456/2089/143
f 2454/2091/139 2438/2090/146 2440/2092/140
f 2454/2091/139 2440/2092/140 2441/2093/197
f 2444/2094/178 2441/2093/134 2454/2091/132
f 2453/2095/156 2444/2094/178 2454/2091/132
f 2445/2096/156 2444/2094/178 2453/2095/156
f 2453/2095/140 2445/2096/137 2446/2097/140
f 2451/2098/162 2446/2097/143 2453/2095/155
f 2448/2099/135 2446/2097/143 2451/2098/162
f 2451/2098/136 2448/2099/136 2449/2100/136
f 2591/2101/229 2593/2102/165 2592/2103/202
f 2565/2104/136 2594/2105/170 2593/2102/165
f 2565/2104/136 2595/2106/153 2594/2105/170
f 2565/2104/136 2596/2107/150 2595/2106/153
f 2565/2104/177 2566/2108/144 2384/1960/135
f 2596/2107/135 2566/2108/144 2565/2104/177
f 2566/2108/146 2569/2057/148 2596/2107/146
f 2567/2056/136 2569/2057/148 2566/2108/146
f 2570/2058/155 2569/2057/143 2596/2107/244
f 2595/2106/164 2570/2058/155 2596/2107/244
f 2595/2106/153 2570/2058/145 2594/2105/170
f 2594/2105/170 2570/2058/145 2597/2109/145
f 2597/2109/142 2571/2059/133 2570/2058/155
f 2597/2109/148 2571/2059/148 2572/2061/148
f 2598/2110/163 2572/2061/156 2597/2109/143
f 2573/2062/156 2572/2061/156 2598/2110/163
f 2574/2063/135 2573/2062/156 2598/2110/163
f 2598/2110/170 2574/2063/195 2599/2111/170
f 2599/2111/170 2574/2063/195 2575/2065/195
f 2600/2112/155 2575/2065/155 2599/2111/178
f 2576/2067/135 2575/2065/155 2600/2112/155
f 2600/2112/165 2576/2067/202 2601/2113/202
f 2601/2113/202 2576/2067/202 2602/2114/148
f 2577/2068/148 2602/2114/148 2576/2067/202
f 2602/2114/148 2577/2068/148 2603/2115/146
f 2604/2116/145 2603/2115/146 2577/2068/148
f 2601/2113/202 2604/2116/136 2600/2112/165
f 2590/2117/136 2600/2112/165 2604/2116/136
f 2590/2117/202 2598/2110/170 2599/2111/170
f 2592/2103/202 2598/2110/170 2590/2117/202
f 2593/2102/165 2597/2109/145 2592/2103/202
f 2594/2105/170 2597/2109/145 2593/2102/165
f 2598/2110/163 2597/2109/143 2592/2103/135
f 2600/2112/155 2599/2111/178 2590/2117/134
f 2605/2118/133 2604/2116/144 2590/2117/134
f 2606/2119/133 2604/2116/144 2605/2118/133
f 2603/2115/134 2601/2113/134 2604/2116/134
f 2601/2113/202 2602/2114/148 2603/2115/146
f 2578/2069/135 2577/2068/155 2604/2116/144
f 2606/2119/133 2578/2069/135 2604/2116/144
f 2606/2119/146 2578/2069/146 2579/2070/146
f 2583/2075/155 2579/2070/196 2606/2119/133
f 2607/2120/196 2579/2070/196 2583/2075/155
f 2579/2070/146 2581/2073/146 2607/2120/146
f 2581/2073/143 2580/2071/143 2579/2070/143
f 2582/2074/243 2581/2073/242 2607/2120/172
f 2583/2075/146 2607/2120/148 2582/2074/145
f 2608/2121/143 2606/2119/133 2605/2118/133
f 2583/2075/155 2606/2119/133 2608/2121/143
f 2608/2121/245 2583/2075/146 2584/2076/145
f 2588/2122/148 2585/2123/148 2587/2124/148
f 2590/2117/134 2588/2122/144 2585/2123/162
f 2591/2101/134 2593/2102/133 2565/2104/135
f 2589/2125/178 2591/2101/134 2565/2104/135
f 2485/2126/154 2564/2127/202 2609/2128/165
f 2486/2129/148 2564/2127/202 2485/2126/154
f 2489/2130/145 2563/2131/145 2486/2129/148
f 2492/2132/136 2563/2131/148 2490/2133/136
f 2494/2134/246 2563/2131/148 2492/2132/136
f 2494/2134/246 2562/2135/148 2563/2131/148
f 2496/2136/247 2562/2135/148 2494/2134/246
f 2562/2135/143 2503/1985/142 2499/1986/226
f 2497/2137/163 2562/2135/143 2499/1986/226
f 2496/2136/134 2562/2135/143 2497/2137/163
f 2489/2130/134 2563/2131/134 2490/2133/134
f 2564/2127/132 2563/2131/135 2486/2129/143
f 2586/2138/157 2564/2127/132 2609/2128/135
f 2485/2126/173 2481/2139/158 2609/2128/135
f 2610/2140/155 2609/2128/135 2481/2139/158
f 2481/2139/145 2610/2140/175 2480/2141/146
f 2611/2142/156 2610/2140/156 2480/2141/156
f 2478/2143/248 2612/2144/175 2477/2145/249
f 2480/2141/146 2612/2144/175 2478/2143/248
f 2480/2141/146 2611/2142/250 2612/2144/175
f 2503/1985/142 2504/1988/164 2500/1984/142
f 2473/2077/155 2590/2117/134 2585/2123/162
f 2605/2118/133 2590/2117/134 2473/2077/155
f 2608/2121/143 2605/2118/133 2473/2077/155
f 2584/2076/143 2608/2121/143 2473/2077/155
f 2566/2108/144 2567/2056/143 2384/1960/135
f 2547/2146/213 2548/2147/149 2549/2148/202
f 2547/2146/135 2548/2147/164 2534/2030/143
f 2548/2147/164 2535/2039/164 2534/2030/143
f 2533/2149/143 2397/2027/143 2532/2029/143
f 2373/1968/158 2372/1969/184 2395/1970/143
f 2321/1915/146 2342/2150/251 2345/1949/146
f 2342/2150/135 2320/1938/144 2321/1915/142
f 2345/1949/146 2342/2150/251 2341/2151/252
f 2654/2152/148 2653/2153/148 2650/2154/148
f 2657/2155/148 2656/2156/148 2654/2152/148
f 2659/2157/136 2660/2158/136 2658/2159/136
f 2661/2160/148 2663/2161/148 2662/2162/148
f 2661/2160/148 2664/2163/148 2663/2161/148
f 2665/2164/148 2664/2163/148 2661/2160/148
f 2667/2165/148 2668/2166/148 2666/2167/148
f 2669/2168/148 2668/2166/148 2667/2165/148
f 2672/2169/148 1864/2170/148 2670/2171/148
f 2673/2172/136 1865/2173/136 1864/2170/136
f 2674/2174/148 1872/2175/148 1865/2173/148
f 1878/1841/140 1876/2176/140 2674/2174/140
f 1876/2176/212 1877/1843/164 1878/1841/156
f 1879/1842/178 1877/1843/164 1875/2177/143
f 2181/1861/145 2678/2178/146 2677/2179/169
f 2181/1861/145 2679/2180/148 2678/2178/146
f 2181/1861/145 2182/1860/148 2679/2180/148
f 2686/2181/195 2681/2182/140 1869/2183/146
f 1873/2184/195 2681/2182/140 2686/2181/195
f 1873/2184/195 2680/2185/170 2681/2182/140
f 2675/2186/198 2680/2185/198 1874/2187/198
f 2676/2188/169 2678/2178/146 2675/2186/195
f 2677/2179/169 2678/2178/146 2676/2188/169
f 2680/2185/199 2678/2178/216 2675/2186/164
f 1873/2184/134 2680/2185/134 1874/2187/134
f 2682/2189/134 2681/2182/135 1869/2183/135
f 1868/2190/143 2682/2189/134 1869/2183/135
f 2683/2191/187 2682/2189/134 1868/2190/143
f 1868/2190/136 2683/2191/148 2685/2192/136
f 2685/2192/136 2683/2191/148 2684/2193/136
f 1871/2194/148 2686/2181/195 1870/2195/245
f 1873/2184/155 1871/2194/186 2686/2181/186
f 1879/1842/178 1880/1845/187 1878/1841/155
f 1884/1848/134 1885/2196/134 1883/1847/133
f 1885/2196/134 1886/1728/196 1883/1847/133
f 1889/1851/178 1890/1852/155 1891/2197/133
f 1890/1852/155 1892/1757/133 1891/2197/133
f 1891/2197/133 1892/1757/133 1893/1853/143
f 1896/1754/135 1898/1547/143 1897/1758/143
f 1897/1758/143 1898/1547/143 1899/1544/135
f 1893/1853/253 1894/1750/135 1895/1854/173
f 1872/2175/143 1876/2176/212 2674/2174/143
f 2673/2172/143 1865/2173/143 2674/2174/143
f 2655/2198/135 2656/2156/173 2654/2152/135
f 2656/2156/135 2658/2159/135 2657/2155/135
f 2657/2155/135 2658/2159/135 2659/2157/135
f 2659/2157/155 2660/2158/178 2661/2160/134
f 2660/2158/178 2662/2162/133 2661/2160/134
f 2664/2163/164 2666/2167/164 2665/2164/135
f 2665/2164/135 2666/2167/164 2667/2165/135
f 2668/2166/135 2670/2171/135 2669/2168/135
f 2669/2168/135 2670/2171/135 2671/2199/135
f 2671/2199/135 2670/2171/135 2672/2169/135
f 2672/2169/135 1864/2170/135 2673/2172/135
f 2653/2153/135 2655/2198/135 2654/2152/135
f 2649/2200/135 2652/2201/143 2650/2154/155
f 2652/2201/143 2653/2153/135 2650/2154/155
usemtl BackColor
f 2105/2202/180 2107/2203/133 2103/2204/155
f 2112/2205/164 2103/2204/142 2111/2206/164
f 2101/2207/142 2103/2204/142 2112/2205/164
f 2099/2208/164 2101/2207/164 2131/2209/164
f 2135/2210/187 2099/2208/254 2126/2211/164
f 2135/2210/187 2136/2212/135 2099/2208/254
f 2137/2213/143 2135/2210/187 2126/2211/164
f 2138/2214/135 2137/2213/143 2126/2211/164
f 2098/2215/178 2099/2208/254 2136/2212/135
f 2140/2216/143 2139/2217/144 2123/2218/255
f 2121/2219/256 2140/2216/143 2123/2218/255
f 2120/2220/227 2140/2216/143 2121/2219/256
f 3048/2221/158 3045/2222/155 3047/2223/143
f 3046/2224/134 3047/2223/143 3045/2222/155
f 3054/2225/212 3053/2226/163 3050/2227/135
f 3049/2228/135 3054/2225/212 3050/2227/135
f 3062/2229/135 3054/2225/212 3049/2228/135
f 3064/2230/135 3062/2229/257 3063/2231/174
f 3080/2232/212 3064/2230/135 3063/2231/174
f 3078/2233/143 3064/2230/135 3080/2232/212
f 3068/2234/212 3064/2230/135 3077/2235/163
f 3046/2224/164 3044/2236/144 3043/2237/164
usemtl Marc_Shoes2
f 2096/2238/146 2095/2239/148 2094/2240/148
f 2099/2208/148 2097/2241/146 2098/2215/140
f 2099/2208/148 2100/2242/148 2097/2241/146
f 2101/2207/136 2100/2242/148 2099/2208/148
f 2101/2207/136 2102/2243/148 2100/2242/148
f 2105/2202/198 2104/2244/140 2103/2204/140
f 2104/2244/140 2105/2202/198 2106/2245/140
f 2106/2245/148 2109/2246/148 2110/2247/148
f 2108/2248/155 2106/2245/164 2109/2246/143
f 2107/2203/133 2106/2245/164 2108/2248/155
f 2105/2202/180 2106/2245/164 2107/2203/133
f 2101/2207/142 2102/2243/143 2103/2204/142
f 2096/2238/178 2097/2241/135 2098/2215/178
f 2095/2239/135 2097/2241/135 2096/2238/178
f 2092/2249/143 2095/2239/135 2094/2240/143
f 2093/2250/143 2092/2249/143 2094/2240/143
f 2091/2251/143 2092/2249/143 2093/2250/143
f 2089/2252/143 2091/2251/143 2093/2250/143
f 2133/2253/145 2131/2209/145 2132/2254/145
f 2134/2255/136 2112/2205/136 2133/2253/136
f 2134/2255/147 2107/2203/147 2111/2206/148
f 2108/2248/147 2107/2203/147 2134/2255/147
f 2112/2205/164 2111/2206/164 2134/2255/143
f 2131/2209/155 2112/2205/155 2133/2253/155
f 2132/2254/147 2129/2256/147 2142/2257/147
f 2129/2256/164 2131/2209/164 2132/2254/164
f 2128/2258/155 2129/2256/135 2142/2257/155
f 2127/2259/134 2128/2258/155 2142/2257/155
f 2142/2257/148 2127/2259/148 2143/2260/148
f 2125/2261/135 2127/2259/135 2143/2260/135
f 2143/2260/224 2125/2261/147 2124/2262/233
f 2122/2263/143 2124/2262/144 2143/2260/258
f 2102/2243/143 2104/2244/199 2103/2204/142
f 3048/2221/146 3050/2227/146 3049/2228/146
f 3051/2264/136 3048/2221/136 3052/2265/136
f 3050/2227/134 3051/2264/134 3048/2221/134
f 3051/2264/165 3055/2266/136 3053/2226/136
f 3056/2267/146 3055/2266/147 3052/2265/146
f 3056/2267/146 3057/2268/147 3055/2266/147
f 3058/2269/145 3057/2268/147 3056/2267/146
f 3059/2270/147 3057/2268/147 3058/2269/145
f 3059/2270/147 3060/2271/136 3057/2268/147
f 3060/2271/136 3059/2270/147 3061/2272/136
f 3051/2264/135 3055/2266/135 3052/2265/135
f 3054/2225/212 3055/2266/163 3053/2226/163
f 3043/2237/145 3063/2231/146 3079/2273/195
f 3046/2224/136 3063/2231/146 3043/2237/145
f 3046/2224/136 3049/2228/147 3063/2231/146
f 3046/2224/134 3049/2228/155 3047/2223/143
f 3043/2237/145 3079/2273/195 3076/2274/148
f 3040/2275/173 3076/2274/135 3043/2237/172
f 3039/2276/155 3076/2274/135 3040/2275/173
f 3075/2277/134 3076/2274/135 3039/2276/155
f 3037/2278/198 3074/2279/148 3073/2280/148
f 3037/2278/198 3075/2277/146 3074/2279/148
f 3039/2276/146 3075/2277/146 3037/2278/198
f 3036/2281/173 3073/2280/155 3037/2278/259
f 3047/2223/143 3049/2228/155 3048/2221/158
usemtl Marc_Wrist
f 2183/1864/202 2182/1860/148 2154/1856/148
f 2184/1863/260 2183/1864/261 2182/1860/260
f 2679/2180/135 2184/1863/260 2182/1860/260
f 2679/2180/136 2184/1863/136 2186/1865/136
f 2678/2178/155 2186/1865/155 2679/2180/155
f 2678/2178/202 2186/1865/219 2188/1867/213
f 2680/2185/199 2188/1867/216 2678/2178/216
f 2680/2185/170 2188/1867/213 2191/1870/146
f 2680/2185/170 2191/1870/146 2681/2182/140
f 2681/2182/140 2191/1870/146 2192/1871/150
f 2682/2189/134 2192/1871/143 2681/2182/135
f 2194/1873/221 2192/1871/143 2682/2189/134
f 2195/1874/134 2194/1873/221 2682/2189/134
f 2683/2191/187 2195/1874/134 2682/2189/134
f 2683/2191/148 2195/1874/148 2196/1875/148
f 2684/2193/143 2196/1875/173 2683/2191/173
f 2197/1876/164 2196/1875/173 2684/2193/143
f 2684/2193/136 2197/1876/213 2685/2192/136
f 1867/2282/136 2685/2192/136 2199/1878/136
f 1868/2190/143 1867/2282/189 2685/2192/239
f 2197/1876/135 2685/2192/143 2199/1878/135
f 2198/1877/135 2197/1876/135 2199/1878/135
usemtl Marc_Shirt2
f 1830/2283/146 1831/2284/148 1828/2285/146
f 1832/2286/262 1831/2284/148 1830/2283/146
f 1832/2286/262 1833/2287/145 1831/2284/148
f 1834/2288/148 1833/2287/145 1832/2286/262
f 1834/2288/148 1835/2289/141 1833/2287/145
f 1837/2290/229 1835/2289/140 1836/2291/136
f 1837/2290/229 1838/2292/147 1835/2289/140
f 1837/2290/229 1839/2293/202 1838/2292/147
f 1840/2294/165 1839/2293/202 1837/2290/229
f 1841/2295/146 1842/2296/263 1839/2293/146
f 1843/2297/158 1841/2295/158 1842/2296/158
f 1847/2298/202 1845/2299/264 1848/2300/146
f 1846/2301/158 1847/2298/155 1845/2299/206
f 1848/2300/146 1845/2299/264 2688/2302/141
f 1840/2294/139 1844/2303/175 1841/2295/136
f 1840/2294/255 1839/2293/255 1841/2295/255
f 1834/2288/187 1835/2289/187 1836/2291/187
f 2241/2304/148 1828/2285/146 1831/2284/148
f 2689/2305/163 2241/2304/163 1828/2285/163
f 2689/2305/265 2241/2304/148 2690/2306/147
f 2690/2306/147 2241/2304/148 2240/2307/145
f 2691/2308/143 2240/2307/143 2690/2306/143
f 2691/2308/266 2240/2307/145 2692/2309/136
f 2239/2310/169 2692/2309/136 2240/2307/145
f 2693/2311/156 2239/2310/133 2692/2309/132
f 2694/2312/134 2239/2310/133 2693/2311/156
f 2238/2313/148 2697/2314/192 2696/2315/146
f 2700/2316/148 2695/2317/146 2699/2318/165
f 2702/2319/222 2694/2312/147 2695/2317/146
f 2703/2320/155 2694/2312/134 2693/2311/156
f 2702/2319/164 2694/2312/134 2703/2320/155
f 2701/2321/267 2695/2317/156 2702/2319/155
f 2700/2316/156 2695/2317/156 2701/2321/267
f 2704/2322/155 2699/2318/135 2700/2316/143
f 2705/2323/164 2699/2318/135 2704/2322/155
f 2705/2323/149 2699/2318/146 2706/2324/148
f 2698/2325/239 2238/2313/134 2697/2314/163
f 2707/2326/137 2709/2327/148 2237/2328/145
f 2707/2326/137 2698/2325/136 2709/2327/148
f 2708/2329/268 2698/2325/136 2707/2326/137
f 2708/2329/269 2698/2325/239 2697/2314/163
f 2707/2326/137 2237/2328/145 2710/2330/149
f 2243/2331/155 2237/2328/155 2710/2330/155
f 2710/2330/202 2243/2331/201 2706/2324/148
f 2706/2324/148 2243/2331/201 2705/2323/149
f 2705/2323/149 2243/2331/201 2711/2332/150
f 2711/2332/150 2243/2331/201 2244/2333/201
f 2712/2334/155 2244/2333/156 2711/2332/155
f 2713/2335/133 2244/2333/156 2712/2334/155
f 2714/2336/270 2244/2333/156 2713/2335/133
f 2716/2337/136 2715/2338/236 2245/2339/136
f 2713/2335/148 2715/2338/236 2716/2337/136
f 2713/2335/148 2714/2336/148 2715/2338/236
f 2717/2340/155 2245/2339/155 2716/2337/155
f 2717/2340/140 2245/2339/140 2246/2341/140
f 2718/2342/143 2246/2341/143 2717/2340/143
f 2718/2342/208 2246/2341/208 2247/2343/208
f 2248/2344/164 2247/2343/164 2718/2342/164
f 2718/2342/169 2248/2344/169 2249/2345/169
f 2719/2346/271 2249/2345/271 2718/2342/271
f 2719/2346/201 2249/2345/175 2250/2347/272
f 2719/2346/201 2250/2347/272 2720/2348/150
f 2721/2349/155 2250/2347/132 2720/2348/155
f 2721/2349/137 2250/2347/272 2251/2350/273
f 2722/2351/158 2251/2350/158 2721/2349/158
f 2722/2351/136 2251/2350/136 2252/2352/136
f 2735/2353/246 2734/2354/252 2732/2355/273
f 2737/2356/137 2734/2354/137 2736/2357/137
f 2739/2358/145 2738/2359/204 2737/2356/222
f 2739/2358/145 2740/2360/274 2738/2359/204
f 2743/2361/145 2741/2362/170 2742/2363/201
f 2743/2361/145 2744/2364/154 2741/2362/170
f 2743/2361/145 2745/2365/204 2744/2364/154
f 2746/2366/213 1829/2367/213 2747/2368/213
f 1827/2369/188 1828/2285/143 1830/2283/143
f 2748/2370/254 1827/2369/188 1830/2283/143
f 1829/2367/133 1827/2369/188 2748/2370/254
f 1826/2371/251 1828/2285/275 2689/2305/265
f 2691/2308/266 2692/2309/136 2749/2372/264
f 2749/2372/264 2692/2309/136 2750/2373/276
f 2749/2372/264 2750/2373/276 2752/2374/146
f 2751/2375/162 2750/2373/158 2752/2374/163
f 2740/2360/142 2741/2362/164 2739/2358/177
f 2739/2358/177 2741/2362/164 2742/2363/177
f 2743/2361/143 2745/2365/162 2746/2366/142
f 2745/2365/162 2747/2368/158 2746/2366/142
f 2746/2366/134 1829/2367/133 2748/2370/254
f 2737/2356/156 2739/2358/143 2757/2376/269
f 2734/2354/277 2738/2359/277 2737/2356/277
f 2735/2353/156 2734/2354/156 2736/2357/156
f 2758/2377/158 2732/2355/155 2735/2353/143
f 2731/2378/155 2732/2355/155 2758/2377/158
f 2716/2337/139 2759/2379/246 2727/2380/139
f 2759/2379/246 2716/2337/139 2717/2340/278
f 2726/2381/164 2759/2379/142 2727/2380/155
f 2726/2381/170 2759/2379/170 2760/2382/137
f 2726/2381/170 2760/2382/137 2725/2383/136
f 2724/2384/143 2760/2382/173 2725/2383/143
f 2763/2385/148 2729/2386/140 2728/2387/147
f 2763/2385/148 2730/2388/146 2729/2386/140
f 2730/2388/143 2731/2378/155 2758/2377/158
f 2763/2385/227 2730/2388/143 2758/2377/158
f 2762/2389/155 2728/2387/135 2763/2385/135
f 2761/2390/163 2728/2387/135 2762/2389/155
f 2253/2391/143 2728/2387/135 2761/2390/163
f 2764/2392/212 2253/2391/143 2761/2390/163
f 2764/2392/147 2253/2391/148 2765/2393/145
f 2765/2393/145 2253/2391/148 2766/2394/149
f 2766/2394/149 2253/2391/148 2767/2395/140
f 2767/2395/140 2253/2391/148 2254/2396/145
f 2767/2395/140 2254/2396/145 2768/2397/148
f 2768/2397/148 2254/2396/145 2769/2398/169
f 2776/2399/148 2774/2400/202 2775/2401/148
f 2778/2402/152 2773/2403/170 2774/2400/202
f 2780/2404/145 2779/2405/148 2778/2402/201
f 2780/2404/145 2781/2406/147 2779/2405/148
f 2783/2407/137 2771/2408/208 2782/2409/140
f 2771/2408/208 2783/2407/137 2770/2410/148
f 2780/2404/279 2771/2408/260 2782/2409/186
f 2781/2406/158 2771/2408/260 2780/2404/279
f 2785/2411/148 2773/2403/148 2786/2412/202
f 2772/2413/135 2785/2411/156 2773/2403/261
f 2779/2405/155 2773/2403/132 2786/2412/156
f 2773/2403/132 2779/2405/155 2778/2402/177
f 2777/2414/195 2787/2415/136 2778/2402/201
f 2789/2416/148 2788/2417/146 2787/2415/146
f 2790/2418/136 2788/2417/146 2789/2416/148
f 2790/2418/136 2784/2419/154 2788/2417/146
f 2768/2397/148 2769/2398/169 2791/2420/169
f 2784/2419/178 2769/2398/178 2791/2420/178
f 2790/2418/178 2784/2419/178 2791/2420/178
f 2777/2414/155 2787/2415/133 2789/2416/143
f 2777/2414/177 2774/2400/155 2778/2402/135
f 2776/2399/143 2774/2400/155 2777/2414/177
f 2259/2421/164 2775/2401/164 2776/2399/164
f 2776/2399/148 2259/2421/148 2792/2422/136
f 2792/2422/136 2259/2421/148 2793/2423/140
f 2260/2424/178 2259/2421/187 2793/2423/164
f 2261/2425/134 2260/2424/178 2793/2423/164
f 2794/2426/174 2261/2425/134 2793/2423/164
f 2794/2426/169 2261/2425/169 2795/2427/169
f 2262/2428/143 2261/2425/135 2795/2427/134
f 2263/2429/155 2262/2428/143 2795/2427/134
f 2796/2430/134 2263/2429/155 2795/2427/134
f 2796/2430/169 2263/2429/136 2264/2431/136
f 2796/2430/169 2264/2431/136 2797/2432/136
f 2797/2432/136 2264/2431/136 2798/2433/204
f 2799/2434/135 2264/2431/155 2798/2433/280
f 2801/2435/148 2799/2434/148 2800/2436/148
f 2806/2437/281 2804/2438/135 2805/2439/212
f 2810/2440/145 2808/2441/136 2809/2442/136
f 2808/2441/136 2810/2440/145 2811/2443/203
f 2812/2444/189 2813/2445/178 2814/2446/156
f 2811/2443/135 2813/2445/178 2812/2444/189
f 2813/2445/201 2817/2447/175 2816/2448/175
f 2815/2449/155 2813/2445/178 2817/2447/132
f 2815/2449/155 2814/2446/156 2813/2445/178
f 2814/2446/145 2818/2450/148 2815/2449/136
f 2814/2446/145 2819/2451/146 2818/2450/148
f 2814/2446/145 2820/2452/145 2819/2451/146
f 2814/2446/145 2821/2453/202 2820/2452/145
f 2822/2454/145 2821/2453/202 2814/2446/145
f 2824/2455/276 2823/2456/147 2822/2454/202
f 2824/2455/276 2825/2457/140 2823/2456/147
f 2830/2458/282 2829/2459/137 2828/2460/222
f 2830/2458/282 2831/2461/150 2829/2459/137
f 2832/2462/135 2830/2458/135 2831/2461/135
f 1848/2300/146 2754/2463/202 2840/2464/136
f 2754/2463/135 2688/2302/135 1848/2300/135
f 2753/2465/178 2754/2463/178 2840/2464/178
f 2840/2464/136 2753/2465/136 2839/2466/136
f 2755/2467/156 2753/2465/156 2839/2466/156
f 2839/2466/136 2755/2467/145 2838/2468/148
f 2838/2468/148 2755/2467/145 2756/2469/145
f 2841/2470/164 2756/2469/164 2838/2468/164
f 2848/2471/245 2846/2472/141 2847/2473/136
f 2848/2471/245 2845/2474/141 2846/2472/141
f 2849/2475/145 2844/2476/145 2845/2474/145
f 2843/2477/155 2850/2478/132 2844/2476/196
f 2834/2479/136 2842/2480/146 2851/2481/145
f 2836/2482/148 2842/2480/146 2834/2479/136
f 2836/2482/148 2841/2470/147 2842/2480/146
f 2837/2483/202 2841/2470/147 2836/2482/148
f 2838/2468/202 2841/2470/147 2837/2483/202
f 2852/2484/143 2851/2481/144 2834/2479/164
f 2849/2475/239 2844/2476/196 2850/2478/132
f 2848/2471/279 2845/2474/279 2849/2475/279
f 2765/2393/134 2846/2472/155 2847/2473/178
f 2847/2473/136 2765/2393/145 2766/2394/149
f 2799/2434/143 2802/2485/164 2801/2435/178
f 2802/2485/164 2803/2486/143 2801/2435/178
f 2803/2486/143 2802/2485/164 2816/2448/212
f 2802/2485/164 2817/2447/164 2816/2448/212
f 2801/2435/178 2803/2486/143 2804/2438/135
f 2803/2486/143 2805/2439/212 2804/2438/135
f 2264/2431/155 2799/2434/135 2800/2436/135
f 2266/2487/155 2264/2431/155 2800/2436/135
f 2862/2488/134 2266/2487/155 2800/2436/135
f 2862/2488/151 2266/2487/151 2863/2489/151
f 2864/2490/173 2266/2487/143 2863/2489/283
f 2864/2490/136 2266/2487/136 2865/2491/136
f 2266/2487/143 2865/2491/135 2268/2492/174
f 2866/2493/284 2268/2492/174 2865/2491/135
f 2269/2494/195 2867/2495/148 2866/2493/285
f 2867/2495/148 2865/2491/148 2866/2493/285
f 2868/2496/172 2867/2495/286 2865/2491/287
f 2868/2496/169 2867/2495/147 2869/2497/282
f 2870/2498/236 2872/2499/146 2272/2500/136
f 2870/2498/236 2270/2501/146 2872/2499/146
f 2270/2501/218 2269/2494/227 2867/2495/186
f 2870/2498/133 2270/2501/218 2867/2495/186
f 2270/2501/178 2872/2499/174 2271/2502/177
f 2871/2503/239 2272/2500/239 2870/2498/239
f 2873/2504/146 2869/2497/146 2273/2505/146
f 2868/2496/169 2869/2497/282 2874/2506/145
f 2873/2504/132 2869/2497/132 2874/2506/132
f 2875/2507/156 2273/2505/156 2873/2504/156
f 2875/2507/136 2273/2505/148 2274/2508/136
f 2275/2509/158 2274/2508/134 2875/2507/162
f 2875/2507/137 2275/2509/147 2876/2510/148
f 2876/2510/148 2275/2509/147 2877/2511/140
f 2877/2511/140 2275/2509/147 2276/2512/201
f 2878/2513/288 2276/2512/189 2877/2511/143
f 2879/2514/156 2276/2512/189 2878/2513/288
f 2277/2515/161 2276/2512/189 2879/2514/156
f 2882/2516/148 2884/2517/145 2883/2518/202
f 2884/2517/145 2882/2516/148 2881/2519/245
f 2892/2520/146 2893/2521/146 2865/2491/146
f 2893/2521/162 2865/2491/162 2864/2490/162
f 2864/2490/208 2893/2521/289 2894/2522/148
f 2894/2522/148 2893/2521/289 2891/2523/137
f 2894/2522/148 2891/2523/137 2890/2524/146
f 2888/2525/158 2895/2526/164 2887/2527/155
f 2896/2528/164 2887/2527/155 2895/2526/164
f 2896/2528/136 2887/2527/148 2886/2529/195
f 2884/2517/145 2881/2519/245 2899/2530/145
f 2899/2530/145 2880/2531/169 2278/2532/136
f 2880/2531/290 2881/2519/134 2899/2530/290
f 2900/2533/150 2899/2530/145 2278/2532/136
f 2900/2533/150 2898/2534/175 2899/2530/145
f 2900/2533/150 2901/2535/136 2898/2534/175
f 2902/2536/150 2901/2535/136 2900/2533/150
f 2904/2537/190 2902/2536/212 2903/2538/163
f 2901/2535/142 2903/2538/163 2902/2536/212
f 2901/2535/136 2897/2539/291 2898/2534/175
f 2896/2528/136 2885/2540/195 2901/2535/148
f 2896/2528/136 2886/2529/195 2885/2540/195
f 2897/2539/135 2885/2540/135 2901/2535/135
f 2900/2533/150 2278/2532/136 2279/2541/136
f 2900/2533/150 2279/2541/136 2280/2542/136
f 2281/2543/134 2280/2542/173 2900/2533/143
f 2900/2533/140 2281/2543/148 2908/2544/140
f 2908/2544/140 2281/2543/148 2282/2545/202
f 2283/2546/135 2282/2545/135 2908/2544/178
f 2909/2547/178 2283/2546/135 2908/2544/178
f 2909/2547/147 2283/2546/146 2284/2548/148
f 2909/2547/147 2284/2548/148 2641/2549/165
f 2641/2549/165 2284/2548/148 2640/2550/136
f 2639/2551/135 2284/2548/135 2640/2550/135
f 2639/2551/140 2284/2548/195 2285/2552/195
f 2639/2551/140 2285/2552/195 2638/2553/140
f 2286/2554/134 2285/2552/187 2638/2553/135
f 2638/2553/145 2286/2554/145 2287/2555/145
f 2910/2556/239 2287/2555/155 2638/2553/155
f 2911/2557/155 2287/2555/155 2910/2556/239
f 2911/2557/165 2287/2555/136 2912/2558/165
f 2287/2555/136 2913/2559/145 2912/2558/165
f 2638/2553/155 2637/2560/155 2910/2556/239
f 2644/2561/139 2917/2562/148 2906/2563/146
f 2646/2564/148 2918/2565/140 2645/2566/201
f 2646/2564/148 2919/2567/222 2918/2565/140
f 2920/2568/173 2646/2564/155 2919/2567/292
f 2921/2569/147 2854/2570/293 2922/2571/137
f 2921/2569/147 2853/2572/148 2854/2570/293
f 2833/2573/146 2853/2572/148 2921/2569/147
f 2833/2573/143 2852/2484/143 2834/2479/164
f 2853/2572/134 2852/2484/143 2833/2573/143
f 2922/2571/137 2854/2570/293 2855/2574/198
f 2856/2575/177 2855/2574/143 2922/2571/176
f 2923/2576/164 2856/2575/177 2922/2571/176
f 2924/2577/196 2856/2575/177 2923/2576/164
f 2858/2578/136 2925/2579/213 2857/2580/136
f 2926/2581/173 2858/2578/135 2925/2579/155
f 2859/2582/173 2858/2578/135 2926/2581/173
f 2927/2583/162 2859/2582/173 2926/2581/173
f 2820/2452/172 2859/2582/173 2927/2583/162
f 2820/2452/145 2859/2582/148 2819/2451/146
f 2927/2583/209 2924/2577/196 2923/2576/164
f 2927/2583/195 2924/2577/245 2928/2584/294
f 2926/2581/173 2928/2584/142 2927/2583/162
f 2821/2453/162 2823/2456/162 2822/2454/162
f 2824/2455/178 2825/2457/190 2826/2585/186
f 2825/2457/190 2827/2586/162 2826/2585/186
f 2826/2585/186 2827/2586/162 2828/2460/158
f 2827/2586/162 2829/2459/295 2828/2460/158
f 2810/2440/189 2811/2443/135 2812/2444/189
f 2929/2587/212 2810/2440/189 2812/2444/189
f 2930/2588/142 2810/2440/189 2929/2587/212
f 2807/2589/296 2808/2441/188 2809/2442/239
f 2931/2590/193 2807/2589/296 2809/2442/239
f 2861/2591/297 2807/2589/296 2931/2590/193
f 2931/2590/145 2861/2591/151 2932/2592/140
f 2862/2488/134 2933/2593/143 2863/2489/283
f 2935/2594/258 2863/2489/283 2933/2593/143
f 2938/2595/143 2939/2596/135 2937/2597/143
f 2889/2598/144 2937/2597/143 2939/2596/135
f 2940/2599/155 2889/2598/144 2939/2596/135
f 2940/2599/222 2889/2598/264 2907/2600/264
f 2917/2562/143 2907/2600/143 2940/2599/143
f 2917/2562/148 2907/2600/146 2906/2563/146
f 2644/2561/135 2917/2562/258 2645/2566/135
f 2917/2562/258 2918/2565/143 2645/2566/135
f 2642/2601/196 2915/2602/172 2644/2561/135
f 2914/2603/143 2915/2602/172 2642/2601/196
f 2905/2604/158 2906/2563/196 2644/2561/135
f 2916/2605/173 2905/2604/158 2644/2561/135
f 2641/2549/165 2914/2603/146 2909/2547/147
f 2641/2549/134 2914/2603/143 2642/2601/196
f 2915/2602/172 2916/2605/173 2644/2561/135
f 2934/2606/135 2935/2594/258 2933/2593/143
f 2936/2607/298 2935/2594/258 2934/2606/135
f 2941/2608/155 2818/2450/156 2815/2449/155
f 2860/2609/134 2818/2450/156 2941/2608/155
f 2637/2560/169 2291/2610/201 2636/2611/236
f 2291/2610/155 2910/2556/239 2637/2560/155
f 2635/2612/178 2291/2610/133 2636/2611/133
f 2635/2612/147 2291/2610/240 2634/2613/146
f 2634/2613/146 2291/2610/240 2942/2614/240
f 2942/2614/240 2291/2610/240 2292/2615/202
f 2942/2614/240 2292/2615/202 2293/2616/202
f 2944/2617/148 2942/2614/148 2943/2618/148
f 2634/2613/202 2944/2617/169 2295/2619/154
f 2295/2619/154 2944/2617/169 2294/2620/246
f 2942/2614/173 2634/2613/173 2944/2617/173
f 2289/2621/178 2287/2555/144 2913/2559/172
f 2290/2622/162 2289/2621/178 2913/2559/172
f 2721/2349/155 2720/2348/155 2723/2623/164
f 2704/2322/148 2733/2624/148 2700/2316/148
f 2702/2319/136 2945/2625/145 2703/2320/136
f 2946/2626/189 2702/2319/155 2945/2625/155
usemtl Marc_Hair
f 2340/1947/146 2339/1946/148 2341/2151/195
f 2337/1944/155 2340/1947/135 2339/1946/157
f 2341/2151/195 2336/1943/148 2340/1947/146
f 2342/2150/146 2335/1942/145 2336/1943/138
f 2333/1940/143 2320/1938/144 2335/1942/135
f 2342/2150/135 2335/1942/135 2320/1938/144
f 2341/2151/134 2336/1943/134 2342/2150/134
f 2343/1951/195 2341/2151/195 2339/1946/148
f 2344/1950/299 2341/2151/195 2343/1951/195
f 2345/1949/135 2344/1950/135 2341/2151/135
f 2347/2627/143 2339/1946/143 2343/1951/143
f 2343/1951/147 2347/2627/148 2348/2628/146
f 2343/1951/147 2348/2628/146 2349/2629/136
f 2350/1995/134 2349/2629/135 2343/1951/135
f 2352/2630/156 2349/2629/135 2351/2631/143
f 2350/1995/134 2351/2631/143 2349/2629/135
f 2353/1996/155 2351/2631/143 2350/1995/134
f 2353/1996/146 2351/2631/146 2354/2632/146
f 2355/1993/180 2354/2632/164 2353/1996/143
f 2355/1993/145 2354/2632/148 2356/1991/153
f 2356/1991/153 2354/2632/148 2357/2001/136
f 2358/2633/148 2357/2001/136 2354/2632/148
f 2359/2003/178 2358/2633/133 2357/2001/155
f 2360/2004/200 2358/2633/133 2359/2003/178
f 2360/2004/146 2358/2633/149 2361/2009/136
f 2362/2634/149 2361/2009/136 2358/2633/149
f 2363/2012/300 2362/2634/134 2361/2009/164
f 2364/2011/163 2362/2634/134 2363/2012/300
f 2365/2013/254 2362/2634/134 2364/2011/163
f 2365/2013/148 2362/2634/148 2366/2017/148
f 2367/2024/156 2362/2634/156 2366/2017/156
f 2367/2024/238 2362/2634/136 2368/2023/204
f 2368/2023/204 2362/2634/136 2369/2635/136
f 2368/2023/204 2369/2635/136 2370/1971/145
f 2369/2635/164 2370/1971/158 2371/2636/173
f 2372/1969/184 2371/2636/173 2370/1971/158
f 2373/1968/158 2371/2636/173 2372/1969/184
f 2374/1966/277 2371/2636/173 2373/1968/158
f 2375/2637/156 2371/2636/173 2374/1966/277
f 2374/1966/301 2375/2637/246 2376/1962/202
f 2376/1962/202 2375/2637/246 2377/1953/137
f 2377/1953/137 2375/2637/246 2378/1954/146
f 2396/2026/143 2370/1971/135 2368/2023/164
f 2395/1970/155 2370/1971/135 2396/2026/143
f 2396/2026/147 2395/1970/165 2397/2027/299
f 2397/2027/299 2395/1970/165 2394/1967/195
f 2403/1981/142 2405/1983/173 2406/2638/180
f 2407/2639/209 2406/2638/180 2405/1983/173
f 2408/2060/163 2407/2639/209 2405/1983/173
f 2409/2640/156 2407/2639/209 2408/2060/163
f 2408/2060/208 2409/2640/201 2410/2641/136
f 2413/2642/139 2412/2064/152 2411/2643/139
f 2414/2066/261 2413/2642/156 2412/2064/193
f 2415/2644/302 2413/2642/156 2414/2066/261
f 2418/2645/177 2417/2646/177 2416/2647/155
f 2413/2642/156 2416/2647/155 2417/2646/177
f 2415/2644/302 2416/2647/155 2413/2642/156
f 2420/2648/303 2416/2647/155 2415/2644/302
f 2420/2648/149 2416/2647/262 2414/2066/304
f 2414/2066/304 2416/2647/262 2421/2072/149
f 2421/2072/149 2416/2647/262 2422/2649/202
f 2423/2650/227 2416/2647/227 2422/2649/227
f 2421/2072/149 2422/2649/202 2424/2651/148
f 2421/2072/149 2424/2651/148 2425/2079/148
f 2424/2651/148 2426/2652/169 2425/2079/148
f 2427/2653/135 2424/2651/135 2426/2652/135
f 2425/2079/148 2426/2652/169 2428/2081/146
f 2429/2654/135 2426/2652/135 2428/2081/135
f 2429/2654/146 2430/2655/305 2428/2081/147
f 2430/2655/305 2429/2654/146 2431/2656/148
f 2432/2083/132 2430/2655/156 2428/2081/212
f 2433/2657/156 2430/2655/156 2432/2083/132
f 2434/2086/177 2433/2657/156 2432/2083/132
f 2435/2658/212 2433/2657/156 2434/2086/177
f 2434/2086/146 2435/2658/148 2436/2087/136
f 2437/2659/135 2435/2658/135 2436/2087/135
f 2436/2087/136 2437/2659/148 2438/2090/146
f 2438/2090/146 2437/2659/148 2439/2660/146
f 2438/2090/146 2439/2660/146 2440/2092/140
f 2441/2093/134 2439/2660/134 2440/2092/134
f 2441/2093/202 2439/2660/202 2442/2661/202
f 2443/2662/186 2442/2661/186 2441/2093/186
f 2441/2093/147 2443/2662/145 2444/2094/148
f 2444/2094/148 2443/2662/145 2445/2096/137
f 2445/2096/137 2443/2662/145 2446/2097/140
f 2446/2097/140 2443/2662/145 2447/2663/136
f 2448/2099/135 2447/2663/135 2446/2097/143
f 2449/2100/306 2447/2663/135 2448/2099/135
f 2450/2664/136 2449/2100/136 2447/2663/136
f 2452/2665/148 2454/2091/140 2453/2095/140
f 2455/2666/148 2454/2091/140 2452/2665/148
f 2457/2667/136 2458/2088/136 2456/2089/136
f 2460/2668/146 2458/2088/146 2459/2669/146
f 2460/2668/146 2461/2085/146 2458/2088/146
f 2462/2670/147 2463/2084/148 2461/2085/148
f 2462/2670/147 2464/2082/140 2463/2084/148
f 2465/2671/140 2464/2082/140 2462/2670/147
f 2467/2672/146 2466/2080/146 2465/2671/146
f 2470/2673/154 2468/2078/146 2469/2674/154
f 2471/2675/146 2468/2078/146 2470/2673/154
f 2472/2676/148 2473/2077/148 2468/2078/148
f 2475/2677/136 2477/2145/249 2476/2678/210
f 2475/2677/136 2478/2143/248 2477/2145/249
f 2479/2679/240 2480/2141/146 2478/2143/248
f 2479/2679/240 2481/2139/145 2480/2141/146
f 2479/2679/240 2482/2680/146 2481/2139/145
f 2484/2681/158 2479/2679/239 2483/2682/156
f 2482/2680/307 2483/2682/156 2479/2679/239
f 2482/2680/146 2485/2126/154 2481/2139/145
f 2482/2680/146 2486/2129/148 2485/2126/154
f 2487/2683/170 2486/2129/148 2482/2680/146
f 2488/2684/195 2486/2129/148 2487/2683/170
f 2488/2684/195 2489/2130/145 2486/2129/148
f 2491/2685/145 2492/2132/136 2490/2133/136
f 2495/2686/308 2496/2136/247 2494/2134/246
f 2495/2686/308 2497/2137/183 2496/2136/247
f 2498/2687/202 2497/2137/183 2495/2686/308
f 2498/2687/202 2499/1986/166 2497/2137/183
f 2501/2688/147 2500/1984/141 2498/2687/152
f 2500/1984/141 2501/2688/147 2502/1987/148
f 2499/1986/135 2500/1984/135 2498/2687/135
f 2505/1989/155 2501/2688/239 2502/1987/159
f 2501/2688/192 2504/1988/238 2505/1989/238
f 2501/2688/192 2506/1998/167 2504/1988/238
f 2509/2689/148 2506/1998/148 2508/2690/148
f 2511/1992/231 2509/2689/135 2510/1997/230
f 2506/1998/158 2510/1997/230 2509/2689/135
f 2506/1998/158 2357/2001/155 2356/1991/155
f 2506/1998/274 2357/2001/140 2514/2000/232
f 2515/1999/152 2357/2001/140 2359/2003/146
f 2360/2004/146 2361/2009/136 2518/2006/147
f 2519/2008/142 2361/2009/142 2518/2006/142
f 2363/2012/300 2361/2009/164 2520/2007/156
f 2529/2022/237 2366/2017/201 2367/2024/238
f 2534/2030/240 2536/2031/150 2531/2028/145
f 2536/2031/150 2534/2030/240 2537/2048/170
f 2537/2048/170 2530/2025/136 2536/2031/150
f 2539/2038/136 2530/2025/169 2538/2047/148
f 2539/2038/136 2528/2021/175 2530/2025/169
f 2541/2037/241 2528/2021/149 2540/2035/175
f 2527/2020/133 2541/2037/306 2528/2021/134
f 2516/2002/156 2514/2000/156 2506/1998/173
f 2517/2005/162 2516/2002/156 2506/1998/173
f 2542/2032/173 2517/2005/162 2506/1998/173
f 2518/2006/146 2521/2010/146 2543/2033/148
f 2518/2006/146 2519/2008/146 2521/2010/146
f 2522/2014/164 2521/2010/212 2543/2033/177
f 2544/2034/135 2522/2014/164 2543/2033/177
f 2544/2034/136 2522/2014/146 2523/2015/236
f 2544/2034/136 2523/2015/236 2524/2016/136
f 2526/2019/172 2524/2016/172 2544/2034/135
f 2526/2019/148 2524/2016/146 2525/2018/146
f 2527/2020/133 2542/2032/173 2541/2037/306
f 2541/2037/306 2542/2032/173 2506/1998/173
f 2506/1998/240 2541/2037/241 2545/2036/240
f 2539/2038/193 2528/2021/193 2540/2035/193
f 2537/2048/155 2530/2025/143 2538/2047/143
f 2537/2048/170 2534/2030/240 2546/2050/148
f 2546/2050/148 2534/2030/240 2547/2146/153
f 2533/2149/202 2535/2039/202 2532/2029/202
f 2548/2147/164 2533/2149/155 2535/2039/164
f 2397/2027/299 2394/1967/195 2533/2149/201
f 2548/2147/164 2394/1967/155 2533/2149/155
f 2548/2147/149 2394/1967/149 2549/2148/202
f 2547/2146/133 2394/1967/178 2549/2148/156
f 2394/1967/178 2547/2146/133 2546/2050/135
f 2393/1965/178 2394/1967/178 2546/2050/135
f 2392/1963/143 2393/1965/178 2546/2050/135
f 2550/2051/143 2392/1963/143 2546/2050/135
f 2550/2051/147 2392/1963/201 2551/2052/147
f 2551/2052/147 2392/1963/201 2552/2053/136
f 2552/2053/136 2392/1963/201 2391/1964/175
f 2553/2054/143 2391/1964/143 2552/2053/135
f 2553/2054/145 2391/1964/145 2554/2045/145
f 2390/1972/173 2391/1964/226 2554/2045/173
f 2554/2045/146 2390/1972/147 2389/1973/146
f 2554/2045/146 2389/1973/146 2555/2044/146
f 2555/2044/146 2389/1973/146 2556/2041/148
f 2388/1974/150 2556/2041/148 2389/1973/146
f 2387/1975/158 2388/1974/133 2556/2041/184
f 2557/2040/309 2556/2041/309 2555/2044/309
f 2555/2044/148 2557/2040/148 2558/2042/148
f 2561/2046/135 2545/2036/134 2506/1998/135
f 2504/1988/164 2561/2046/135 2506/1998/135
f 2560/2049/135 2561/2046/135 2504/1988/164
f 2559/2043/135 2560/2049/135 2504/1988/164
f 2503/1985/142 2559/2043/135 2504/1988/164
f 2562/2135/143 2559/2043/135 2503/1985/142
f 2386/1961/143 2559/2043/135 2562/2135/143
f 2563/2131/135 2386/1961/143 2562/2135/143
f 2385/1959/135 2386/1961/143 2563/2131/135
f 2384/1960/135 2385/1959/135 2563/2131/135
f 2564/2127/132 2384/1960/135 2563/2131/135
f 2565/2104/177 2384/1960/135 2564/2127/132
f 2449/2100/135 2451/2098/162 2450/2664/135
f 2450/2664/135 2451/2098/162 2452/2665/135
f 2451/2098/162 2453/2095/155 2452/2665/135
f 2454/2091/143 2456/2089/143 2455/2666/143
f 2455/2666/143 2456/2089/143 2457/2667/143
f 2457/2667/155 2458/2088/155 2459/2669/155
f 2460/2668/200 2461/2085/200 2462/2670/200
f 2464/2082/143 2466/2080/155 2465/2671/143
f 2466/2080/155 2468/2078/134 2467/2672/164
f 2467/2672/164 2468/2078/134 2469/2674/143
f 2471/2675/156 2468/2078/156 2472/2676/156
f 2472/2676/155 2473/2077/155 2474/2691/187
f 2474/2691/187 2473/2077/155 2475/2677/134
f 2473/2077/155 2476/2678/135 2475/2677/134
f 2585/2123/162 2476/2678/135 2473/2077/155
f 2586/2138/157 2565/2104/177 2564/2127/132
f 2610/2140/149 2586/2138/136 2611/2142/250
f 2609/2128/135 2610/2140/155 2586/2138/157
f 2489/2130/134 2490/2133/134 2488/2684/162
f 2488/2684/162 2490/2133/134 2491/2685/158
f 2491/2685/143 2492/2132/163 2493/2692/143
f 2492/2132/163 2494/2134/164 2493/2692/143
f 2493/2692/143 2494/2134/164 2495/2686/143
f 2611/2142/250 2586/2138/136 2612/2144/175
f 2612/2144/175 2586/2138/136 2476/2678/210
f 2612/2144/175 2476/2678/210 2477/2145/249
f 2475/2677/144 2478/2143/144 2479/2679/144
f 2474/2691/146 2613/2693/146 2475/2677/146
f 2471/2675/165 2614/2694/289 2472/2676/192
f 2615/2695/148 2614/2694/289 2471/2675/165
f 2615/2695/148 2616/2696/146 2614/2694/289
f 2616/2696/146 2615/2695/148 2617/2697/148
f 2469/2674/154 2618/2698/148 2470/2673/154
f 2618/2698/148 2469/2674/154 2619/2699/202
f 2460/2668/310 2620/2700/310 2459/2669/310
f 2621/2701/143 2447/2663/143 2450/2664/143
f 2450/2664/148 2621/2701/148 2622/2702/148
f 2623/2703/135 2622/2702/135 2450/2664/155
f 2624/2704/155 2623/2703/135 2450/2664/155
f 2624/2704/136 2623/2703/140 2625/2705/147
f 2624/2704/136 2625/2705/147 2626/2706/195
f 2627/2707/144 2626/2706/134 2624/2704/144
f 2628/2708/133 2626/2706/134 2627/2707/144
f 2629/2709/178 2628/2708/133 2627/2707/144
f 2630/2710/142 2628/2708/133 2629/2709/178
f 2501/2688/159 2506/1998/189 2507/2711/239
f 2507/2711/239 2506/1998/189 2508/2690/176
f 2420/2648/303 2415/2644/302 2414/2066/261
usemtl FrontColor
f 2107/2203/147 2103/2204/146 2111/2206/148
f 2112/2205/146 2101/2207/146 2131/2209/146
f 2131/2209/140 2099/2208/147 2130/2712/140
f 2130/2712/140 2099/2208/147 2126/2211/147
f 2123/2218/165 2138/2214/147 2139/2217/140
f 2126/2211/165 2138/2214/147 2123/2218/165
f 3045/2222/148 3044/2236/311 3042/2713/145
f 3045/2222/148 3046/2224/240 3044/2236/311
f 3053/2226/136 3050/2227/213 3051/2264/165
f 3049/2228/147 3062/2229/147 3063/2231/146
f 3079/2273/195 3063/2231/146 3080/2232/145
f 3078/2233/195 3064/2230/136 3077/2235/136
f 3045/2222/148 3042/2713/145 3041/2714/312
f 3045/2222/148 3041/2714/312 3038/2715/146
usemtl Marc_Shoes4
f 2411/2643/146 2408/2060/208 2410/2641/136
f 2412/2064/156 2411/2643/239 2408/2060/156
f 2411/2643/146 2419/2716/202 2418/2645/170
f 2419/2716/202 2411/2643/146 2410/2641/136
f 2417/2646/177 2418/2645/177 2411/2643/261
f 2411/2643/139 2417/2646/140 2413/2642/139
f 2586/2138/136 2585/2123/246 2476/2678/210
f 2587/2124/143 2586/2138/143 2585/2123/143
f 2565/2104/169 2587/2124/169 2586/2138/169
f 2590/2117/202 2591/2101/229 2592/2103/202
f 2588/2122/144 2590/2117/134 2589/2125/178
f 2589/2125/178 2590/2117/134 2591/2101/134
f 2565/2104/135 2588/2122/144 2589/2125/178
f 2587/2124/135 2588/2122/144 2565/2104/135
usemtl Marc_Shirt
f 1828/2285/143 1827/2369/188 1826/2371/313
f 1841/2295/136 1844/2303/175 1843/2297/146
f 1845/2299/169 1843/2297/146 1844/2303/175
f 1843/2297/146 1845/2299/169 1846/2301/145
f 1851/2717/136 1852/2718/136 1850/2719/136
f 1853/2720/148 1854/2721/148 1852/2718/148
f 1858/2722/148 1859/2723/148 1856/2724/148
f 1858/2722/148 1860/2725/140 1859/2723/148
f 1858/2722/148 1861/2726/146 1860/2725/140
f 1865/2173/136 1863/2727/136 1864/2170/136
f 1865/2173/147 1867/2282/147 1866/2728/147
f 1865/2173/145 1870/2195/245 1869/2183/146
f 1865/2173/145 1871/2194/148 1870/2195/245
f 1872/2175/145 1874/2187/147 1873/2184/147
f 1872/2175/145 1875/2177/145 1874/2187/147
f 1877/1843/164 1876/2176/212 1875/2177/143
f 2158/1859/146 2160/1746/147 2159/1727/147
f 2161/1747/155 2158/1859/133 2160/1746/134
f 2179/1748/143 2158/1859/133 2161/1747/155
f 2180/1749/135 2158/1859/133 2179/1748/143
f 1885/2196/134 2158/1859/133 2180/1749/135
f 1885/2196/140 2158/1859/140 1884/1848/140
f 1882/1846/143 2158/1859/164 1884/1848/143
f 2181/1861/164 2158/1859/164 1882/1846/143
f 2236/2729/148 2231/1910/148 2232/1911/146
f 2236/2729/148 2230/1909/202 2231/1910/148
f 2227/1906/135 2236/2729/156 2228/1907/155
f 2237/2328/314 2227/1906/148 2236/2729/154
f 2239/2310/169 2227/1906/148 2238/2313/148
f 2240/2307/145 2227/1906/148 2239/2310/169
f 2241/2304/148 2227/1906/148 2240/2307/145
f 1831/2284/148 2227/1906/148 2241/2304/148
f 1833/2287/148 2225/1904/148 2227/1906/148
f 1838/2292/147 2225/1904/148 1835/2289/140
f 1842/2296/263 2225/1904/136 1839/2293/146
f 1843/2297/315 2225/1904/136 1842/2296/263
f 2242/2730/148 1843/2297/146 1846/2301/145
f 2225/1904/135 2242/2730/135 1843/2297/135
f 1838/2292/155 2225/1904/155 1839/2293/155
f 1833/2287/133 2225/1904/133 1835/2289/133
f 1831/2284/216 2227/1906/216 1833/2287/216
f 2237/2328/162 2227/1906/135 2238/2313/134
f 2237/2328/314 2236/2729/154 2243/2331/148
f 2244/2333/176 2236/2729/176 2243/2331/176
f 2244/2333/202 2236/2729/202 2245/2339/202
f 2246/2341/156 2236/2729/135 2245/2339/234
f 2247/2343/316 2236/2729/135 2246/2341/156
f 2247/2343/149 2236/2729/149 2248/2344/149
f 2249/2345/317 2236/2729/317 2248/2344/317
f 2249/2345/175 2236/2729/246 2250/2347/272
f 2250/2347/272 2236/2729/246 2251/2350/273
f 2252/2352/188 2236/2729/163 2251/2350/163
f 2253/2391/155 2236/2729/163 2252/2352/188
f 2253/2391/148 2236/2729/148 2254/2396/145
f 2255/2731/135 2236/2729/135 2254/2396/135
f 2235/1914/173 2234/1913/173 2236/2729/135
f 2234/1913/173 2232/1911/135 2236/2729/135
f 2230/1909/156 2228/1907/155 2236/2729/156
f 2255/2731/135 2235/1914/173 2236/2729/135
f 2235/1914/173 2255/2731/135 2256/2732/135
f 2257/2733/135 2256/2732/135 2255/2731/135
f 2258/2734/135 2257/2733/135 2255/2731/135
f 2255/2731/136 2258/2734/148 2259/2421/147
f 2259/2421/147 2258/2734/148 2260/2424/140
f 2260/2424/140 2258/2734/148 2261/2425/147
f 2262/2428/143 2258/2734/135 2261/2425/135
f 2262/2428/146 2258/2734/146 2263/2429/146
f 2264/2431/143 2258/2734/143 2263/2429/143
f 2264/2431/146 2258/2734/146 2265/2735/146
f 2266/2487/155 2265/2735/155 2264/2431/155
f 2266/2487/148 2265/2735/148 2267/2736/148
f 2268/2492/174 2267/2736/174 2266/2487/143
f 2269/2494/143 2267/2736/174 2268/2492/174
f 2269/2494/136 2267/2736/148 2270/2501/146
f 2270/2501/146 2267/2736/148 2271/2502/146
f 2271/2502/146 2267/2736/148 2272/2500/299
f 2273/2505/134 2267/2736/134 2272/2500/134
f 2273/2505/148 2267/2736/148 2274/2508/136
f 2275/2509/158 2267/2736/243 2274/2508/134
f 2275/2509/147 2267/2736/145 2276/2512/201
f 2276/2512/201 2267/2736/145 2277/2515/299
f 2277/2515/299 2267/2736/145 2278/2532/150
f 2279/2541/143 2267/2736/155 2278/2532/155
f 2280/2542/173 2267/2736/155 2279/2541/143
f 2281/2543/134 2267/2736/155 2280/2542/173
f 2282/2545/135 2267/2736/155 2281/2543/134
f 2282/2545/148 2267/2736/148 2283/2546/148
f 2284/2548/135 2267/2736/135 2283/2546/135
f 2284/2548/195 2267/2736/195 2285/2552/195
f 2286/2554/134 2267/2736/187 2285/2552/187
f 2286/2554/145 2267/2736/145 2287/2555/145
f 2288/2737/135 2267/2736/135 2287/2555/135
f 2287/2555/318 2288/2737/318 2289/2621/318
f 2290/2622/162 2288/2737/155 2289/2621/178
f 2290/2622/148 2288/2737/148 2291/2610/148
f 2292/2615/174 2288/2737/174 2291/2610/174
f 2292/2615/202 2288/2737/147 2293/2616/202
f 2294/2620/155 2288/2737/155 2293/2616/155
f 2294/2620/246 2288/2737/146 2295/2619/154
f 2296/2738/143 2288/2737/135 2295/2619/135
f 2296/2738/148 2288/2737/148 2297/2739/148
f 2297/2739/148 2288/2737/148 2298/2740/148
f 2299/2741/134 2298/2740/134 2297/2739/134
f 2299/2741/146 2298/2740/146 2300/1933/146
f 2300/1933/146 2298/2740/146 2301/2742/146
f 2302/1931/135 2301/2742/143 2300/1933/163
f 2302/1931/148 2301/2742/148 2303/1929/148
f 2304/1926/143 2301/2742/164 2303/1929/164
f 2305/1927/155 2301/2742/164 2304/1926/143
f 2306/2743/143 2301/2742/164 2305/1927/155
f 2307/1935/155 2306/2743/143 2305/1927/155
f 2308/1937/155 2306/2743/143 2307/1935/155
f 2309/2744/134 2306/2743/143 2308/1937/155
f 2308/1937/140 2309/2744/140 2310/1924/140
f 2311/1921/199 2309/2744/199 2310/1924/199
f 2311/1921/146 2309/2744/139 2312/2745/139
f 2311/1921/146 2312/2745/139 2313/1920/147
f 2314/2746/163 2312/2745/164 2313/1920/226
f 2315/1916/159 2314/2746/163 2313/1920/226
f 2316/1917/133 2314/2746/163 2315/1916/159
f 2317/1939/178 2314/2746/163 2316/1917/133
f 2317/1939/136 2314/2746/136 2318/2747/136
f 2319/2748/162 2318/2747/162 2317/1939/162
f 2299/2741/136 2331/1930/136 2332/2749/136
f 2330/1932/173 2331/1930/206 2332/2749/144
f 2631/2750/192 2323/1919/192 2322/1918/192
f 2632/2751/278 2325/1923/224 2324/1922/202
f 2632/2751/278 2326/1936/136 2325/1923/224
f 2332/2749/147 2328/1928/147 2327/1925/147
f 2329/1934/132 2330/1932/173 2332/2749/144
f 2328/1928/164 2329/1934/132 2332/2749/144
f 2632/2751/135 2327/1925/164 2332/2749/135
f 2326/1936/225 2327/1925/164 2632/2751/135
f 2323/1919/234 2324/1922/158 2632/2751/162
f 2631/2750/132 2323/1919/234 2632/2751/162
f 2300/1933/163 2299/2741/135 2331/1930/135
f 2633/2752/145 2637/2560/169 2636/2611/236
f 2633/2752/145 2638/2553/146 2637/2560/169
f 2633/2752/262 2640/2550/136 2639/2551/148
f 2633/2752/262 2641/2549/165 2640/2550/136
f 2643/2753/146 2642/2601/146 2633/2752/146
f 2643/2753/136 2646/2564/148 2645/2566/201
f 2643/2753/148 2648/2754/148 2647/2755/148
f 2643/2753/202 2650/2154/214 2649/2200/149
f 2650/2154/214 2643/2753/202 2651/2756/149
f 1880/1845/136 2677/2179/169 2676/2188/169
f 1882/1846/145 2181/1861/169 1881/1844/169
f 1880/1845/135 2181/1861/155 1881/1844/135
f 2677/2179/155 2181/1861/155 1880/1845/135
f 1867/2282/189 1868/2190/143 1865/2173/164
f 1868/2190/143 1869/2183/135 1865/2173/164
f 1869/2183/146 1870/2195/245 2686/2181/195
f 1871/2194/186 1873/2184/155 1872/2175/155
f 1875/2177/143 1874/2187/134 1879/1842/178
f 1874/2187/134 2675/2186/178 1879/1842/178
f 1879/1842/178 2675/2186/178 1880/1845/187
f 2675/2186/178 2676/2188/144 1880/1845/187
f 2180/1749/135 1886/1728/196 1885/2196/134
f 1889/1851/165 1905/1541/202 1895/1854/319
f 1905/1541/202 1889/1851/165 2687/2757/148
f 1897/1758/320 1905/1541/320 1895/1854/320
f 1893/1853/253 1895/1854/173 1889/1851/321
f 1889/1851/192 1893/1853/192 1891/2197/192
f 1905/1541/202 2687/2757/148 1904/1543/146
f 1872/2175/143 1875/2177/143 1876/2176/212
f 1865/2173/155 1871/2194/186 1872/2175/155
f 1858/2722/135 1863/2727/155 1864/2170/135
f 1862/2758/164 1863/2727/155 1858/2722/135
f 1861/2726/164 1862/2758/164 1858/2722/135
f 1857/2759/135 1856/2724/135 1858/2722/135
f 1855/2760/135 1856/2724/135 1857/2759/135
f 1854/2721/135 1856/2724/135 1855/2760/135
f 1853/2720/143 1854/2721/135 1855/2760/135
f 1851/2717/155 1852/2718/155 1853/2720/155
f 1849/2761/135 1850/2719/135 1851/2717/135
f 1846/2301/158 1850/2719/135 1849/2761/135
f 1846/2301/145 1850/2719/148 2242/2730/148
f 1847/2298/155 1846/2301/158 1849/2761/135
f 1849/2761/148 1847/2298/202 1848/2300/146
f 1840/2294/196 1844/2303/196 1845/2299/178
f 2694/2312/134 2238/2313/134 2239/2310/133
f 2694/2312/147 2238/2313/148 2695/2317/146
f 2695/2317/146 2238/2313/148 2696/2315/146
f 2696/2315/146 2699/2318/165 2695/2317/146
f 2699/2318/146 2707/2326/137 2706/2324/148
f 2699/2318/146 2708/2329/268 2707/2326/137
f 2697/2314/163 2696/2315/239 2699/2318/142
f 2708/2329/269 2697/2314/163 2699/2318/142
f 2698/2325/239 2237/2328/162 2238/2313/134
f 2709/2327/135 2237/2328/162 2698/2325/239
f 2714/2336/270 2245/2339/228 2244/2333/156
f 2715/2338/228 2245/2339/228 2714/2336/270
f 2253/2391/195 2725/2383/136 2724/2384/148
f 2253/2391/195 2726/2381/170 2725/2383/136
f 2728/2387/148 2727/2380/148 2253/2391/148
f 2728/2387/147 2713/2335/148 2716/2337/136
f 2729/2386/140 2713/2335/148 2728/2387/147
f 2730/2388/137 2711/2332/137 2712/2334/137
f 2731/2378/136 2705/2323/136 2730/2388/136
f 2733/2624/136 2732/2355/273 2734/2354/252
f 1829/2367/133 1826/2371/313 1827/2369/188
f 1826/2371/251 2690/2306/147 1829/2367/201
f 2690/2306/147 1826/2371/251 2689/2305/265
f 2747/2368/226 2690/2306/226 1829/2367/226
f 2747/2368/149 2690/2306/136 2691/2308/150
f 2747/2368/149 2691/2308/150 2745/2365/204
f 2745/2365/204 2691/2308/150 2744/2364/154
f 2741/2362/286 2691/2308/286 2744/2364/286
f 2741/2362/215 2691/2308/266 2749/2372/264
f 2692/2309/132 2750/2373/239 2693/2311/156
f 2703/2320/155 2693/2311/156 2750/2373/239
f 2750/2373/149 2703/2320/149 2751/2375/149
f 2738/2359/150 2752/2374/150 2734/2354/150
f 2740/2360/141 2749/2372/264 2752/2374/146
f 2740/2360/142 2749/2372/258 2741/2362/164
f 2751/2375/162 2752/2374/163 2734/2354/143
f 2738/2359/135 2752/2374/135 2740/2360/135
f 2754/2463/148 1834/2288/148 1832/2286/262
f 2688/2302/148 1834/2288/148 2754/2463/148
f 2688/2302/148 1836/2291/136 1834/2288/148
f 2688/2302/148 1840/2294/165 1836/2291/136
f 2688/2302/178 1840/2294/196 1845/2299/178
f 1836/2291/136 1840/2294/165 1837/2290/229
f 1830/2283/143 1832/2286/155 2754/2463/178
f 2748/2370/254 1830/2283/143 2754/2463/178
f 2753/2465/178 2748/2370/254 2754/2463/178
f 2746/2366/134 2748/2370/254 2753/2465/178
f 2753/2465/148 2746/2366/148 2755/2467/148
f 2743/2361/143 2746/2366/142 2755/2467/143
f 2755/2467/145 2743/2361/145 2742/2363/201
f 2739/2358/177 2742/2363/177 2755/2467/134
f 2755/2467/145 2739/2358/148 2756/2469/145
f 2756/2469/145 2739/2358/148 2757/2376/145
f 2731/2378/155 2704/2322/155 2732/2355/155
f 2705/2323/164 2704/2322/155 2731/2378/155
f 2711/2332/164 2705/2323/164 2730/2388/164
f 2729/2386/133 2712/2334/155 2730/2388/133
f 2713/2335/133 2712/2334/155 2729/2386/133
f 2727/2380/187 2716/2337/187 2728/2387/187
f 2718/2342/322 2759/2379/246 2717/2340/278
f 2760/2382/191 2718/2342/191 2759/2379/191
f 2760/2382/246 2718/2342/246 2719/2346/246
f 2724/2384/143 2719/2346/143 2760/2382/173
f 2719/2346/143 2724/2384/143 2253/2391/155
f 2726/2381/164 2727/2380/155 2253/2391/155
f 2254/2396/299 2255/2731/299 2770/2410/299
f 2771/2408/260 2255/2731/134 2770/2410/244
f 2772/2413/135 2255/2731/134 2771/2408/260
f 2773/2403/261 2255/2731/134 2772/2413/135
f 2773/2403/170 2255/2731/136 2774/2400/202
f 2774/2400/202 2255/2731/136 2775/2401/148
f 2775/2401/148 2255/2731/136 2259/2421/147
f 2769/2398/147 2783/2407/137 2784/2419/147
f 2784/2419/147 2783/2407/137 2782/2409/140
f 2771/2408/260 2781/2406/158 2772/2413/135
f 2785/2411/156 2772/2413/135 2781/2406/158
f 2781/2406/323 2785/2411/148 2786/2412/202
f 2779/2405/155 2786/2412/156 2781/2406/135
f 2787/2415/136 2780/2404/145 2778/2402/201
f 2788/2417/250 2782/2409/250 2780/2404/250
f 2788/2417/155 2782/2409/155 2784/2419/155
f 2787/2415/156 2780/2404/156 2788/2417/156
f 2808/2441/188 2807/2589/296 2806/2437/281
f 2816/2448/175 2811/2443/201 2813/2445/201
f 2808/2441/133 2816/2448/133 2811/2443/133
f 2808/2441/136 2816/2448/202 2805/2439/153
f 2803/2486/143 2816/2448/212 2805/2439/212
f 2648/2754/136 2832/2462/147 2830/2458/147
f 2648/2754/136 2833/2573/145 2832/2462/147
f 2648/2754/136 2834/2479/136 2833/2573/145
f 2835/2762/136 2834/2479/136 2648/2754/136
f 2835/2762/136 2836/2482/148 2834/2479/136
f 1849/2761/148 2838/2468/148 2835/2762/148
f 1849/2761/148 2839/2466/136 2838/2468/148
f 1849/2761/148 2840/2464/136 2839/2466/136
f 1849/2761/148 1848/2300/146 2840/2464/136
f 2737/2356/156 2757/2376/269 2736/2357/132
f 2756/2469/164 2736/2357/132 2757/2376/269
f 2841/2470/164 2736/2357/132 2756/2469/164
f 2841/2470/145 2736/2357/145 2735/2353/145
f 2758/2377/158 2735/2353/143 2841/2470/135
f 2841/2470/147 2758/2377/148 2842/2480/146
f 2842/2480/146 2758/2377/148 2763/2385/148
f 2762/2389/155 2763/2385/135 2842/2480/142
f 2843/2477/163 2762/2389/155 2842/2480/142
f 2843/2477/170 2762/2389/140 2844/2476/147
f 2844/2476/147 2762/2389/140 2761/2390/140
f 2845/2474/143 2761/2390/143 2844/2476/143
f 2845/2474/141 2761/2390/201 2764/2392/148
f 2845/2474/141 2764/2392/148 2846/2472/141
f 2765/2393/134 2764/2392/132 2846/2472/155
f 2851/2481/145 2843/2477/147 2850/2478/147
f 2843/2477/147 2851/2481/145 2842/2480/146
f 2851/2481/145 2849/2475/146 2852/2484/136
f 2851/2481/145 2850/2478/147 2849/2475/146
f 2853/2572/136 2847/2473/136 2766/2394/149
f 2852/2484/136 2848/2471/140 2853/2572/137
f 2852/2484/136 2849/2475/146 2848/2471/140
f 2847/2473/142 2848/2471/142 2853/2572/142
f 2854/2570/143 2766/2394/143 2853/2572/143
f 2854/2570/293 2766/2394/149 2767/2395/140
f 2854/2570/293 2767/2395/140 2768/2397/148
f 2854/2570/293 2768/2397/148 2791/2420/169
f 2854/2570/293 2791/2420/169 2855/2574/198
f 2855/2574/198 2791/2420/169 2856/2575/136
f 2856/2575/136 2791/2420/169 2857/2580/148
f 2790/2418/178 2791/2420/178 2857/2580/178
f 2857/2580/136 2790/2418/136 2858/2578/136
f 2789/2416/143 2790/2418/143 2858/2578/135
f 2859/2582/173 2789/2416/143 2858/2578/135
f 2777/2414/155 2789/2416/143 2859/2582/173
f 2859/2582/148 2777/2414/149 2819/2451/146
f 2776/2399/143 2777/2414/177 2819/2451/216
f 2792/2422/158 2776/2399/143 2819/2451/216
f 2819/2451/146 2792/2422/136 2793/2423/140
f 2819/2451/146 2793/2423/140 2818/2450/148
f 2794/2426/174 2793/2423/164 2818/2450/156
f 2860/2609/134 2794/2426/174 2818/2450/156
f 2795/2427/258 2794/2426/174 2860/2609/134
f 2817/2447/164 2795/2427/258 2860/2609/134
f 2802/2485/164 2795/2427/258 2817/2447/164
f 2802/2485/147 2795/2427/147 2796/2430/147
f 2797/2432/144 2796/2430/144 2802/2485/164
f 2799/2434/143 2797/2432/144 2802/2485/164
f 2799/2434/204 2797/2432/136 2798/2433/204
f 2807/2589/167 2804/2438/274 2801/2435/195
f 2804/2438/135 2806/2437/281 2807/2589/296
f 2807/2589/167 2801/2435/195 2861/2591/238
f 2800/2436/156 2801/2435/158 2861/2591/156
f 2269/2494/195 2866/2493/285 2268/2492/137
f 2869/2497/154 2870/2498/154 2871/2503/154
f 2867/2495/186 2869/2497/173 2870/2498/133
f 2271/2502/177 2872/2499/174 2272/2500/216
f 2273/2505/148 2871/2503/148 2272/2500/148
f 2273/2505/155 2871/2503/155 2869/2497/155
f 2278/2532/150 2879/2514/139 2277/2515/299
f 2880/2531/169 2878/2513/324 2278/2532/136
f 2881/2519/150 2877/2511/150 2878/2513/150
f 2882/2516/148 2876/2510/148 2877/2511/140
f 2876/2510/148 2882/2516/148 2883/2518/202
f 2886/2529/195 2883/2518/202 2885/2540/195
f 2886/2529/195 2876/2510/148 2883/2518/202
f 2886/2529/195 2873/2504/136 2875/2507/136
f 2886/2529/195 2874/2506/147 2873/2504/136
f 2887/2527/148 2874/2506/147 2886/2529/195
f 2888/2525/149 2874/2506/147 2887/2527/148
f 2868/2496/135 2888/2525/135 2874/2506/135
f 2889/2598/264 2868/2496/137 2888/2525/145
f 2890/2524/146 2868/2496/137 2889/2598/264
f 2891/2523/137 2868/2496/137 2890/2524/146
f 2892/2520/137 2868/2496/137 2891/2523/137
f 2865/2491/287 2892/2520/162 2868/2496/172
f 2892/2520/135 2893/2521/135 2891/2523/135
f 2889/2598/264 2888/2525/145 2895/2526/148
f 2876/2510/155 2875/2507/155 2886/2529/155
f 2884/2517/228 2883/2518/325 2885/2540/228
f 2885/2540/152 2884/2517/145 2897/2539/291
f 2897/2539/291 2884/2517/145 2898/2534/175
f 2898/2534/175 2884/2517/145 2899/2530/145
f 2881/2519/313 2877/2511/313 2882/2516/313
f 2880/2531/290 2878/2513/155 2881/2519/134
f 2879/2514/156 2878/2513/288 2278/2532/156
f 2905/2604/224 2904/2537/224 2902/2536/224
f 2906/2563/148 2896/2528/136 2904/2537/145
f 2889/2598/264 2895/2526/148 2907/2600/264
f 2896/2528/164 2895/2526/164 2907/2600/156
f 2906/2563/159 2896/2528/164 2907/2600/156
f 2901/2535/148 2904/2537/145 2896/2528/136
f 2903/2538/163 2901/2535/142 2904/2537/190
f 2911/2557/326 2291/2610/326 2910/2556/326
f 2638/2553/178 2639/2551/178 2633/2752/178
f 2641/2549/134 2642/2601/196 2633/2752/134
f 2647/2755/146 2812/2444/148 2920/2568/146
f 2647/2755/146 2814/2446/148 2812/2444/148
f 2647/2755/145 2828/2460/145 2826/2585/145
f 2832/2462/201 2921/2569/147 2831/2461/150
f 2833/2573/177 2832/2462/177 2921/2569/177
f 2831/2461/150 2921/2569/147 2829/2459/137
f 2829/2459/137 2921/2569/147 2922/2571/137
f 2924/2577/245 2857/2580/136 2925/2579/213
f 2856/2575/177 2924/2577/196 2857/2580/260
f 2821/2453/202 2927/2583/327 2820/2452/145
f 2823/2456/327 2927/2583/327 2821/2453/202
f 2825/2457/140 2923/2576/328 2823/2456/147
f 2829/2459/137 2922/2571/137 2827/2586/151
f 2923/2576/164 2922/2571/176 2827/2586/162
f 2825/2457/190 2923/2576/164 2827/2586/162
f 2927/2583/209 2923/2576/164 2823/2456/180
f 2924/2577/245 2925/2579/213 2928/2584/294
f 2928/2584/294 2925/2579/213 2926/2581/275
f 2828/2460/132 2830/2458/132 2647/2755/135
f 2647/2755/135 2830/2458/132 2648/2754/135
f 2648/2754/143 2649/2200/135 2643/2753/135
f 2656/2156/173 2655/2198/135 1849/2761/173
f 2653/2153/135 2835/2762/143 2655/2198/135
f 2648/2754/143 2835/2762/143 2653/2153/135
f 2836/2482/135 2837/2483/135 2835/2762/135
f 2837/2483/135 2838/2468/135 2835/2762/135
f 2835/2762/143 1849/2761/173 2655/2198/135
f 2652/2201/143 2648/2754/143 2653/2153/135
f 2649/2200/135 2648/2754/143 2652/2201/143
f 2646/2564/155 2647/2755/155 2643/2753/155
f 2646/2564/155 2920/2568/173 2647/2755/155
f 2929/2587/212 2812/2444/189 2920/2568/164
f 2930/2588/140 2809/2442/146 2931/2590/145
f 2810/2440/189 2930/2588/142 2809/2442/190
f 2932/2592/329 2800/2436/156 2861/2591/156
f 2920/2568/141 2932/2592/140 2800/2436/146
f 2920/2568/141 2931/2590/145 2932/2592/140
f 2920/2568/141 2930/2588/140 2931/2590/145
f 2920/2568/141 2929/2587/140 2930/2588/140
f 2862/2488/134 2800/2436/135 2920/2568/173
f 2862/2488/134 2920/2568/173 2933/2593/143
f 2919/2567/292 2933/2593/143 2920/2568/173
f 2934/2606/135 2933/2593/143 2919/2567/292
f 2863/2489/283 2935/2594/258 2864/2490/173
f 2894/2522/320 2864/2490/173 2935/2594/258
f 2936/2607/298 2894/2522/320 2935/2594/258
f 2934/2606/135 2894/2522/320 2936/2607/298
f 2889/2598/264 2934/2606/136 2894/2522/148
f 2938/2595/137 2934/2606/149 2937/2597/148
f 2919/2567/137 2934/2606/149 2938/2595/137
f 2889/2598/144 2934/2606/142 2937/2597/143
f 2889/2598/264 2894/2522/148 2890/2524/146
f 2919/2567/222 2939/2596/141 2918/2565/140
f 2940/2599/155 2939/2596/135 2918/2565/132
f 2918/2565/149 2940/2599/149 2917/2562/149
f 2644/2561/135 2645/2566/135 2643/2753/135
f 2642/2601/196 2644/2561/135 2643/2753/135
f 2915/2602/145 2908/2544/146 2914/2603/146
f 2905/2604/158 2904/2537/172 2906/2563/196
f 2916/2605/173 2902/2536/158 2905/2604/158
f 2900/2533/234 2902/2536/158 2916/2605/173
f 2915/2602/172 2900/2533/234 2916/2605/173
f 2908/2544/162 2900/2533/234 2915/2602/172
f 2914/2603/146 2908/2544/146 2909/2547/147
f 2938/2595/143 2919/2567/135 2939/2596/135
f 2814/2446/142 2822/2454/143 2647/2755/135
f 2822/2454/143 2824/2455/178 2647/2755/135
f 2824/2455/178 2826/2585/186 2647/2755/135
f 2817/2447/148 2941/2608/148 2860/2609/148
f 2815/2449/155 2817/2447/132 2941/2608/155
f 2942/2614/135 2943/2618/164 2293/2616/143
f 2944/2617/169 2293/2616/169 2294/2620/246
f 2944/2617/164 2293/2616/143 2943/2618/164
f 2295/2619/135 2634/2613/135 2633/2752/143
f 2634/2613/135 2635/2612/178 2633/2752/143
f 2635/2612/178 2636/2611/133 2633/2752/143
f 2296/2738/143 2295/2619/135 2633/2752/143
f 2913/2559/242 2911/2557/218 2291/2610/297
f 2912/2558/330 2911/2557/218 2913/2559/242
f 2291/2610/148 2913/2559/137 2290/2622/148
f 2808/2441/136 2805/2439/153 2806/2437/148
f 2770/2410/163 2769/2398/143 2783/2407/239
f 2769/2398/143 2770/2410/163 2254/2396/135
f 2720/2348/155 2719/2346/143 2253/2391/155
f 2723/2623/164 2720/2348/155 2253/2391/155
f 2722/2351/146 2723/2623/146 2721/2349/146
f 2722/2351/143 2723/2623/164 2253/2391/155
f 2252/2352/188 2722/2351/143 2253/2391/155
f 2704/2322/155 2733/2624/135 2732/2355/155
f 2734/2354/145 2701/2321/145 2700/2316/145
f 2734/2354/331 2703/2320/136 2945/2625/145
f 2703/2320/143 2751/2375/162 2734/2354/143
f 2702/2319/155 2946/2626/189 2701/2321/267
f 2945/2625/155 2701/2321/267 2946/2626/189
f 2701/2321/267 2945/2625/155 2734/2354/155
f 2733/2624/156 2700/2316/156 2734/2354/156
f 2710/2330/310 2707/2326/310 2706/2324/310
f 1863/2727/143 1866/2728/143 1865/2173/143
usemtl Marc_Shoes3
f 2116/2763/332 2084/2764/201 2082/2765/150
f 2116/2763/332 2085/2766/201 2084/2764/201
f 2117/2767/151 2085/2766/201 2116/2763/332
f 2117/2767/145 2119/2768/140 2118/2769/145
f 2117/2767/136 2121/2219/136 2120/2220/136
f 2125/2261/147 2123/2218/140 2124/2262/233
f 2127/2259/136 2126/2211/136 2125/2261/136
f 2129/2256/147 2126/2211/147 2128/2258/136
f 2129/2256/147 2130/2712/140 2126/2211/147
f 2130/2712/140 2129/2256/147 2131/2209/140
f 2088/2770/134 2118/2769/133 2117/2767/155
f 2118/2769/145 2119/2768/140 2141/2771/136
f 2119/2768/155 2120/2220/155 2117/2767/155
f 2121/2219/256 2123/2218/255 2122/2263/143
f 2122/2263/143 2123/2218/255 2124/2262/144
f 2123/2218/143 2126/2211/143 2125/2261/143
f 2127/2259/134 2126/2211/143 2128/2258/155
f 2117/2767/155 2121/2219/256 2122/2263/143
f 2087/2772/134 2088/2770/134 2117/2767/155
f 2085/2766/156 2087/2772/134 2117/2767/155
f 3062/2229/257 3064/2230/135 3065/2773/155
f 3066/2774/162 3065/2773/155 3064/2230/135
f 3067/2775/173 3066/2774/162 3064/2230/135
f 3068/2234/212 3067/2775/173 3064/2230/135
f 3068/2234/148 3067/2775/148 3069/2776/148
f 3070/2777/134 3069/2776/143 3068/2234/212
f 3070/2777/149 3069/2776/149 3071/2778/149
f 3035/2779/134 3071/2778/134 3070/2777/134
f 3035/2779/148 3071/2778/148 3072/2780/202
f 3035/2779/148 3072/2780/202 3034/2781/136
f 3034/2781/136 3072/2780/202 3033/2782/145
f 3033/2782/145 3072/2780/202 3032/2783/147
f 3032/2783/147 3072/2780/202 3030/2784/222
f 3030/2784/222 3072/2780/202 3029/2785/247
usemtl Marc_Shoes
f 2079/1715/148 2081/2786/140 2080/1714/139
f 2082/2765/150 2081/2786/140 2079/1715/148
f 2082/2765/150 2083/2787/145 2081/2786/140
f 2084/2764/201 2083/2787/145 2082/2765/150
f 2085/2766/201 2083/2787/145 2084/2764/201
f 2085/2766/201 2086/2788/169 2083/2787/145
f 2087/2772/136 2086/2788/169 2085/2766/201
f 2092/2249/143 2091/2251/143 2090/2789/156
f 2089/2252/143 2090/2789/156 2091/2251/143
f 2086/2788/132 2090/2789/156 2089/2252/143
f 2088/2770/134 2086/2788/132 2089/2252/143
f 2087/2772/134 2086/2788/132 2088/2770/134
f 2080/1714/139 2081/2786/140 2113/2790/146
f 2114/2791/136 2080/1714/139 2113/2790/146
f 2078/1716/134 2114/2791/155 2080/1714/196
f 2078/1716/136 2114/2791/170 2076/1713/136
f 2076/1713/136 2114/2791/170 2115/2792/146
f 2034/1663/173 2115/2792/209 2076/1713/158
f 2033/1665/172 2034/1663/173 2076/1713/158
f 2077/1717/135 2079/1715/156 2082/2765/156
f 2137/2213/136 2136/2212/136 2138/2214/136
f 2135/2210/187 2137/2213/143 2136/2212/135
f 2098/2215/178 2136/2212/135 2138/2214/156
f 2138/2214/147 2098/2215/139 2096/2238/146
f 2138/2214/147 2096/2238/146 2139/2217/140
f 2139/2217/140 2096/2238/146 2094/2240/148
f 2140/2216/143 2094/2240/143 2139/2217/144
f 2120/2220/227 2094/2240/143 2140/2216/143
f 2093/2250/143 2094/2240/143 2120/2220/227
f 2120/2220/146 2093/2250/140 2119/2768/140
f 2119/2768/140 2093/2250/140 2141/2771/136
f 2089/2252/143 2093/2250/143 2141/2771/143
f 2141/2771/136 2089/2252/148 2118/2769/145
f 2088/2770/134 2089/2252/143 2118/2769/133
f 3025/1839/137 3006/1818/136 3024/1838/136
f 3028/2793/136 3027/2794/136 3026/1840/136
f 3028/2793/136 3029/2785/136 3027/2794/136
f 3031/2795/146 3032/2783/147 3030/2784/222
f 3031/2795/146 3033/2782/145 3032/2783/147
f 3031/2795/146 3034/2781/136 3033/2782/145
f 3031/2795/136 3037/2278/136 3036/2281/136
f 3041/2714/312 3040/2275/137 3038/2715/146
f 3042/2713/147 3043/2237/147 3040/2275/147
f 3044/2236/144 3042/2713/199 3043/2237/164
f 3029/2785/142 3030/2784/142 3028/2793/155
f 3028/2793/155 3030/2784/142 3031/2795/155
f 3034/2781/143 3035/2779/134 3031/2795/134
f 3035/2779/134 3036/2281/173 3031/2795/134
f 3076/2274/169 3078/2233/195 3077/2235/136
f 3080/2232/212 3079/2273/135 3078/2233/143
f 3068/2234/212 3077/2235/163 3076/2274/135
f 3076/2274/135 3078/2233/143 3079/2273/135
f 3075/2277/134 3070/2777/134 3076/2274/135
f 3074/2279/164 3070/2777/134 3075/2277/134
f 3035/2779/134 3070/2777/134 3074/2279/164
f 3073/2280/155 3035/2779/134 3074/2279/164
f 3036/2281/173 3035/2779/134 3073/2280/155
f 3031/2795/135 3037/2278/155 3038/2715/135
f 3037/2278/155 3039/2276/155 3038/2715/135
f 3039/2276/155 3040/2275/173 3038/2715/135
f 3041/2714/163 3040/2275/163 3042/2713/163
f 3070/2777/134 3068/2234/212 3076/2274/135
f 3003/1815/155 3027/2794/134 3026/1840/135
f 3004/1816/164 3003/1815/155 3026/1840/135
f 3025/1839/135 3004/1816/164 3026/1840/135
f 3005/1817/134 3004/1816/164 3025/1839/135
f 3006/1818/143 3005/1817/134 3025/1839/135
f 3024/1838/136 3006/1818/136 3007/1819/210
f 3024/1838/136 3007/1819/210 3022/1837/145
f 3022/1837/145 3007/1819/210 3008/1820/148
o Mesh5_Marc1_Model
v 293.868988 9.859117 82.961700
v 294.286011 9.778136 83.006599
v 293.526001 9.937317 82.924896
v 293.290009 9.967816 82.899498
v 293.058990 9.949317 82.874603
v 292.855988 9.993907 82.852798
v 292.799988 10.139586 82.846802
v 292.919006 10.245387 82.859596
v 293.101990 10.216587 82.879303
v 293.311005 10.152487 82.901802
v 293.561005 10.062087 82.928703
v 293.813995 10.081986 82.955803
v 294.179993 10.180387 82.995201
v 294.625000 10.320086 83.042999
v 294.653015 9.766307 83.045998
v 294.968994 9.784516 83.080002
v 295.148987 9.711607 83.099297
